eval,fitness,similarity,pIC50,IC50_nM,nearest_smiles
1,0.606215,0.0801,5.46,3500.0,CO[C@H]1[C@@H](N(C)C(=O)CNC(=O)OC(C)(C)C)C[C@@H]2O
2,0.555556,0.0775,5.00,10000.0,C[C@H](Nc1cc(-c2c(-c3cccc(C(F)(F)F)c3)nc(C3CCNCC3)
3,0.606215,0.0907,5.46,3500.0,CO[C@H]1[C@@H](N(C)C(=O)CNC(=O)OC(C)(C)C)C[C@@H]2O
4,0.461656,0.0806,4.15,70000.0,CO[C@H]1[C@@H](N(C)C(=O)c2cc([N+](=O)[O-])cc([N+](
5,0.593027,0.0724,5.34,4600.0,CO[C@H]1[C@@H](N(C)C(=O)c2cccc(Cl)c2)C[C@@H]2O[C@@
6,0.888889,0.0802,8.00,10.0,CS(=O)(=O)CCNc1nc(-c2ccc3ncnc(Nc4ccc(OCc5cccc(F)c5
7,0.927421,0.0762,8.35,4.5,Cc1cc(C(=O)N2CCOCC2)[nH]c1/C=C1\C(=O)Nc2ncnc(Nc3cc
8,0.593027,0.0791,5.34,4600.0,CO[C@H]1[C@@H](N(C)C(=O)c2cccc(Cl)c2)C[C@@H]2O[C@@
9,0.654006,0.0801,5.89,1300.0,CCCCC(O)CN(C)[C@H]1C[C@@H]2O[C@](C)([C@H]1OC)n1c3c
10,0.995401,0.0761,8.96,1.1,Cc1cc(C(=O)NCCN2CCOCC2)[nH]c1/C=C1\C(=O)Nc2ncnc(Nc
11,0.995401,0.0820,8.96,1.1,Cc1cc(C(=O)NCCN2CCOCC2)[nH]c1/C=C1\C(=O)Nc2ncnc(Nc
12,0.788546,0.0767,7.10,80.0,C=CC(=O)Nc1cc2c(Nc3ccc(F)c(Cl)c3)c(C#N)cnc2cc1OCCC
13,0.565250,0.0849,5.09,8180.0,CO[C@H]1[C@@H](N(C)C(=O)c2cnccn2)C[C@@H]2O[C@@]1(C
14,0.696401,0.0789,6.27,540.0,CS(=O)(=O)CCNc1nc(-c2ccc3ncnc(Nc4ccc(OCc5cccc(C(F)
15,0.552789,0.0792,4.98,10590.0,COc1cc2ncc(C#N)c(Nc3ccc(F)c(Cl)c3)c2cc1NC(=O)/C=C/
16,0.654006,0.0794,5.89,1300.0,CCCCC(O)CN(C)[C@H]1C[C@@H]2O[C@](C)([C@H]1OC)n1c3c
17,0.670169,0.0752,6.03,930.0,COCCN(C)CCN1CCC(n2cc(-c3cccc(OC)c3)c3c(N)ncnc32)CC
18,0.606215,0.0841,5.46,3500.0,CO[C@H]1[C@@H](N(C)C(=O)CNC(=O)OC(C)(C)C)C[C@@H]2O
19,0.590973,0.0749,5.32,4800.0,CO[C@H]1[C@@H](N(C)C(=O)c2cccc([N+](=O)[O-])c2)C[C
20,0.888889,0.0792,8.00,10.0,CS(=O)(=O)CCNc1nc(-c2ccc3ncnc(Nc4ccc(OCc5cccc(F)c5
21,0.586101,0.0815,5.27,5310.0,Cc1cc(C(=O)NCCN2CCOCC2)[nH]c1/C=C1\C(=O)N(C)c2ncnc
22,0.606215,0.0792,5.46,3500.0,CO[C@H]1[C@@H](N(C)C(=O)CNC(=O)OC(C)(C)C)C[C@@H]2O
23,0.606215,0.0741,5.46,3500.0,CO[C@H]1[C@@H](N(C)C(=O)CNC(=O)OC(C)(C)C)C[C@@H]2O
24,0.680549,0.0798,6.12,750.0,COc1cccc(-c2cn(C3CCN(CC(=O)N(C)C)CC3)c3ncnc(N)c23)
25,0.696401,0.0737,6.27,540.0,CS(=O)(=O)CCNc1nc(-c2ccc3ncnc(Nc4ccc(OCc5cccc(C(F)
26,0.606215,0.0862,5.46,3500.0,CO[C@H]1[C@@H](N(C)C(=O)CNC(=O)OC(C)(C)C)C[C@@H]2O
27,0.606215,0.0882,5.46,3500.0,CO[C@H]1[C@@H](N(C)C(=O)CNC(=O)OC(C)(C)C)C[C@@H]2O
28,0.552789,0.0813,4.98,10590.0,COc1cc2ncc(C#N)c(Nc3ccc(F)c(Cl)c3)c2cc1NC(=O)/C=C/
29,0.654006,0.0698,5.89,1300.0,CCCCC(O)CN(C)[C@H]1C[C@@H]2O[C@](C)([C@H]1OC)n1c3c
30,0.593027,0.0793,5.34,4600.0,CO[C@H]1[C@@H](N(C)C(=O)c2cccc(Cl)c2)C[C@@H]2O[C@@
31,0.552789,0.0772,4.98,10590.0,COc1cc2ncc(C#N)c(Nc3ccc(F)c(Cl)c3)c2cc1NC(=O)/C=C/
32,0.586101,0.0798,5.27,5310.0,Cc1cc(C(=O)NCCN2CCOCC2)[nH]c1/C=C1\C(=O)N(C)c2ncnc
33,0.995401,0.0768,8.96,1.1,Cc1cc(C(=O)NCCN2CCOCC2)[nH]c1/C=C1\C(=O)Nc2ncnc(Nc
34,0.696401,0.0795,6.27,540.0,CS(=O)(=O)CCNc1nc(-c2ccc3ncnc(Nc4ccc(OCc5cccc(C(F)
35,0.606215,0.0847,5.46,3500.0,CO[C@H]1[C@@H](N(C)C(=O)CNC(=O)OC(C)(C)C)C[C@@H]2O
36,0.606215,0.0835,5.46,3500.0,CO[C@H]1[C@@H](N(C)C(=O)CNC(=O)OC(C)(C)C)C[C@@H]2O
37,0.606215,0.0803,5.46,3500.0,CO[C@H]1[C@@H](N(C)C(=O)CNC(=O)OC(C)(C)C)C[C@@H]2O
38,0.696401,0.0699,6.27,540.0,CS(=O)(=O)CCNc1nc(-c2ccc3ncnc(Nc4ccc(OCc5cccc(C(F)
39,0.593027,0.0779,5.34,4600.0,CO[C@H]1[C@@H](N(C)C(=O)c2cccc(Cl)c2)C[C@@H]2O[C@@
40,0.552789,0.0784,4.98,10590.0,COc1cc2ncc(C#N)c(Nc3ccc(F)c(Cl)c3)c2cc1NC(=O)/C=C/
41,0.606215,0.0764,5.46,3500.0,CO[C@H]1[C@@H](N(C)C(=O)CNC(=O)OC(C)(C)C)C[C@@H]2O
42,0.444444,0.0845,4.00,100000.0,COC(=O)CN1Cc2c(c3c4ccccc4n4c3c3c2c2ccccc2n3[C@]2(C
43,0.735532,0.0804,6.62,240.0,CCN(CC)CCCCNc1ncc2cc(-c3c(Cl)cccc3Cl)c(NC(=O)NC(C)
44,0.654006,0.0790,5.89,1300.0,CCCCC(O)CN(C)[C@H]1C[C@@H]2O[C@](C)([C@H]1OC)n1c3c
45,0.606215,0.0853,5.46,3500.0,CO[C@H]1[C@@H](N(C)C(=O)CNC(=O)OC(C)(C)C)C[C@@H]2O
46,0.654006,0.0822,5.89,1300.0,CCCCC(O)CN(C)[C@H]1C[C@@H]2O[C@](C)([C@H]1OC)n1c3c
47,0.593027,0.0782,5.34,4600.0,CO[C@H]1[C@@H](N(C)C(=O)c2cccc(Cl)c2)C[C@@H]2O[C@@
48,0.654006,0.0814,5.89,1300.0,CCCCC(O)CN(C)[C@H]1C[C@@H]2O[C@](C)([C@H]1OC)n1c3c
49,0.590573,0.0760,5.32,4840.0,CCN(CC)C(C)/C=C/C(=O)Nc1cc2c(Nc3ccc(F)c(Cl)c3)c(C#
50,0.606215,0.0894,5.46,3500.0,CO[C@H]1[C@@H](N(C)C(=O)CNC(=O)OC(C)(C)C)C[C@@H]2O
51,0.552789,0.0873,4.98,10590.0,COc1cc2ncc(C#N)c(Nc3ccc(F)c(Cl)c3)c2cc1NC(=O)/C=C/
52,0.654006,0.0825,5.89,1300.0,CCCCC(O)CN(C)[C@H]1C[C@@H]2O[C@](C)([C@H]1OC)n1c3c
53,0.654006,0.0839,5.89,1300.0,CCCCC(O)CN(C)[C@H]1C[C@@H]2O[C@](C)([C@H]1OC)n1c3c
54,0.606215,0.0900,5.46,3500.0,CO[C@H]1[C@@H](N(C)C(=O)CNC(=O)OC(C)(C)C)C[C@@H]2O
55,0.696401,0.0779,6.27,540.0,CS(=O)(=O)CCNc1nc(-c2ccc3ncnc(Nc4ccc(OCc5cccc(C(F)
56,0.995401,0.0800,8.96,1.1,Cc1cc(C(=O)NCCN2CCOCC2)[nH]c1/C=C1\C(=O)Nc2ncnc(Nc
57,0.586101,0.0774,5.27,5310.0,Cc1cc(C(=O)NCCN2CCOCC2)[nH]c1/C=C1\C(=O)N(C)c2ncnc
58,0.606215,0.0819,5.46,3500.0,CO[C@H]1[C@@H](N(C)C(=O)CNC(=O)OC(C)(C)C)C[C@@H]2O
59,0.606215,0.0774,5.46,3500.0,CO[C@H]1[C@@H](N(C)C(=O)CNC(=O)OC(C)(C)C)C[C@@H]2O
60,0.846643,0.0780,7.62,24.0,CS(=O)(=O)CCNCCCCOc1ccc2ncnc(Nc3ccc4c(cnn4Cc4cccc(
61,0.995401,0.0793,8.96,1.1,Cc1cc(C(=O)NCCN2CCOCC2)[nH]c1/C=C1\C(=O)Nc2ncnc(Nc
62,0.696401,0.0814,6.27,540.0,CS(=O)(=O)CCNc1nc(-c2ccc3ncnc(Nc4ccc(OCc5cccc(C(F)
63,0.888889,0.0837,8.00,10.0,CS(=O)(=O)CCNc1nc(-c2ccc3ncnc(Nc4ccc(OCc5cccc(F)c5
64,0.794305,0.0743,7.15,71.0,CS(=O)(=O)CCNc1nc(-c2ccc3ncnc(Nc4ccc5c(cnn5Cc5cccc
65,0.590573,0.0772,5.32,4840.0,CCN(CC)C(C)/C=C/C(=O)Nc1cc2c(Nc3ccc(F)c(Cl)c3)c(C#
66,0.606215,0.0736,5.46,3500.0,CO[C@H]1[C@@H](N(C)C(=O)CNC(=O)OC(C)(C)C)C[C@@H]2O
67,0.590573,0.0708,5.32,4840.0,CCN(CC)C(C)/C=C/C(=O)Nc1cc2c(Nc3ccc(F)c(Cl)c3)c(C#
68,0.552789,0.0860,4.98,10590.0,COc1cc2ncc(C#N)c(Nc3ccc(F)c(Cl)c3)c2cc1NC(=O)/C=C/
69,0.606215,0.0757,5.46,3500.0,CO[C@H]1[C@@H](N(C)C(=O)CNC(=O)OC(C)(C)C)C[C@@H]2O
70,0.593027,0.0804,5.34,4600.0,CO[C@H]1[C@@H](N(C)C(=O)c2cccc(Cl)c2)C[C@@H]2O[C@@
71,0.971636,0.0860,8.74,1.8,Cc1cc(C(=O)N2CCOCC2)[nH]c1/C=C1\C(=O)Nc2ncnc(Nc3cc
72,0.995401,0.0758,8.96,1.1,Cc1cc(C(=O)NCCN2CCOCC2)[nH]c1/C=C1\C(=O)Nc2ncnc(Nc
73,0.606215,0.0829,5.46,3500.0,CO[C@H]1[C@@H](N(C)C(=O)CNC(=O)OC(C)(C)C)C[C@@H]2O
74,0.606215,0.0777,5.46,3500.0,CO[C@H]1[C@@H](N(C)C(=O)CNC(=O)OC(C)(C)C)C[C@@H]2O
75,0.794305,0.0768,7.15,71.0,CS(=O)(=O)CCNc1nc(-c2ccc3ncnc(Nc4ccc5c(cnn5Cc5cccc
76,0.606215,0.0797,5.46,3500.0,CO[C@H]1[C@@H](N(C)C(=O)CNC(=O)OC(C)(C)C)C[C@@H]2O
77,0.995401,0.0752,8.96,1.1,Cc1cc(C(=O)NCCN2CCOCC2)[nH]c1/C=C1\C(=O)Nc2ncnc(Nc
78,0.606215,0.0858,5.46,3500.0,CO[C@H]1[C@@H](N(C)C(=O)CNC(=O)OC(C)(C)C)C[C@@H]2O
79,0.606215,0.0932,5.46,3500.0,CO[C@H]1[C@@H](N(C)C(=O)CNC(=O)OC(C)(C)C)C[C@@H]2O
80,0.590973,0.0832,5.32,4800.0,CO[C@H]1[C@@H](N(C)C(=O)c2cccc([N+](=O)[O-])c2)C[C
81,0.586101,0.0894,5.27,5310.0,Cc1cc(C(=O)NCCN2CCOCC2)[nH]c1/C=C1\C(=O)N(C)c2ncnc
82,0.606215,0.0802,5.46,3500.0,CO[C@H]1[C@@H](N(C)C(=O)CNC(=O)OC(C)(C)C)C[C@@H]2O
83,0.606215,0.0821,5.46,3500.0,CO[C@H]1[C@@H](N(C)C(=O)CNC(=O)OC(C)(C)C)C[C@@H]2O
84,0.654006,0.0835,5.89,1300.0,CCCCC(O)CN(C)[C@H]1C[C@@H]2O[C@](C)([C@H]1OC)n1c3c
85,0.654006,0.0871,5.89,1300.0,CCCCC(O)CN(C)[C@H]1C[C@@H]2O[C@](C)([C@H]1OC)n1c3c
86,0.696401,0.0783,6.27,540.0,CS(=O)(=O)CCNc1nc(-c2ccc3ncnc(Nc4ccc(OCc5cccc(C(F)
87,0.606215,0.0749,5.46,3500.0,CO[C@H]1[C@@H](N(C)C(=O)CNC(=O)OC(C)(C)C)C[C@@H]2O
88,0.927421,0.0791,8.35,4.5,Cc1cc(C(=O)N2CCOCC2)[nH]c1/C=C1\C(=O)Nc2ncnc(Nc3cc
89,0.654006,0.0780,5.89,1300.0,CCCCC(O)CN(C)[C@H]1C[C@@H]2O[C@](C)([C@H]1OC)n1c3c
90,0.606215,0.0855,5.46,3500.0,CO[C@H]1[C@@H](N(C)C(=O)CNC(=O)OC(C)(C)C)C[C@@H]2O
91,0.606215,0.0788,5.46,3500.0,CO[C@H]1[C@@H](N(C)C(=O)CNC(=O)OC(C)(C)C)C[C@@H]2O
92,0.654006,0.0800,5.89,1300.0,CCCCC(O)CN(C)[C@H]1C[C@@H]2O[C@](C)([C@H]1OC)n1c3c
93,0.606215,0.0793,5.46,3500.0,CO[C@H]1[C@@H](N(C)C(=O)CNC(=O)OC(C)(C)C)C[C@@H]2O
94,0.606215,0.0835,5.46,3500.0,CO[C@H]1[C@@H](N(C)C(=O)CNC(=O)OC(C)(C)C)C[C@@H]2O
95,0.888889,0.0791,8.00,10.0,CS(=O)(=O)CCNc1nc(-c2ccc3ncnc(Nc4ccc(OCc5cccc(F)c5
96,0.552789,0.0812,4.98,10590.0,COc1cc2ncc(C#N)c(Nc3ccc(F)c(Cl)c3)c2cc1NC(=O)/C=C/
97,0.654006,0.0859,5.89,1300.0,CCCCC(O)CN(C)[C@H]1C[C@@H]2O[C@](C)([C@H]1OC)n1c3c
98,0.995401,0.0899,8.96,1.1,Cc1cc(C(=O)NCCN2CCOCC2)[nH]c1/C=C1\C(=O)Nc2ncnc(Nc
99,0.590573,0.0829,5.32,4840.0,CCN(CC)C(C)/C=C/C(=O)Nc1cc2c(Nc3ccc(F)c(Cl)c3)c(C#
100,0.654006,0.0870,5.89,1300.0,CCCCC(O)CN(C)[C@H]1C[C@@H]2O[C@](C)([C@H]1OC)n1c3c
101,0.654006,0.0893,5.89,1300.0,CCCCC(O)CN(C)[C@H]1C[C@@H]2O[C@](C)([C@H]1OC)n1c3c
102,0.552789,0.0800,4.98,10590.0,COc1cc2ncc(C#N)c(Nc3ccc(F)c(Cl)c3)c2cc1NC(=O)/C=C/
103,0.654006,0.0751,5.89,1300.0,CCCCC(O)CN(C)[C@H]1C[C@@H]2O[C@](C)([C@H]1OC)n1c3c
104,0.888889,0.0748,8.00,10.0,CS(=O)(=O)CCNCc1ccc(-c2ccc3ncnc(Nc4ccc(OCc5cccc(F)
105,0.971636,0.0856,8.74,1.8,Cc1cc(C(=O)N2CCOCC2)[nH]c1/C=C1\C(=O)Nc2ncnc(Nc3cc
106,0.590573,0.0801,5.32,4840.0,CCN(CC)C(C)/C=C/C(=O)Nc1cc2c(Nc3ccc(F)c(Cl)c3)c(C#
107,0.606215,0.0780,5.46,3500.0,CO[C@H]1[C@@H](N(C)C(=O)CNC(=O)OC(C)(C)C)C[C@@H]2O
108,0.654006,0.0799,5.89,1300.0,CCCCC(O)CN(C)[C@H]1C[C@@H]2O[C@](C)([C@H]1OC)n1c3c
109,0.696401,0.0780,6.27,540.0,CS(=O)(=O)CCNc1nc(-c2ccc3ncnc(Nc4ccc(OCc5cccc(C(F)
110,0.606215,0.0880,5.46,3500.0,CO[C@H]1[C@@H](N(C)C(=O)CNC(=O)OC(C)(C)C)C[C@@H]2O
111,0.654006,0.0871,5.89,1300.0,CCCCC(O)CN(C)[C@H]1C[C@@H]2O[C@](C)([C@H]1OC)n1c3c
112,0.606215,0.0769,5.46,3500.0,CO[C@H]1[C@@H](N(C)C(=O)CNC(=O)OC(C)(C)C)C[C@@H]2O
113,0.606215,0.0934,5.46,3500.0,CO[C@H]1[C@@H](N(C)C(=O)CNC(=O)OC(C)(C)C)C[C@@H]2O
114,0.696401,0.0838,6.27,540.0,CS(=O)(=O)CCNc1nc(-c2ccc3ncnc(Nc4ccc(OCc5cccc(C(F)
115,0.995401,0.0806,8.96,1.1,Cc1cc(C(=O)NCCN2CCOCC2)[nH]c1/C=C1\C(=O)Nc2ncnc(Nc
116,0.606215,0.0842,5.46,3500.0,CO[C@H]1[C@@H](N(C)C(=O)CNC(=O)OC(C)(C)C)C[C@@H]2O
117,0.654006,0.0808,5.89,1300.0,CCCCC(O)CN(C)[C@H]1C[C@@H]2O[C@](C)([C@H]1OC)n1c3c
118,0.606215,0.0871,5.46,3500.0,CO[C@H]1[C@@H](N(C)C(=O)CNC(=O)OC(C)(C)C)C[C@@H]2O
119,0.654006,0.0793,5.89,1300.0,CCCCC(O)CN(C)[C@H]1C[C@@H]2O[C@](C)([C@H]1OC)n1c3c
120,0.794305,0.0806,7.15,71.0,CS(=O)(=O)CCNc1nc(-c2ccc3ncnc(Nc4ccc5c(cnn5Cc5cccc
121,0.654006,0.0877,5.89,1300.0,CCCCC(O)CN(C)[C@H]1C[C@@H]2O[C@](C)([C@H]1OC)n1c3c
122,0.606215,0.0750,5.46,3500.0,CO[C@H]1[C@@H](N(C)C(=O)CNC(=O)OC(C)(C)C)C[C@@H]2O
123,0.654006,0.0850,5.89,1300.0,CCCCC(O)CN(C)[C@H]1C[C@@H]2O[C@](C)([C@H]1OC)n1c3c
124,0.590973,0.0805,5.32,4800.0,CO[C@H]1[C@@H](N(C)C(=O)c2cccc([N+](=O)[O-])c2)C[C
125,0.552789,0.0769,4.98,10590.0,COc1cc2ncc(C#N)c(Nc3ccc(F)c(Cl)c3)c2cc1NC(=O)/C=C/
126,0.654006,0.0815,5.89,1300.0,CCCCC(O)CN(C)[C@H]1C[C@@H]2O[C@](C)([C@H]1OC)n1c3c
127,0.654006,0.0749,5.89,1300.0,CCCCC(O)CN(C)[C@H]1C[C@@H]2O[C@](C)([C@H]1OC)n1c3c
128,0.654006,0.0814,5.89,1300.0,CCCCC(O)CN(C)[C@H]1C[C@@H]2O[C@](C)([C@H]1OC)n1c3c
129,0.444444,0.0780,4.00,100000.0,CO[C@H]1[C@@H](N(C)C(=O)c2ccccc2)C[C@@H]2O[C@@]1(C
130,0.680549,0.0731,6.12,750.0,COc1cccc(-c2cn(C3CCN(CC(=O)N(C)C)CC3)c3ncnc(N)c23)
131,0.552789,0.0784,4.98,10590.0,COc1cc2ncc(C#N)c(Nc3ccc(F)c(Cl)c3)c2cc1NC(=O)/C=C/
132,0.696401,0.0681,6.27,540.0,CS(=O)(=O)CCNc1nc(-c2ccc3ncnc(Nc4ccc(OCc5cccc(C(F)
133,0.654006,0.0741,5.89,1300.0,CCCCC(O)CN(C)[C@H]1C[C@@H]2O[C@](C)([C@H]1OC)n1c3c
134,0.606215,0.0835,5.46,3500.0,CO[C@H]1[C@@H](N(C)C(=O)CNC(=O)OC(C)(C)C)C[C@@H]2O
135,0.606215,0.0823,5.46,3500.0,CO[C@H]1[C@@H](N(C)C(=O)CNC(=O)OC(C)(C)C)C[C@@H]2O
136,0.552789,0.0812,4.98,10590.0,COc1cc2ncc(C#N)c(Nc3ccc(F)c(Cl)c3)c2cc1NC(=O)/C=C/
137,0.654006,0.0827,5.89,1300.0,CCCCC(O)CN(C)[C@H]1C[C@@H]2O[C@](C)([C@H]1OC)n1c3c
138,0.654006,0.0789,5.89,1300.0,CCCCC(O)CN(C)[C@H]1C[C@@H]2O[C@](C)([C@H]1OC)n1c3c
139,0.846643,0.0762,7.62,24.0,CS(=O)(=O)CCNCCCCOc1ccc2ncnc(Nc3ccc4c(cnn4Cc4cccc(
140,0.606215,0.0750,5.46,3500.0,CO[C@H]1[C@@H](N(C)C(=O)CNC(=O)OC(C)(C)C)C[C@@H]2O
141,1.000000,0.0693,9.35,0.5,CCN(CC)CC(O)CNC(=O)c1cc(C)c(/C=C2\C(=O)Nc3ncnc(Nc4
142,0.606215,0.0919,5.46,3500.0,CO[C@H]1[C@@H](N(C)C(=O)CNC(=O)OC(C)(C)C)C[C@@H]2O
143,0.590573,0.0794,5.32,4840.0,CCN(CC)C(C)/C=C/C(=O)Nc1cc2c(Nc3ccc(F)c(Cl)c3)c(C#
144,0.444444,0.0805,4.00,100000.0,COC(=O)CN1Cc2c(c3c4ccccc4n4c3c3c2c2ccccc2n3[C@]2(C
145,0.606215,0.0785,5.46,3500.0,CO[C@H]1[C@@H](N(C)C(=O)CNC(=O)OC(C)(C)C)C[C@@H]2O
146,0.606215,0.0849,5.46,3500.0,CO[C@H]1[C@@H](N(C)C(=O)CNC(=O)OC(C)(C)C)C[C@@H]2O
147,0.654006,0.0793,5.89,1300.0,CCCCC(O)CN(C)[C@H]1C[C@@H]2O[C@](C)([C@H]1OC)n1c3c
148,0.654006,0.0837,5.89,1300.0,CCCCC(O)CN(C)[C@H]1C[C@@H]2O[C@](C)([C@H]1OC)n1c3c
149,0.654006,0.0801,5.89,1300.0,CCCCC(O)CN(C)[C@H]1C[C@@H]2O[C@](C)([C@H]1OC)n1c3c
150,0.552789,0.0737,4.98,10590.0,COc1cc2ncc(C#N)c(Nc3ccc(F)c(Cl)c3)c2cc1NC(=O)/C=C/
151,0.794989,0.0771,7.15,70.0,COc1cc2c(Nc3cc(O)c(Cl)cc3F)ncnc2cc1OCC1CCN(C)CC1.C
152,1.000000,0.0749,9.35,0.5,CCN(CC)CC(O)CNC(=O)c1cc(C)c(/C=C2\C(=O)Nc3ncnc(Nc4
153,0.453333,0.0754,4.08,83176.4,COc1cc(/C=C(\C#N)C(N)=O)cc(CSc2nc3cc(Cl)ccc3s2)c1O
154,0.794305,0.0808,7.15,71.0,CS(=O)(=O)CCNc1nc(-c2ccc3ncnc(Nc4ccc5c(cnn5Cc5cccc
155,0.794305,0.0838,7.15,71.0,CS(=O)(=O)CCNc1nc(-c2ccc3ncnc(Nc4ccc5c(cnn5Cc5cccc
156,0.453333,0.0767,4.08,83176.4,COc1cc(/C=C(\C#N)C(N)=O)cc(CSc2nc3cc(Cl)ccc3s2)c1O
157,0.606215,0.0790,5.46,3500.0,CO[C@H]1[C@@H](N(C)C(=O)CNC(=O)OC(C)(C)C)C[C@@H]2O
158,0.552789,0.0804,4.98,10590.0,COc1cc2ncc(C#N)c(Nc3ccc(F)c(Cl)c3)c2cc1NC(=O)/C=C/
159,0.995401,0.0835,8.96,1.1,Cc1cc(C(=O)NCCN2CCOCC2)[nH]c1/C=C1\C(=O)Nc2ncnc(Nc
160,0.888889,0.0785,8.00,10.0,CS(=O)(=O)CCNc1nc(-c2ccc3ncnc(Nc4ccc(OCc5cccc(F)c5
161,0.586101,0.0833,5.27,5310.0,Cc1cc(C(=O)NCCN2CCOCC2)[nH]c1/C=C1\C(=O)N(C)c2ncnc
162,0.654006,0.0858,5.89,1300.0,CCCCC(O)CN(C)[C@H]1C[C@@H]2O[C@](C)([C@H]1OC)n1c3c
163,0.444444,0.0758,4.00,100000.0,COC(=O)CN1Cc2c(c3c4ccccc4n4c3c3c2c2ccccc2n3[C@]2(C
164,0.420000,0.0783,3.78,165958.8,CCOc1ccc2sc(SCc3cc(/C=C(\C#N)C(N)=O)cc(OC)c3O)nc2c
165,0.552789,0.0746,4.98,10590.0,COc1cc2ncc(C#N)c(Nc3ccc(F)c(Cl)c3)c2cc1NC(=O)/C=C/
166,0.606215,0.0768,5.46,3500.0,CO[C@H]1[C@@H](N(C)C(=O)CNC(=O)OC(C)(C)C)C[C@@H]2O
167,0.606215,0.0880,5.46,3500.0,CO[C@H]1[C@@H](N(C)C(=O)CNC(=O)OC(C)(C)C)C[C@@H]2O
168,0.888889,0.0783,8.00,10.0,CS(=O)(=O)CCNCc1ccc(-c2ccc3ncnc(Nc4ccc(OCc5cccc(F)
169,0.552789,0.0774,4.98,10590.0,COc1cc2ncc(C#N)c(Nc3ccc(F)c(Cl)c3)c2cc1NC(=O)/C=C/
170,0.606215,0.0839,5.46,3500.0,CO[C@H]1[C@@H](N(C)C(=O)CNC(=O)OC(C)(C)C)C[C@@H]2O
171,0.654006,0.0845,5.89,1300.0,CCCCC(O)CN(C)[C@H]1C[C@@H]2O[C@](C)([C@H]1OC)n1c3c
172,0.606215,0.0758,5.46,3500.0,CO[C@H]1[C@@H](N(C)C(=O)CNC(=O)OC(C)(C)C)C[C@@H]2O
173,0.590573,0.0749,5.32,4840.0,CCN(CC)C(C)/C=C/C(=O)Nc1cc2c(Nc3ccc(F)c(Cl)c3)c(C#
174,0.995401,0.0776,8.96,1.1,Cc1cc(C(=O)NCCN2CCOCC2)[nH]c1/C=C1\C(=O)Nc2ncnc(Nc
175,0.552789,0.0790,4.98,10590.0,COc1cc2ncc(C#N)c(Nc3ccc(F)c(Cl)c3)c2cc1NC(=O)/C=C/
176,0.696401,0.0845,6.27,540.0,CS(=O)(=O)CCNc1nc(-c2ccc3ncnc(Nc4ccc(OCc5cccc(C(F)
177,0.654006,0.0792,5.89,1300.0,CCCCC(O)CN(C)[C@H]1C[C@@H]2O[C@](C)([C@H]1OC)n1c3c
178,0.606215,0.0762,5.46,3500.0,CO[C@H]1[C@@H](N(C)C(=O)CNC(=O)OC(C)(C)C)C[C@@H]2O
179,0.552789,0.0778,4.98,10590.0,COc1cc2ncc(C#N)c(Nc3ccc(F)c(Cl)c3)c2cc1NC(=O)/C=C/
180,0.444444,0.0746,4.00,100000.0,COC(=O)CN1Cc2c(c3c4ccccc4n4c3c3c2c2ccccc2n3[C@]2(C
181,0.846643,0.0776,7.62,24.0,CS(=O)(=O)CCNCCCCOc1ccc2ncnc(Nc3ccc4c(cnn4Cc4cccc(
182,0.590973,0.0808,5.32,4800.0,CO[C@H]1[C@@H](N(C)C(=O)c2cccc([N+](=O)[O-])c2)C[C
183,0.606215,0.0835,5.46,3500.0,CO[C@H]1[C@@H](N(C)C(=O)CNC(=O)OC(C)(C)C)C[C@@H]2O
184,0.654006,0.0823,5.89,1300.0,CCCCC(O)CN(C)[C@H]1C[C@@H]2O[C@](C)([C@H]1OC)n1c3c
185,0.888889,0.0742,8.00,10.0,CS(=O)(=O)CCNCc1ccc(-c2ccc3ncnc(Nc4ccc(OCc5cccc(F)
186,0.995401,0.0801,8.96,1.1,Cc1cc(C(=O)NCCN2CCOCC2)[nH]c1/C=C1\C(=O)Nc2ncnc(Nc
187,0.662067,0.0722,5.96,1100.0,CO[C@H]1[C@@H](N(C)CCC#N)C[C@@H]2O[C@@]1(C)n1c3ccc
188,0.888889,0.0789,8.00,10.0,CS(=O)(=O)CCNCc1ccc(-c2ccc3ncnc(Nc4ccc(OCc5cccc(F)
189,0.654006,0.0815,5.89,1300.0,CCCCC(O)CN(C)[C@H]1C[C@@H]2O[C@](C)([C@H]1OC)n1c3c
190,0.590973,0.0773,5.32,4800.0,CO[C@H]1[C@@H](N(C)C(=O)c2cccc([N+](=O)[O-])c2)C[C
191,0.654006,0.0855,5.89,1300.0,CCCCC(O)CN(C)[C@H]1C[C@@H]2O[C@](C)([C@H]1OC)n1c3c
192,0.696401,0.0788,6.27,540.0,CS(=O)(=O)CCNc1nc(-c2ccc3ncnc(Nc4ccc(OCc5cccc(C(F)
193,0.846643,0.0739,7.62,24.0,CS(=O)(=O)CCNCCCCOc1ccc2ncnc(Nc3ccc4c(cnn4Cc4cccc(
194,0.606215,0.0831,5.46,3500.0,CO[C@H]1[C@@H](N(C)C(=O)CNC(=O)OC(C)(C)C)C[C@@H]2O
195,0.552789,0.0814,4.98,10590.0,COc1cc2ncc(C#N)c(Nc3ccc(F)c(Cl)c3)c2cc1NC(=O)/C=C/
196,0.606215,0.0806,5.46,3500.0,CO[C@H]1[C@@H](N(C)C(=O)CNC(=O)OC(C)(C)C)C[C@@H]2O
197,0.654006,0.0790,5.89,1300.0,CCCCC(O)CN(C)[C@H]1C[C@@H]2O[C@](C)([C@H]1OC)n1c3c
198,0.590573,0.0744,5.32,4840.0,CCN(CC)C(C)/C=C/C(=O)Nc1cc2c(Nc3ccc(F)c(Cl)c3)c(C#
199,0.654006,0.0926,5.89,1300.0,CCCCC(O)CN(C)[C@H]1C[C@@H]2O[C@](C)([C@H]1OC)n1c3c
200,0.606215,0.0838,5.46,3500.0,CO[C@H]1[C@@H](N(C)C(=O)CNC(=O)OC(C)(C)C)C[C@@H]2O
201,0.654006,0.0827,5.89,1300.0,CCCCC(O)CN(C)[C@H]1C[C@@H]2O[C@](C)([C@H]1OC)n1c3c
202,0.590973,0.0788,5.32,4800.0,CO[C@H]1[C@@H](N(C)C(=O)c2cccc([N+](=O)[O-])c2)C[C
203,0.888889,0.0806,8.00,10.0,CS(=O)(=O)CCNc1nc(-c2ccc3ncnc(Nc4ccc(OCc5cccc(F)c5
204,0.696401,0.0791,6.27,540.0,CS(=O)(=O)CCNc1nc(-c2ccc3ncnc(Nc4ccc(OCc5cccc(C(F)
205,0.654006,0.0717,5.89,1300.0,CCCCC(O)CN(C)[C@H]1C[C@@H]2O[C@](C)([C@H]1OC)n1c3c
206,0.696401,0.0841,6.27,540.0,CS(=O)(=O)CCNc1nc(-c2ccc3ncnc(Nc4ccc(OCc5cccc(C(F)
207,1.000000,0.0759,9.35,0.5,CCN(CC)CC(O)CNC(=O)c1cc(C)c(/C=C2\C(=O)Nc3ncnc(Nc4
208,0.696401,0.0753,6.27,540.0,CS(=O)(=O)CCNc1nc(-c2ccc3ncnc(Nc4ccc(OCc5cccc(C(F)
209,0.696401,0.0836,6.27,540.0,CS(=O)(=O)CCNc1nc(-c2ccc3ncnc(Nc4ccc(OCc5cccc(C(F)
210,0.586101,0.0839,5.27,5310.0,Cc1cc(C(=O)NCCN2CCOCC2)[nH]c1/C=C1\C(=O)N(C)c2ncnc
211,0.696401,0.0769,6.27,540.0,CS(=O)(=O)CCNc1nc(-c2ccc3ncnc(Nc4ccc(OCc5cccc(C(F)
212,0.453333,0.0763,4.08,83176.4,COc1cc(/C=C(\C#N)C(N)=O)cc(CSc2nc3cc(Cl)ccc3s2)c1O
213,0.654006,0.0764,5.89,1300.0,CCCCC(O)CN(C)[C@H]1C[C@@H]2O[C@](C)([C@H]1OC)n1c3c
214,0.606215,0.0853,5.46,3500.0,CO[C@H]1[C@@H](N(C)C(=O)CNC(=O)OC(C)(C)C)C[C@@H]2O
215,0.606215,0.0813,5.46,3500.0,CO[C@H]1[C@@H](N(C)C(=O)CNC(=O)OC(C)(C)C)C[C@@H]2O
216,0.606215,0.0876,5.46,3500.0,CO[C@H]1[C@@H](N(C)C(=O)CNC(=O)OC(C)(C)C)C[C@@H]2O
217,0.444444,0.0852,4.00,100000.0,COC(=O)CN1Cc2c(c3c4ccccc4n4c3c3c2c2ccccc2n3[C@]2(C
218,0.552789,0.0806,4.98,10590.0,COc1cc2ncc(C#N)c(Nc3ccc(F)c(Cl)c3)c2cc1NC(=O)/C=C/
219,0.654006,0.0713,5.89,1300.0,CCCCC(O)CN(C)[C@H]1C[C@@H]2O[C@](C)([C@H]1OC)n1c3c
220,0.696401,0.0818,6.27,540.0,CS(=O)(=O)CCNc1nc(-c2ccc3ncnc(Nc4ccc(OCc5cccc(C(F)
221,0.606215,0.0742,5.46,3500.0,CO[C@H]1[C@@H](N(C)C(=O)CNC(=O)OC(C)(C)C)C[C@@H]2O
222,0.696401,0.0842,6.27,540.0,CS(=O)(=O)CCNc1nc(-c2ccc3ncnc(Nc4ccc(OCc5cccc(C(F)
223,0.552789,0.0801,4.98,10590.0,COc1cc2ncc(C#N)c(Nc3ccc(F)c(Cl)c3)c2cc1NC(=O)/C=C/
224,1.000000,0.0722,9.35,0.5,CCN(CC)CC(O)CNC(=O)c1cc(C)c(/C=C2\C(=O)Nc3ncnc(Nc4
225,1.000000,0.0707,9.35,0.5,CCN(CC)CC(O)CNC(=O)c1cc(C)c(/C=C2\C(=O)Nc3ncnc(Nc4
226,0.606215,0.0851,5.46,3500.0,CO[C@H]1[C@@H](N(C)C(=O)CNC(=O)OC(C)(C)C)C[C@@H]2O
227,0.590973,0.0856,5.32,4800.0,CO[C@H]1[C@@H](N(C)C(=O)c2cccc([N+](=O)[O-])c2)C[C
228,0.995401,0.0721,8.96,1.1,Cc1cc(C(=O)NCCN2CCOCC2)[nH]c1/C=C1\C(=O)Nc2ncnc(Nc
229,0.606215,0.0747,5.46,3500.0,CO[C@H]1[C@@H](N(C)C(=O)CNC(=O)OC(C)(C)C)C[C@@H]2O
230,0.654006,0.0881,5.89,1300.0,CCCCC(O)CN(C)[C@H]1C[C@@H]2O[C@](C)([C@H]1OC)n1c3c
231,0.606215,0.0841,5.46,3500.0,CO[C@H]1[C@@H](N(C)C(=O)CNC(=O)OC(C)(C)C)C[C@@H]2O
232,0.606215,0.0719,5.46,3500.0,CO[C@H]1[C@@H](N(C)C(=O)CNC(=O)OC(C)(C)C)C[C@@H]2O
233,0.552789,0.0814,4.98,10590.0,COc1cc2ncc(C#N)c(Nc3ccc(F)c(Cl)c3)c2cc1NC(=O)/C=C/
234,0.606215,0.0831,5.46,3500.0,CO[C@H]1[C@@H](N(C)C(=O)CNC(=O)OC(C)(C)C)C[C@@H]2O
235,0.590973,0.0780,5.32,4800.0,CO[C@H]1[C@@H](N(C)C(=O)c2cccc([N+](=O)[O-])c2)C[C
236,0.654006,0.0781,5.89,1300.0,CCCCC(O)CN(C)[C@H]1C[C@@H]2O[C@](C)([C@H]1OC)n1c3c
237,0.995401,0.0773,8.96,1.1,Cc1cc(C(=O)NCCN2CCOCC2)[nH]c1/C=C1\C(=O)Nc2ncnc(Nc
238,0.606215,0.0747,5.46,3500.0,CO[C@H]1[C@@H](N(C)C(=O)CNC(=O)OC(C)(C)C)C[C@@H]2O
239,0.606215,0.0806,5.46,3500.0,CO[C@H]1[C@@H](N(C)C(=O)CNC(=O)OC(C)(C)C)C[C@@H]2O
240,0.590573,0.0727,5.32,4840.0,CCN(CC)C(C)/C=C/C(=O)Nc1cc2c(Nc3ccc(F)c(Cl)c3)c(C#
241,0.696401,0.0849,6.27,540.0,CS(=O)(=O)CCNc1nc(-c2ccc3ncnc(Nc4ccc(OCc5cccc(C(F)
242,1.000000,0.0771,9.35,0.5,CCN(CC)CC(O)CNC(=O)c1cc(C)c(/C=C2\C(=O)Nc3ncnc(Nc4
243,0.888889,0.0783,8.00,10.0,CS(=O)(=O)CCNc1nc(-c2ccc3ncnc(Nc4ccc(OCc5cccc(F)c5
244,0.606215,0.0734,5.46,3500.0,CO[C@H]1[C@@H](N(C)C(=O)CNC(=O)OC(C)(C)C)C[C@@H]2O
245,0.552789,0.0827,4.98,10590.0,COc1cc2ncc(C#N)c(Nc3ccc(F)c(Cl)c3)c2cc1NC(=O)/C=C/
246,0.696401,0.0734,6.27,540.0,CS(=O)(=O)CCNc1nc(-c2ccc3ncnc(Nc4ccc(OCc5cccc(C(F)
247,0.654006,0.0824,5.89,1300.0,CCCCC(O)CN(C)[C@H]1C[C@@H]2O[C@](C)([C@H]1OC)n1c3c
248,0.606215,0.0844,5.46,3500.0,CO[C@H]1[C@@H](N(C)C(=O)CNC(=O)OC(C)(C)C)C[C@@H]2O
249,0.888889,0.0759,8.00,10.0,CS(=O)(=O)CCNCc1ccc(-c2ccc3ncnc(Nc4ccc(OCc5cccc(F)
250,0.590973,0.0817,5.32,4800.0,CO[C@H]1[C@@H](N(C)C(=O)c2cccc([N+](=O)[O-])c2)C[C
251,0.654006,0.0768,5.89,1300.0,CCCCC(O)CN(C)[C@H]1C[C@@H]2O[C@](C)([C@H]1OC)n1c3c
252,0.606215,0.0722,5.46,3500.0,CO[C@H]1[C@@H](N(C)C(=O)CNC(=O)OC(C)(C)C)C[C@@H]2O
253,0.995401,0.0777,8.96,1.1,Cc1cc(C(=O)NCCN2CCOCC2)[nH]c1/C=C1\C(=O)Nc2ncnc(Nc
254,0.654006,0.0748,5.89,1300.0,CCCCC(O)CN(C)[C@H]1C[C@@H]2O[C@](C)([C@H]1OC)n1c3c
255,0.654006,0.0880,5.89,1300.0,CCCCC(O)CN(C)[C@H]1C[C@@H]2O[C@](C)([C@H]1OC)n1c3c
256,1.000000,0.0789,9.35,0.5,CCN(CC)CC(O)CNC(=O)c1cc(C)c(/C=C2\C(=O)Nc3ncnc(Nc4
257,0.444444,0.0732,4.00,100000.0,COC(=O)CN1Cc2c(c3c4ccccc4n4c3c3c2c2ccccc2n3[C@]2(C
258,0.444444,0.0853,4.00,100000.0,COC(=O)CN1Cc2c(c3c4ccccc4n4c3c3c2c2ccccc2n3[C@]2(C
259,0.995401,0.0918,8.96,1.1,Cc1cc(C(=O)NCCN2CCOCC2)[nH]c1/C=C1\C(=O)Nc2ncnc(Nc
260,0.654006,0.0723,5.89,1300.0,CCCCC(O)CN(C)[C@H]1C[C@@H]2O[C@](C)([C@H]1OC)n1c3c
261,0.606215,0.0824,5.46,3500.0,CO[C@H]1[C@@H](N(C)C(=O)CNC(=O)OC(C)(C)C)C[C@@H]2O
262,0.654006,0.0807,5.89,1300.0,CCCCC(O)CN(C)[C@H]1C[C@@H]2O[C@](C)([C@H]1OC)n1c3c
263,0.846643,0.0671,7.62,24.0,CS(=O)(=O)CCNCCCCOc1ccc2ncnc(Nc3ccc4c(cnn4Cc4cccc(
264,0.654006,0.0836,5.89,1300.0,CCCCC(O)CN(C)[C@H]1C[C@@H]2O[C@](C)([C@H]1OC)n1c3c
265,0.606215,0.0930,5.46,3500.0,CO[C@H]1[C@@H](N(C)C(=O)CNC(=O)OC(C)(C)C)C[C@@H]2O
266,0.654006,0.0830,5.89,1300.0,CCCCC(O)CN(C)[C@H]1C[C@@H]2O[C@](C)([C@H]1OC)n1c3c
267,0.606215,0.0844,5.46,3500.0,CO[C@H]1[C@@H](N(C)C(=O)CNC(=O)OC(C)(C)C)C[C@@H]2O
268,0.552789,0.0795,4.98,10590.0,COc1cc2ncc(C#N)c(Nc3ccc(F)c(Cl)c3)c2cc1NC(=O)/C=C/
269,0.590973,0.0824,5.32,4800.0,CO[C@H]1[C@@H](N(C)C(=O)c2cccc([N+](=O)[O-])c2)C[C
270,0.590573,0.0807,5.32,4840.0,CCN(CC)C(C)/C=C/C(=O)Nc1cc2c(Nc3ccc(F)c(Cl)c3)c(C#
271,0.552789,0.0865,4.98,10590.0,COc1cc2ncc(C#N)c(Nc3ccc(F)c(Cl)c3)c2cc1NC(=O)/C=C/
272,0.606215,0.0773,5.46,3500.0,CO[C@H]1[C@@H](N(C)C(=O)CNC(=O)OC(C)(C)C)C[C@@H]2O
273,0.654006,0.0811,5.89,1300.0,CCCCC(O)CN(C)[C@H]1C[C@@H]2O[C@](C)([C@H]1OC)n1c3c
274,0.444444,0.0799,4.00,100000.0,CO[C@H]1[C@@H](N(C)C(=O)c2ccccc2)C[C@@H]2O[C@@]1(C
275,0.593027,0.0883,5.34,4600.0,CO[C@H]1[C@@H](N(C)C(=O)c2cccc(Cl)c2)C[C@@H]2O[C@@
276,0.696401,0.0823,6.27,540.0,CS(=O)(=O)CCNc1nc(-c2ccc3ncnc(Nc4ccc(OCc5cccc(C(F)
277,0.444444,0.0778,4.00,100000.0,COC(=O)CN1Cc2c(c3c4ccccc4n4c3c3c2c2ccccc2n3[C@]2(C
278,0.552789,0.0839,4.98,10590.0,COc1cc2ncc(C#N)c(Nc3ccc(F)c(Cl)c3)c2cc1NC(=O)/C=C/
279,0.696401,0.0772,6.27,540.0,CS(=O)(=O)CCNc1nc(-c2ccc3ncnc(Nc4ccc(OCc5cccc(C(F)
280,0.654006,0.0792,5.89,1300.0,CCCCC(O)CN(C)[C@H]1C[C@@H]2O[C@](C)([C@H]1OC)n1c3c
281,0.606215,0.0830,5.46,3500.0,CO[C@H]1[C@@H](N(C)C(=O)CNC(=O)OC(C)(C)C)C[C@@H]2O
282,0.888889,0.0690,8.00,10.0,CS(=O)(=O)CCNCc1ccc(-c2ccc3ncnc(Nc4ccc(OCc5cccc(F)
283,0.606215,0.0871,5.46,3500.0,CO[C@H]1[C@@H](N(C)C(=O)CNC(=O)OC(C)(C)C)C[C@@H]2O
284,0.444444,0.0802,4.00,100000.0,CO[C@H]1[C@@H](N(C)C(=O)c2ccccc2)C[C@@H]2O[C@@]1(C
285,0.654006,0.0791,5.89,1300.0,CCCCC(O)CN(C)[C@H]1C[C@@H]2O[C@](C)([C@H]1OC)n1c3c
286,0.654006,0.0822,5.89,1300.0,CCCCC(O)CN(C)[C@H]1C[C@@H]2O[C@](C)([C@H]1OC)n1c3c
287,0.654006,0.0794,5.89,1300.0,CCCCC(O)CN(C)[C@H]1C[C@@H]2O[C@](C)([C@H]1OC)n1c3c
288,0.927421,0.0816,8.35,4.5,Cc1cc(C(=O)N2CCOCC2)[nH]c1/C=C1\C(=O)Nc2ncnc(Nc3cc
289,0.593027,0.0888,5.34,4600.0,CO[C@H]1[C@@H](N(C)C(=O)c2cccc(Cl)c2)C[C@@H]2O[C@@
290,0.971636,0.0787,8.74,1.8,Cc1cc(C(=O)N2CCOCC2)[nH]c1/C=C1\C(=O)Nc2ncnc(Nc3cc
291,0.590973,0.0804,5.32,4800.0,CO[C@H]1[C@@H](N(C)C(=O)c2cccc([N+](=O)[O-])c2)C[C
292,0.696401,0.0786,6.27,540.0,CS(=O)(=O)CCNc1nc(-c2ccc3ncnc(Nc4ccc(OCc5cccc(C(F)
293,0.552789,0.0809,4.98,10590.0,COc1cc2ncc(C#N)c(Nc3ccc(F)c(Cl)c3)c2cc1NC(=O)/C=C/
294,0.606215,0.0853,5.46,3500.0,CO[C@H]1[C@@H](N(C)C(=O)CNC(=O)OC(C)(C)C)C[C@@H]2O
295,0.606215,0.0751,5.46,3500.0,CO[C@H]1[C@@H](N(C)C(=O)CNC(=O)OC(C)(C)C)C[C@@H]2O
296,0.552789,0.0803,4.98,10590.0,COc1cc2ncc(C#N)c(Nc3ccc(F)c(Cl)c3)c2cc1NC(=O)/C=C/
297,0.606215,0.0782,5.46,3500.0,CO[C@H]1[C@@H](N(C)C(=O)CNC(=O)OC(C)(C)C)C[C@@H]2O
298,0.995401,0.0718,8.96,1.1,Cc1cc(C(=O)NCCN2CCOCC2)[nH]c1/C=C1\C(=O)Nc2ncnc(Nc
299,0.552789,0.0776,4.98,10590.0,COc1cc2ncc(C#N)c(Nc3ccc(F)c(Cl)c3)c2cc1NC(=O)/C=C/
300,0.648076,0.0714,5.83,1470.0,COC(=O)CN1CCC(n2cc(-c3cccc(OC)c3)c3c(N)ncnc32)CC1
301,0.888889,0.0790,8.00,10.0,CS(=O)(=O)CCNc1nc(-c2ccc3ncnc(Nc4ccc(OCc5cccc(F)c5
302,0.694646,0.0745,6.25,560.0,C=C(CN(C)C)C(=O)Nc1cc2c(Nc3ccc(F)c(Cl)c3)c(C#N)cnc
303,0.654006,0.0768,5.89,1300.0,CCCCC(O)CN(C)[C@H]1C[C@@H]2O[C@](C)([C@H]1OC)n1c3c
304,0.744330,0.0739,6.70,200.0,CCN(CC)CCNC(=O)c1c(C)[nH]c(/C=C2\C(=O)Nc3ncnc(Nc4c
305,0.606215,0.0810,5.46,3500.0,CO[C@H]1[C@@H](N(C)C(=O)CNC(=O)OC(C)(C)C)C[C@@H]2O
306,0.586101,0.0777,5.27,5310.0,Cc1cc(C(=O)NCCN2CCOCC2)[nH]c1/C=C1\C(=O)N(C)c2ncnc
307,0.444444,0.0853,4.00,100000.0,COC(=O)CN1Cc2c(c3c4ccccc4n4c3c3c2c2ccccc2n3[C@]2(C
308,0.606215,0.0820,5.46,3500.0,CO[C@H]1[C@@H](N(C)C(=O)CNC(=O)OC(C)(C)C)C[C@@H]2O
309,0.696401,0.0740,6.27,540.0,CS(=O)(=O)CCNc1nc(-c2ccc3ncnc(Nc4ccc(OCc5cccc(C(F)
310,0.696401,0.0796,6.27,540.0,CS(=O)(=O)CCNc1nc(-c2ccc3ncnc(Nc4ccc(OCc5cccc(C(F)
311,0.654006,0.0924,5.89,1300.0,CCCCC(O)CN(C)[C@H]1C[C@@H]2O[C@](C)([C@H]1OC)n1c3c
312,0.696401,0.0816,6.27,540.0,CS(=O)(=O)CCNc1nc(-c2ccc3ncnc(Nc4ccc(OCc5cccc(C(F)
313,0.565250,0.0801,5.09,8180.0,CO[C@H]1[C@@H](N(C)C(=O)c2cccnc2)C[C@@H]2O[C@@]1(C
314,0.794305,0.0782,7.15,71.0,CS(=O)(=O)CCNc1nc(-c2ccc3ncnc(Nc4ccc5c(cnn5Cc5cccc
315,0.654006,0.0793,5.89,1300.0,CCCCC(O)CN(C)[C@H]1C[C@@H]2O[C@](C)([C@H]1OC)n1c3c
316,0.654006,0.0828,5.89,1300.0,CCCCC(O)CN(C)[C@H]1C[C@@H]2O[C@](C)([C@H]1OC)n1c3c
317,0.654006,0.0811,5.89,1300.0,CCCCC(O)CN(C)[C@H]1C[C@@H]2O[C@](C)([C@H]1OC)n1c3c
318,0.590573,0.0805,5.32,4840.0,CCN(CC)C(C)/C=C/C(=O)Nc1cc2c(Nc3ccc(F)c(Cl)c3)c(C#
319,0.593027,0.0841,5.34,4600.0,CO[C@H]1[C@@H](N(C)C(=O)c2cccc(Cl)c2)C[C@@H]2O[C@@
320,0.794305,0.0837,7.15,71.0,CS(=O)(=O)CCNc1nc(-c2ccc3ncnc(Nc4ccc5c(cnn5Cc5cccc
321,0.995401,0.0836,8.96,1.1,Cc1cc(C(=O)NCCN2CCOCC2)[nH]c1/C=C1\C(=O)Nc2ncnc(Nc
322,1.000000,0.0826,9.35,0.5,CCN(CC)CC(O)CNC(=O)c1cc(C)c(/C=C2\C(=O)Nc3ncnc(Nc4
323,1.000000,0.0812,9.35,0.5,CCN(CC)CC(O)CNC(=O)c1cc(C)c(/C=C2\C(=O)Nc3ncnc(Nc4
324,0.654006,0.0853,5.89,1300.0,CCCCC(O)CN(C)[C@H]1C[C@@H]2O[C@](C)([C@H]1OC)n1c3c
325,0.696401,0.0726,6.27,540.0,CS(=O)(=O)CCNc1nc(-c2ccc3ncnc(Nc4ccc(OCc5cccc(C(F)
326,0.606215,0.0805,5.46,3500.0,CO[C@H]1[C@@H](N(C)C(=O)CNC(=O)OC(C)(C)C)C[C@@H]2O
327,0.606215,0.0942,5.46,3500.0,CO[C@H]1[C@@H](N(C)C(=O)CNC(=O)OC(C)(C)C)C[C@@H]2O
328,0.606215,0.0855,5.46,3500.0,CO[C@H]1[C@@H](N(C)C(=O)CNC(=O)OC(C)(C)C)C[C@@H]2O
329,0.586101,0.0761,5.27,5310.0,Cc1cc(C(=O)NCCN2CCOCC2)[nH]c1/C=C1\C(=O)N(C)c2ncnc
330,0.995401,0.0801,8.96,1.1,Cc1cc(C(=O)NCCN2CCOCC2)[nH]c1/C=C1\C(=O)Nc2ncnc(Nc
331,0.552789,0.0804,4.98,10590.0,COc1cc2ncc(C#N)c(Nc3ccc(F)c(Cl)c3)c2cc1NC(=O)/C=C/
332,0.696401,0.0827,6.27,540.0,CS(=O)(=O)CCNc1nc(-c2ccc3ncnc(Nc4ccc(OCc5cccc(C(F)
333,0.696401,0.0777,6.27,540.0,CS(=O)(=O)CCNc1nc(-c2ccc3ncnc(Nc4ccc(OCc5cccc(C(F)
334,0.654006,0.0789,5.89,1300.0,CCCCC(O)CN(C)[C@H]1C[C@@H]2O[C@](C)([C@H]1OC)n1c3c
335,0.696401,0.0718,6.27,540.0,CS(=O)(=O)CCNc1nc(-c2ccc3ncnc(Nc4ccc(OCc5cccc(C(F)
336,0.980434,0.0786,8.82,1.5,C=CC(=O)Nc1cc2c(Nc3ccc(F)c(Cl)c3)ncnc2cc1OCCCN1CCO
337,0.565250,0.0753,5.09,8180.0,CO[C@H]1[C@@H](N(C)C(=O)c2cccnc2)C[C@@H]2O[C@@]1(C
338,0.606215,0.0799,5.46,3500.0,CO[C@H]1[C@@H](N(C)C(=O)CNC(=O)OC(C)(C)C)C[C@@H]2O
339,0.696401,0.0809,6.27,540.0,CS(=O)(=O)CCNc1nc(-c2ccc3ncnc(Nc4ccc(OCc5cccc(C(F)
340,0.555556,0.0730,5.00,10000.0,C[C@H](Nc1nccc(-c2c(-c3cccc(C(F)(F)F)c3)nc(C3CCNCC
341,0.590973,0.0818,5.32,4800.0,CO[C@H]1[C@@H](N(C)C(=O)c2cccc([N+](=O)[O-])c2)C[C
342,0.586101,0.0832,5.27,5310.0,Cc1cc(C(=O)NCCN2CCOCC2)[nH]c1/C=C1\C(=O)N(C)c2ncnc
343,0.552789,0.0801,4.98,10590.0,COc1cc2ncc(C#N)c(Nc3ccc(F)c(Cl)c3)c2cc1NC(=O)/C=C/
344,0.552789,0.0735,4.98,10590.0,COc1cc2ncc(C#N)c(Nc3ccc(F)c(Cl)c3)c2cc1NC(=O)/C=C/
345,0.654006,0.0759,5.89,1300.0,CCCCC(O)CN(C)[C@H]1C[C@@H]2O[C@](C)([C@H]1OC)n1c3c
346,0.675658,0.0769,6.08,830.0,COC(=O)CN1CCC(n2cc(-c3cccc(OC)c3)c3c(N)ncnc32)C1
347,0.662067,0.0802,5.96,1100.0,CO[C@H]1[C@@H](N(C)CCC#N)C[C@@H]2O[C@@]1(C)n1c3ccc
348,0.606215,0.0769,5.46,3500.0,CO[C@H]1[C@@H](N(C)C(=O)CNC(=O)OC(C)(C)C)C[C@@H]2O
349,0.606215,0.0878,5.46,3500.0,CO[C@H]1[C@@H](N(C)C(=O)CNC(=O)OC(C)(C)C)C[C@@H]2O
350,0.590573,0.0732,5.32,4840.0,CCN(CC)C(C)/C=C/C(=O)Nc1cc2c(Nc3ccc(F)c(Cl)c3)c(C#
351,0.606215,0.0858,5.46,3500.0,CO[C@H]1[C@@H](N(C)C(=O)CNC(=O)OC(C)(C)C)C[C@@H]2O
352,0.552789,0.0793,4.98,10590.0,COc1cc2ncc(C#N)c(Nc3ccc(F)c(Cl)c3)c2cc1NC(=O)/C=C/
353,0.552789,0.0857,4.98,10590.0,COc1cc2ncc(C#N)c(Nc3ccc(F)c(Cl)c3)c2cc1NC(=O)/C=C/
354,0.606215,0.0764,5.46,3500.0,CO[C@H]1[C@@H](N(C)C(=O)CNC(=O)OC(C)(C)C)C[C@@H]2O
355,0.654006,0.0738,5.89,1300.0,CCCCC(O)CN(C)[C@H]1C[C@@H]2O[C@](C)([C@H]1OC)n1c3c
356,0.565250,0.0780,5.09,8180.0,CO[C@H]1[C@@H](N(C)C(=O)c2cnccn2)C[C@@H]2O[C@@]1(C
357,0.654006,0.0817,5.89,1300.0,CCCCC(O)CN(C)[C@H]1C[C@@H]2O[C@](C)([C@H]1OC)n1c3c
358,0.995401,0.0801,8.96,1.1,Cc1cc(C(=O)NCCN2CCOCC2)[nH]c1/C=C1\C(=O)Nc2ncnc(Nc
359,0.606215,0.0781,5.46,3500.0,CO[C@H]1[C@@H](N(C)C(=O)CNC(=O)OC(C)(C)C)C[C@@H]2O
360,0.927421,0.0807,8.35,4.5,Cc1cc(C(=O)N2CCOCC2)[nH]c1/C=C1\C(=O)Nc2ncnc(Nc3cc
361,0.794305,0.0785,7.15,71.0,CS(=O)(=O)CCNc1nc(-c2ccc3ncnc(Nc4ccc5c(cnn5Cc5cccc
362,0.590973,0.0807,5.32,4800.0,CO[C@H]1[C@@H](N(C)C(=O)c2cccc([N+](=O)[O-])c2)C[C
363,0.654006,0.0763,5.89,1300.0,CCCCC(O)CN(C)[C@H]1C[C@@H]2O[C@](C)([C@H]1OC)n1c3c
364,0.606215,0.0816,5.46,3500.0,CO[C@H]1[C@@H](N(C)C(=O)CNC(=O)OC(C)(C)C)C[C@@H]2O
365,0.846643,0.0857,7.62,24.0,CS(=O)(=O)CCNCCCCOc1ccc2ncnc(Nc3ccc4c(cnn4Cc4cccc(
366,0.995401,0.0751,8.96,1.1,Cc1cc(C(=O)NCCN2CCOCC2)[nH]c1/C=C1\C(=O)Nc2ncnc(Nc
367,0.586101,0.0793,5.27,5310.0,Cc1cc(C(=O)NCCN2CCOCC2)[nH]c1/C=C1\C(=O)N(C)c2ncnc
368,0.593027,0.0799,5.34,4600.0,CO[C@H]1[C@@H](N(C)C(=O)c2cccc(Cl)c2)C[C@@H]2O[C@@
369,0.444444,0.0764,4.00,100000.0,COC(=O)CN1Cc2c(c3c4ccccc4n4c3c3c2c2ccccc2n3[C@]2(C
370,0.590973,0.0786,5.32,4800.0,CO[C@H]1[C@@H](N(C)C(=O)c2cccc([N+](=O)[O-])c2)C[C
371,0.696401,0.0783,6.27,540.0,CS(=O)(=O)CCNc1nc(-c2ccc3ncnc(Nc4ccc(OCc5cccc(C(F)
372,0.654006,0.0858,5.89,1300.0,CCCCC(O)CN(C)[C@H]1C[C@@H]2O[C@](C)([C@H]1OC)n1c3c
373,0.606215,0.0758,5.46,3500.0,CO[C@H]1[C@@H](N(C)C(=O)CNC(=O)OC(C)(C)C)C[C@@H]2O
374,0.654006,0.0798,5.89,1300.0,CCCCC(O)CN(C)[C@H]1C[C@@H]2O[C@](C)([C@H]1OC)n1c3c
375,0.654006,0.0911,5.89,1300.0,CCCCC(O)CN(C)[C@H]1C[C@@H]2O[C@](C)([C@H]1OC)n1c3c
376,0.590573,0.0773,5.32,4840.0,CCN(CC)C(C)/C=C/C(=O)Nc1cc2c(Nc3ccc(F)c(Cl)c3)c(C#
377,0.654006,0.0772,5.89,1300.0,CCCCC(O)CN(C)[C@H]1C[C@@H]2O[C@](C)([C@H]1OC)n1c3c
378,0.590973,0.0777,5.32,4800.0,CO[C@H]1[C@@H](N(C)C(=O)c2cccc([N+](=O)[O-])c2)C[C
379,0.606215,0.0897,5.46,3500.0,CO[C@H]1[C@@H](N(C)C(=O)CNC(=O)OC(C)(C)C)C[C@@H]2O
380,0.995401,0.0842,8.96,1.1,Cc1cc(C(=O)NCCN2CCOCC2)[nH]c1/C=C1\C(=O)Nc2ncnc(Nc
381,0.654006,0.0784,5.89,1300.0,CCCCC(O)CN(C)[C@H]1C[C@@H]2O[C@](C)([C@H]1OC)n1c3c
382,0.590573,0.0789,5.32,4840.0,CCN(CC)C(C)/C=C/C(=O)Nc1cc2c(Nc3ccc(F)c(Cl)c3)c(C#
383,0.749414,0.0781,6.74,180.0,Cc1[nH]c(/C=C2\C(=O)Nc3ncnc(Nc4ccc(F)c(Cl)c4)c32)c
384,0.995401,0.0750,8.96,1.1,Cc1cc(C(=O)NCCN2CCOCC2)[nH]c1/C=C1\C(=O)Nc2ncnc(Nc
385,0.590973,0.0907,5.32,4800.0,CO[C@H]1[C@@H](N(C)C(=O)c2cccc([N+](=O)[O-])c2)C[C
386,0.590973,0.0798,5.32,4800.0,CO[C@H]1[C@@H](N(C)C(=O)c2cccc([N+](=O)[O-])c2)C[C
387,0.606215,0.0809,5.46,3500.0,CO[C@H]1[C@@H](N(C)C(=O)CNC(=O)OC(C)(C)C)C[C@@H]2O
388,0.606215,0.0845,5.46,3500.0,CO[C@H]1[C@@H](N(C)C(=O)CNC(=O)OC(C)(C)C)C[C@@H]2O
389,0.590973,0.0774,5.32,4800.0,CO[C@H]1[C@@H](N(C)C(=O)c2cccc([N+](=O)[O-])c2)C[C
390,0.696401,0.0846,6.27,540.0,CS(=O)(=O)CCNc1nc(-c2ccc3ncnc(Nc4ccc(OCc5cccc(C(F)
391,0.654006,0.0891,5.89,1300.0,CCCCC(O)CN(C)[C@H]1C[C@@H]2O[C@](C)([C@H]1OC)n1c3c
392,0.552789,0.0806,4.98,10590.0,COc1cc2ncc(C#N)c(Nc3ccc(F)c(Cl)c3)c2cc1NC(=O)/C=C/
393,0.606215,0.0932,5.46,3500.0,CO[C@H]1[C@@H](N(C)C(=O)CNC(=O)OC(C)(C)C)C[C@@H]2O
394,0.606215,0.0811,5.46,3500.0,CO[C@H]1[C@@H](N(C)C(=O)CNC(=O)OC(C)(C)C)C[C@@H]2O
395,1.000000,0.0823,9.35,0.5,CCN(CC)CC(O)CNC(=O)c1cc(C)c(/C=C2\C(=O)Nc3ncnc(Nc4
396,0.680549,0.0734,6.12,750.0,COc1cccc(-c2cn(C3CCN(CC(=O)N(C)C)CC3)c3ncnc(N)c23)
397,0.654006,0.0743,5.89,1300.0,CCCCC(O)CN(C)[C@H]1C[C@@H]2O[C@](C)([C@H]1OC)n1c3c
398,0.552789,0.0833,4.98,10590.0,COc1cc2ncc(C#N)c(Nc3ccc(F)c(Cl)c3)c2cc1NC(=O)/C=C/
399,0.654006,0.0847,5.89,1300.0,CCCCC(O)CN(C)[C@H]1C[C@@H]2O[C@](C)([C@H]1OC)n1c3c
400,0.565250,0.0855,5.09,8180.0,CO[C@H]1[C@@H](N(C)C(=O)c2cccnc2)C[C@@H]2O[C@@]1(C
401,0.444444,0.0727,4.00,100000.0,COC(=O)CN1Cc2c(c3c4ccccc4n4c3c3c2c2ccccc2n3[C@]2(C
402,0.552789,0.0786,4.98,10590.0,COc1cc2ncc(C#N)c(Nc3ccc(F)c(Cl)c3)c2cc1NC(=O)/C=C/
403,0.590973,0.0836,5.32,4800.0,CO[C@H]1[C@@H](N(C)C(=O)c2cccc([N+](=O)[O-])c2)C[C
404,0.696401,0.0812,6.27,540.0,CS(=O)(=O)CCNc1nc(-c2ccc3ncnc(Nc4ccc(OCc5cccc(C(F)
405,0.794305,0.0694,7.15,71.0,CS(=O)(=O)CCNc1nc(-c2ccc3ncnc(Nc4ccc5c(cnn5Cc5cccc
406,0.606215,0.0862,5.46,3500.0,CO[C@H]1[C@@H](N(C)C(=O)CNC(=O)OC(C)(C)C)C[C@@H]2O
407,0.995401,0.0744,8.96,1.1,Cc1cc(C(=O)NCCN2CCOCC2)[nH]c1/C=C1\C(=O)Nc2ncnc(Nc
408,0.995401,0.0752,8.96,1.1,Cc1cc(C(=O)NCCN2CCOCC2)[nH]c1/C=C1\C(=O)Nc2ncnc(Nc
409,0.590573,0.0866,5.32,4840.0,CCN(CC)C(C)/C=C/C(=O)Nc1cc2c(Nc3ccc(F)c(Cl)c3)c(C#
410,0.606215,0.0767,5.46,3500.0,CO[C@H]1[C@@H](N(C)C(=O)CNC(=O)OC(C)(C)C)C[C@@H]2O
411,0.696401,0.0826,6.27,540.0,CS(=O)(=O)CCNc1nc(-c2ccc3ncnc(Nc4ccc(OCc5cccc(C(F)
412,0.590973,0.0864,5.32,4800.0,CO[C@H]1[C@@H](N(C)C(=O)c2cccc([N+](=O)[O-])c2)C[C
413,0.681196,0.0775,6.13,740.0,COC(=O)CN1CCC(n2cc(-c3cccc(O)c3)c3c(N)ncnc32)C1
414,0.654006,0.0795,5.89,1300.0,CCCCC(O)CN(C)[C@H]1C[C@@H]2O[C@](C)([C@H]1OC)n1c3c
415,0.654006,0.0747,5.89,1300.0,CCCCC(O)CN(C)[C@H]1C[C@@H]2O[C@](C)([C@H]1OC)n1c3c
416,0.565250,0.0739,5.09,8180.0,CO[C@H]1[C@@H](N(C)C(=O)c2cccnc2)C[C@@H]2O[C@@]1(C
417,0.606215,0.0886,5.46,3500.0,CO[C@H]1[C@@H](N(C)C(=O)CNC(=O)OC(C)(C)C)C[C@@H]2O
418,0.444444,0.0792,4.00,100000.0,CO[C@H]1[C@@H](N(C)C(=O)c2ccccc2)C[C@@H]2O[C@@]1(C
419,0.654006,0.0767,5.89,1300.0,CCCCC(O)CN(C)[C@H]1C[C@@H]2O[C@](C)([C@H]1OC)n1c3c
420,0.586101,0.0764,5.27,5310.0,Cc1cc(C(=O)NCCN2CCOCC2)[nH]c1/C=C1\C(=O)N(C)c2ncnc
421,0.552789,0.0850,4.98,10590.0,COc1cc2ncc(C#N)c(Nc3ccc(F)c(Cl)c3)c2cc1NC(=O)/C=C/
422,0.606215,0.0878,5.46,3500.0,CO[C@H]1[C@@H](N(C)C(=O)CNC(=O)OC(C)(C)C)C[C@@H]2O
423,0.971636,0.0825,8.74,1.8,Cc1cc(C(=O)N2CCOCC2)[nH]c1/C=C1\C(=O)Nc2ncnc(Nc3cc
424,0.654006,0.0769,5.89,1300.0,CCCCC(O)CN(C)[C@H]1C[C@@H]2O[C@](C)([C@H]1OC)n1c3c
425,0.654006,0.0791,5.89,1300.0,CCCCC(O)CN(C)[C@H]1C[C@@H]2O[C@](C)([C@H]1OC)n1c3c
426,0.654006,0.0840,5.89,1300.0,CCCCC(O)CN(C)[C@H]1C[C@@H]2O[C@](C)([C@H]1OC)n1c3c
427,0.444444,0.0801,4.00,100000.0,CO[C@H]1[C@@H](N(C)C(=O)c2ccccc2)C[C@@H]2O[C@@]1(C
428,0.846643,0.0738,7.62,24.0,CS(=O)(=O)CCNCCCCOc1ccc2ncnc(Nc3ccc4c(cnn4Cc4cccc(
429,0.995401,0.0802,8.96,1.1,Cc1cc(C(=O)NCCN2CCOCC2)[nH]c1/C=C1\C(=O)Nc2ncnc(Nc
430,0.995401,0.0780,8.96,1.1,Cc1cc(C(=O)NCCN2CCOCC2)[nH]c1/C=C1\C(=O)Nc2ncnc(Nc
431,0.444444,0.0777,4.00,100000.0,COC(=O)CN1Cc2c(c3c4ccccc4n4c3c3c2c2ccccc2n3[C@]2(C
432,0.590573,0.0799,5.32,4840.0,CCN(CC)C(C)/C=C/C(=O)Nc1cc2c(Nc3ccc(F)c(Cl)c3)c(C#
433,0.654006,0.0828,5.89,1300.0,CCCCC(O)CN(C)[C@H]1C[C@@H]2O[C@](C)([C@H]1OC)n1c3c
434,0.565250,0.0825,5.09,8180.0,CO[C@H]1[C@@H](N(C)C(=O)c2cnccn2)C[C@@H]2O[C@@]1(C
435,0.590573,0.0809,5.32,4840.0,CCN(CC)C(C)/C=C/C(=O)Nc1cc2c(Nc3ccc(F)c(Cl)c3)c(C#
436,0.606215,0.0838,5.46,3500.0,CO[C@H]1[C@@H](N(C)C(=O)CNC(=O)OC(C)(C)C)C[C@@H]2O
437,0.995401,0.0846,8.96,1.1,Cc1cc(C(=O)NCCN2CCOCC2)[nH]c1/C=C1\C(=O)Nc2ncnc(Nc
438,0.654006,0.0833,5.89,1300.0,CCCCC(O)CN(C)[C@H]1C[C@@H]2O[C@](C)([C@H]1OC)n1c3c
439,0.654006,0.0905,5.89,1300.0,CCCCC(O)CN(C)[C@H]1C[C@@H]2O[C@](C)([C@H]1OC)n1c3c
440,0.654006,0.0918,5.89,1300.0,CCCCC(O)CN(C)[C@H]1C[C@@H]2O[C@](C)([C@H]1OC)n1c3c
441,0.552789,0.0813,4.98,10590.0,COc1cc2ncc(C#N)c(Nc3ccc(F)c(Cl)c3)c2cc1NC(=O)/C=C/
442,0.927421,0.0783,8.35,4.5,Cc1cc(C(=O)N2CCOCC2)[nH]c1/C=C1\C(=O)Nc2ncnc(Nc3cc
443,0.606215,0.0936,5.46,3500.0,CO[C@H]1[C@@H](N(C)C(=O)CNC(=O)OC(C)(C)C)C[C@@H]2O
444,1.000000,0.0779,9.35,0.5,CCN(CC)CC(O)CNC(=O)c1cc(C)c(/C=C2\C(=O)Nc3ncnc(Nc4
445,0.696401,0.0826,6.27,540.0,CS(=O)(=O)CCNc1nc(-c2ccc3ncnc(Nc4ccc(OCc5cccc(C(F)
446,0.696401,0.0789,6.27,540.0,CS(=O)(=O)CCNc1nc(-c2ccc3ncnc(Nc4ccc(OCc5cccc(C(F)
447,0.444444,0.0719,4.00,100000.0,CO[C@H]1[C@@H](N(C)C(=O)c2ccccc2)C[C@@H]2O[C@@]1(C
448,0.590973,0.0909,5.32,4800.0,CO[C@H]1[C@@H](N(C)C(=O)c2cccc([N+](=O)[O-])c2)C[C
449,0.606215,0.0881,5.46,3500.0,CO[C@H]1[C@@H](N(C)C(=O)CNC(=O)OC(C)(C)C)C[C@@H]2O
450,0.888889,0.0820,8.00,10.0,CS(=O)(=O)CCNc1nc(-c2ccc3ncnc(Nc4ccc(OCc5cccc(F)c5
451,0.888889,0.0799,8.00,10.0,CS(=O)(=O)CCNCc1ccc(-c2ccc3ncnc(Nc4ccc(OCc5cccc(F)
452,0.654006,0.0872,5.89,1300.0,CCCCC(O)CN(C)[C@H]1C[C@@H]2O[C@](C)([C@H]1OC)n1c3c
453,0.744330,0.0806,6.70,200.0,CCN(CC)CCNC(=O)c1c(C)[nH]c(/C=C2\C(=O)Nc3ncnc(Nc4c
454,0.654006,0.0823,5.89,1300.0,CCCCC(O)CN(C)[C@H]1C[C@@H]2O[C@](C)([C@H]1OC)n1c3c
455,0.590973,0.0778,5.32,4800.0,CO[C@H]1[C@@H](N(C)C(=O)c2cccc([N+](=O)[O-])c2)C[C
456,0.590973,0.0822,5.32,4800.0,CO[C@H]1[C@@H](N(C)C(=O)c2cccc([N+](=O)[O-])c2)C[C
457,0.725575,0.0719,6.53,295.0,COc1cccc(-c2cn(C3CCN(CCN(C)CCO)CC3)c3ncnc(N)c23)c1
458,0.590573,0.0793,5.32,4840.0,CCN(CC)C(C)/C=C/C(=O)Nc1cc2c(Nc3ccc(F)c(Cl)c3)c(C#
459,0.654006,0.0914,5.89,1300.0,CCCCC(O)CN(C)[C@H]1C[C@@H]2O[C@](C)([C@H]1OC)n1c3c
460,0.590573,0.0845,5.32,4840.0,CCN(CC)C(C)/C=C/C(=O)Nc1cc2c(Nc3ccc(F)c(Cl)c3)c(C#
461,0.696401,0.0792,6.27,540.0,CS(=O)(=O)CCNc1nc(-c2ccc3ncnc(Nc4ccc(OCc5cccc(C(F)
462,0.696401,0.0846,6.27,540.0,CS(=O)(=O)CCNc1nc(-c2ccc3ncnc(Nc4ccc(OCc5cccc(C(F)
463,0.552789,0.0838,4.98,10590.0,COc1cc2ncc(C#N)c(Nc3ccc(F)c(Cl)c3)c2cc1NC(=O)/C=C/
464,0.606215,0.0914,5.46,3500.0,CO[C@H]1[C@@H](N(C)C(=O)CNC(=O)OC(C)(C)C)C[C@@H]2O
465,0.593027,0.0768,5.34,4600.0,CO[C@H]1[C@@H](N(C)C(=O)c2cccc(Cl)c2)C[C@@H]2O[C@@
466,0.696401,0.0732,6.27,540.0,CS(=O)(=O)CCNc1nc(-c2ccc3ncnc(Nc4ccc(OCc5cccc(C(F)
467,0.606215,0.0792,5.46,3500.0,CO[C@H]1[C@@H](N(C)C(=O)CNC(=O)OC(C)(C)C)C[C@@H]2O
468,0.995401,0.0862,8.96,1.1,Cc1cc(C(=O)NCCN2CCOCC2)[nH]c1/C=C1\C(=O)Nc2ncnc(Nc
469,0.654006,0.0861,5.89,1300.0,CCCCC(O)CN(C)[C@H]1C[C@@H]2O[C@](C)([C@H]1OC)n1c3c
470,0.606215,0.0866,5.46,3500.0,CO[C@H]1[C@@H](N(C)C(=O)CNC(=O)OC(C)(C)C)C[C@@H]2O
471,0.654006,0.0804,5.89,1300.0,CCCCC(O)CN(C)[C@H]1C[C@@H]2O[C@](C)([C@H]1OC)n1c3c
472,0.444444,0.0884,4.00,100000.0,COC(=O)CN1Cc2c(c3c4ccccc4n4c3c3c2c2ccccc2n3[C@]2(C
473,0.606215,0.0838,5.46,3500.0,CO[C@H]1[C@@H](N(C)C(=O)CNC(=O)OC(C)(C)C)C[C@@H]2O
474,0.590973,0.0835,5.32,4800.0,CO[C@H]1[C@@H](N(C)C(=O)c2cccc([N+](=O)[O-])c2)C[C
475,0.606215,0.0879,5.46,3500.0,CO[C@H]1[C@@H](N(C)C(=O)CNC(=O)OC(C)(C)C)C[C@@H]2O
476,0.696401,0.0748,6.27,540.0,CS(=O)(=O)CCNc1nc(-c2ccc3ncnc(Nc4ccc(OCc5cccc(C(F)
477,0.590973,0.0755,5.32,4800.0,CO[C@H]1[C@@H](N(C)C(=O)c2cccc([N+](=O)[O-])c2)C[C
478,0.593027,0.0827,5.34,4600.0,CO[C@H]1[C@@H](N(C)C(=O)c2cccc(Cl)c2)C[C@@H]2O[C@@
479,0.995401,0.0822,8.96,1.1,Cc1cc(C(=O)NCCN2CCOCC2)[nH]c1/C=C1\C(=O)Nc2ncnc(Nc
480,0.606215,0.0857,5.46,3500.0,CO[C@H]1[C@@H](N(C)C(=O)CNC(=O)OC(C)(C)C)C[C@@H]2O
481,0.565250,0.0789,5.09,8180.0,CO[C@H]1[C@@H](N(C)C(=O)c2cnccn2)C[C@@H]2O[C@@]1(C
482,0.552789,0.0730,4.98,10590.0,COc1cc2ncc(C#N)c(Nc3ccc(F)c(Cl)c3)c2cc1NC(=O)/C=C/
483,0.552789,0.0869,4.98,10590.0,COc1cc2ncc(C#N)c(Nc3ccc(F)c(Cl)c3)c2cc1NC(=O)/C=C/
484,0.654006,0.0789,5.89,1300.0,CCCCC(O)CN(C)[C@H]1C[C@@H]2O[C@](C)([C@H]1OC)n1c3c
485,0.794305,0.0836,7.15,71.0,CS(=O)(=O)CCNc1nc(-c2ccc3ncnc(Nc4ccc5c(cnn5Cc5cccc
486,0.590573,0.0773,5.32,4840.0,CCN(CC)C(C)/C=C/C(=O)Nc1cc2c(Nc3ccc(F)c(Cl)c3)c(C#
487,0.995401,0.0829,8.96,1.1,Cc1cc(C(=O)NCCN2CCOCC2)[nH]c1/C=C1\C(=O)Nc2ncnc(Nc
488,0.680549,0.0662,6.12,750.0,COc1cccc(-c2cn(C3CCN(CC(=O)N(C)C)CC3)c3ncnc(N)c23)
489,0.654006,0.0881,5.89,1300.0,CCCCC(O)CN(C)[C@H]1C[C@@H]2O[C@](C)([C@H]1OC)n1c3c
490,0.606215,0.0832,5.46,3500.0,CO[C@H]1[C@@H](N(C)C(=O)CNC(=O)OC(C)(C)C)C[C@@H]2O
491,0.606215,0.0859,5.46,3500.0,CO[C@H]1[C@@H](N(C)C(=O)CNC(=O)OC(C)(C)C)C[C@@H]2O
492,0.654006,0.0806,5.89,1300.0,CCCCC(O)CN(C)[C@H]1C[C@@H]2O[C@](C)([C@H]1OC)n1c3c
493,0.794305,0.0760,7.15,71.0,CS(=O)(=O)CCNc1nc(-c2ccc3ncnc(Nc4ccc5c(cnn5Cc5cccc
494,0.654006,0.0858,5.89,1300.0,CCCCC(O)CN(C)[C@H]1C[C@@H]2O[C@](C)([C@H]1OC)n1c3c
495,0.586101,0.0759,5.27,5310.0,Cc1cc(C(=O)NCCN2CCOCC2)[nH]c1/C=C1\C(=O)N(C)c2ncnc
496,0.654006,0.0783,5.89,1300.0,CCCCC(O)CN(C)[C@H]1C[C@@H]2O[C@](C)([C@H]1OC)n1c3c
497,0.654006,0.0703,5.89,1300.0,CCCCC(O)CN(C)[C@H]1C[C@@H]2O[C@](C)([C@H]1OC)n1c3c
498,0.654006,0.0808,5.89,1300.0,CCCCC(O)CN(C)[C@H]1C[C@@H]2O[C@](C)([C@H]1OC)n1c3c
499,0.654006,0.0701,5.89,1300.0,CCCCC(O)CN(C)[C@H]1C[C@@H]2O[C@](C)([C@H]1OC)n1c3c
500,0.606215,0.0870,5.46,3500.0,CO[C@H]1[C@@H](N(C)C(=O)CNC(=O)OC(C)(C)C)C[C@@H]2O
501,0.725575,0.0726,6.53,295.0,COc1cccc(-c2cn(C3CCN(CCN(C)CCO)CC3)c3ncnc(N)c23)c1
502,0.444444,0.0728,4.00,100000.0,COC(=O)CN1Cc2c(c3c4ccccc4n4c3c3c2c2ccccc2n3[C@]2(C
503,0.654006,0.0802,5.89,1300.0,CCCCC(O)CN(C)[C@H]1C[C@@H]2O[C@](C)([C@H]1OC)n1c3c
504,0.794305,0.0790,7.15,71.0,CS(=O)(=O)CCNc1nc(-c2ccc3ncnc(Nc4ccc5c(cnn5Cc5cccc
505,0.586667,0.0801,5.28,5248.1,COc1cc(/C=C(\C#N)C(N)=O)cc(CSc2nc3ccccc3o2)c1O
506,0.619822,0.0796,5.58,2640.0,CN(C)C/C=C/C(=O)Nc1cc2c(Nc3ccc(F)c(Cl)c3)c(C#N)cnc
507,0.590573,0.0762,5.32,4840.0,CCN(CC)C(C)/C=C/C(=O)Nc1cc2c(Nc3ccc(F)c(Cl)c3)c(C#
508,0.606215,0.0801,5.46,3500.0,CO[C@H]1[C@@H](N(C)C(=O)CNC(=O)OC(C)(C)C)C[C@@H]2O
509,0.846643,0.0813,7.62,24.0,CS(=O)(=O)CCNCCCCOc1ccc2ncnc(Nc3ccc4c(cnn4Cc4cccc(
510,0.606215,0.0839,5.46,3500.0,CO[C@H]1[C@@H](N(C)C(=O)CNC(=O)OC(C)(C)C)C[C@@H]2O
511,0.453333,0.0799,4.08,83176.4,COc1cc(/C=C(\C#N)C(N)=O)cc(CSc2nc3cc(Cl)ccc3s2)c1O
512,0.696401,0.0747,6.27,540.0,CS(=O)(=O)CCNc1nc(-c2ccc3ncnc(Nc4ccc(OCc5cccc(C(F)
513,0.654006,0.0866,5.89,1300.0,CCCCC(O)CN(C)[C@H]1C[C@@H]2O[C@](C)([C@H]1OC)n1c3c
514,0.654006,0.0871,5.89,1300.0,CCCCC(O)CN(C)[C@H]1C[C@@H]2O[C@](C)([C@H]1OC)n1c3c
515,0.606215,0.0856,5.46,3500.0,CO[C@H]1[C@@H](N(C)C(=O)CNC(=O)OC(C)(C)C)C[C@@H]2O
516,0.590973,0.0761,5.32,4800.0,CO[C@H]1[C@@H](N(C)C(=O)c2cccc([N+](=O)[O-])c2)C[C
517,0.927421,0.0833,8.35,4.5,Cc1cc(C(=O)N2CCOCC2)[nH]c1/C=C1\C(=O)Nc2ncnc(Nc3cc
518,0.794305,0.0820,7.15,71.0,CS(=O)(=O)CCNc1nc(-c2ccc3ncnc(Nc4ccc5c(cnn5Cc5cccc
519,0.606215,0.0835,5.46,3500.0,CO[C@H]1[C@@H](N(C)C(=O)CNC(=O)OC(C)(C)C)C[C@@H]2O
520,0.662067,0.0808,5.96,1100.0,CO[C@H]1[C@@H](N(C)CCC#N)C[C@@H]2O[C@@]1(C)n1c3ccc
521,0.552789,0.0802,4.98,10590.0,COc1cc2ncc(C#N)c(Nc3ccc(F)c(Cl)c3)c2cc1NC(=O)/C=C/
522,0.696401,0.0791,6.27,540.0,CS(=O)(=O)CCNc1nc(-c2ccc3ncnc(Nc4ccc(OCc5cccc(C(F)
523,0.995401,0.0801,8.96,1.1,Cc1cc(C(=O)NCCN2CCOCC2)[nH]c1/C=C1\C(=O)Nc2ncnc(Nc
524,0.654006,0.0780,5.89,1300.0,CCCCC(O)CN(C)[C@H]1C[C@@H]2O[C@](C)([C@H]1OC)n1c3c
525,0.788546,0.0783,7.10,80.0,CCOc1cc2ncc(C#N)c(Nc3ccc(F)c(Cl)c3)c2cc1NC(=O)/C=C
526,0.606215,0.0840,5.46,3500.0,CO[C@H]1[C@@H](N(C)C(=O)CNC(=O)OC(C)(C)C)C[C@@H]2O
527,0.619822,0.0807,5.58,2640.0,CN(C)C/C=C/C(=O)Nc1cc2c(Nc3ccc(F)c(Cl)c3)c(C#N)cnc
528,0.552789,0.0841,4.98,10590.0,COc1cc2ncc(C#N)c(Nc3ccc(F)c(Cl)c3)c2cc1NC(=O)/C=C/
529,0.696401,0.0724,6.27,540.0,CS(=O)(=O)CCNc1nc(-c2ccc3ncnc(Nc4ccc(OCc5cccc(C(F)
530,0.696401,0.0721,6.27,540.0,CS(=O)(=O)CCNc1nc(-c2ccc3ncnc(Nc4ccc(OCc5cccc(C(F)
531,0.606215,0.0801,5.46,3500.0,CO[C@H]1[C@@H](N(C)C(=O)CNC(=O)OC(C)(C)C)C[C@@H]2O
532,0.696401,0.0761,6.27,540.0,CS(=O)(=O)CCNc1nc(-c2ccc3ncnc(Nc4ccc(OCc5cccc(C(F)
533,0.888889,0.0874,8.00,10.0,CS(=O)(=O)CCNCc1ccc(-c2ccc3ncnc(Nc4ccc(OCc5cccc(F)
534,0.971636,0.0731,8.74,1.8,Cc1cc(C(=O)N2CCOCC2)[nH]c1/C=C1\C(=O)Nc2ncnc(Nc3cc
535,0.606215,0.0812,5.46,3500.0,CO[C@H]1[C@@H](N(C)C(=O)CNC(=O)OC(C)(C)C)C[C@@H]2O
536,0.995401,0.0777,8.96,1.1,Cc1cc(C(=O)NCCN2CCOCC2)[nH]c1/C=C1\C(=O)Nc2ncnc(Nc
537,0.654006,0.0760,5.89,1300.0,CCCCC(O)CN(C)[C@H]1C[C@@H]2O[C@](C)([C@H]1OC)n1c3c
538,0.846643,0.0719,7.62,24.0,CS(=O)(=O)CCNCCCCOc1ccc2ncnc(Nc3ccc4c(cnn4Cc4cccc(
539,0.654006,0.0852,5.89,1300.0,CCCCC(O)CN(C)[C@H]1C[C@@H]2O[C@](C)([C@H]1OC)n1c3c
540,0.995401,0.0672,8.96,1.1,Cc1cc(C(=O)NCCN2CCOCC2)[nH]c1/C=C1\C(=O)Nc2ncnc(Nc
541,0.552789,0.0879,4.98,10590.0,COc1cc2ncc(C#N)c(Nc3ccc(F)c(Cl)c3)c2cc1NC(=O)/C=C/
542,0.888889,0.0796,8.00,10.0,CS(=O)(=O)CCNCc1ccc(-c2ccc3ncnc(Nc4ccc(OCc5cccc(F)
543,0.749414,0.0762,6.74,180.0,Cc1[nH]c(/C=C2\C(=O)Nc3ncnc(Nc4ccc(F)c(Cl)c4)c32)c
544,0.606215,0.0825,5.46,3500.0,CO[C@H]1[C@@H](N(C)C(=O)CNC(=O)OC(C)(C)C)C[C@@H]2O
545,0.606215,0.0849,5.46,3500.0,CO[C@H]1[C@@H](N(C)C(=O)CNC(=O)OC(C)(C)C)C[C@@H]2O
546,0.888889,0.0879,8.00,10.0,CS(=O)(=O)CCNc1nc(-c2ccc3ncnc(Nc4ccc(OCc5cccc(F)c5
547,0.444444,0.0821,4.00,100000.0,COC(=O)CN1Cc2c(c3c4ccccc4n4c3c3c2c2ccccc2n3[C@]2(C
548,0.586101,0.0826,5.27,5310.0,Cc1cc(C(=O)NCCN2CCOCC2)[nH]c1/C=C1\C(=O)N(C)c2ncnc
549,0.794305,0.0803,7.15,71.0,CS(=O)(=O)CCNc1nc(-c2ccc3ncnc(Nc4ccc5c(cnn5Cc5cccc
550,0.565250,0.0727,5.09,8180.0,CO[C@H]1[C@@H](N(C)C(=O)c2cnccn2)C[C@@H]2O[C@@]1(C
551,0.619822,0.0839,5.58,2640.0,CN(C)C/C=C/C(=O)Nc1cc2c(Nc3ccc(F)c(Cl)c3)c(C#N)cnc
552,0.696401,0.0819,6.27,540.0,CS(=O)(=O)CCNc1nc(-c2ccc3ncnc(Nc4ccc(OCc5cccc(C(F)
553,0.606215,0.0793,5.46,3500.0,CO[C@H]1[C@@H](N(C)C(=O)CNC(=O)OC(C)(C)C)C[C@@H]2O
554,0.606215,0.0717,5.46,3500.0,CO[C@H]1[C@@H](N(C)C(=O)CNC(=O)OC(C)(C)C)C[C@@H]2O
555,0.593027,0.0755,5.34,4600.0,CO[C@H]1[C@@H](N(C)C(=O)c2cccc(Cl)c2)C[C@@H]2O[C@@
556,0.453333,0.0811,4.08,83176.4,COc1cc(/C=C(\C#N)C(N)=O)cc(CSc2nc3cc(Cl)ccc3s2)c1O
557,0.590973,0.0807,5.32,4800.0,CO[C@H]1[C@@H](N(C)C(=O)c2cccc([N+](=O)[O-])c2)C[C
558,0.888889,0.0724,8.00,10.0,CS(=O)(=O)CCNCc1ccc(-c2ccc3ncnc(Nc4ccc(OCc5cccc(F)
559,0.654006,0.0841,5.89,1300.0,CCCCC(O)CN(C)[C@H]1C[C@@H]2O[C@](C)([C@H]1OC)n1c3c
560,0.606215,0.0861,5.46,3500.0,CO[C@H]1[C@@H](N(C)C(=O)CNC(=O)OC(C)(C)C)C[C@@H]2O
561,0.696401,0.0759,6.27,540.0,CS(=O)(=O)CCNc1nc(-c2ccc3ncnc(Nc4ccc(OCc5cccc(C(F)
562,0.654006,0.0795,5.89,1300.0,CCCCC(O)CN(C)[C@H]1C[C@@H]2O[C@](C)([C@H]1OC)n1c3c
563,0.995401,0.0768,8.96,1.1,Cc1cc(C(=O)NCCN2CCOCC2)[nH]c1/C=C1\C(=O)Nc2ncnc(Nc
564,0.461656,0.0811,4.15,70000.0,CO[C@H]1[C@@H](N(C)C(=O)c2cc([N+](=O)[O-])cc([N+](
565,0.705199,0.0751,6.35,450.0,CCN(CC)CCNC(=O)c1cc(C)c(/C=C2\C(=O)Nc3ncnc(Nc4ccc(
566,0.696401,0.0740,6.27,540.0,CS(=O)(=O)CCNc1nc(-c2ccc3ncnc(Nc4ccc(OCc5cccc(C(F)
567,0.590573,0.0771,5.32,4840.0,CCN(CC)C(C)/C=C/C(=O)Nc1cc2c(Nc3ccc(F)c(Cl)c3)c(C#
568,0.888889,0.0781,8.00,10.0,CS(=O)(=O)CCNCc1ccc(-c2ccc3ncnc(Nc4ccc(OCc5cccc(F)
569,0.606215,0.0907,5.46,3500.0,CO[C@H]1[C@@H](N(C)C(=O)CNC(=O)OC(C)(C)C)C[C@@H]2O
570,0.606215,0.0858,5.46,3500.0,CO[C@H]1[C@@H](N(C)C(=O)CNC(=O)OC(C)(C)C)C[C@@H]2O
571,0.590973,0.0792,5.32,4800.0,CO[C@H]1[C@@H](N(C)C(=O)c2cccc([N+](=O)[O-])c2)C[C
572,0.654006,0.0741,5.89,1300.0,CCCCC(O)CN(C)[C@H]1C[C@@H]2O[C@](C)([C@H]1OC)n1c3c
573,0.606215,0.0862,5.46,3500.0,CO[C@H]1[C@@H](N(C)C(=O)CNC(=O)OC(C)(C)C)C[C@@H]2O
574,0.794305,0.0841,7.15,71.0,CS(=O)(=O)CCNc1nc(-c2ccc3ncnc(Nc4ccc5c(cnn5Cc5cccc
575,0.590573,0.0908,5.32,4840.0,CCN(CC)C(C)/C=C/C(=O)Nc1cc2c(Nc3ccc(F)c(Cl)c3)c(C#
576,0.606215,0.0781,5.46,3500.0,CO[C@H]1[C@@H](N(C)C(=O)CNC(=O)OC(C)(C)C)C[C@@H]2O
577,0.888889,0.0794,8.00,10.0,CS(=O)(=O)CCNc1nc(-c2ccc3ncnc(Nc4ccc(OCc5cccc(F)c5
578,1.000000,0.0780,9.35,0.5,CCN(CC)CC(O)CNC(=O)c1cc(C)c(/C=C2\C(=O)Nc3ncnc(Nc4
579,0.477892,0.0753,4.30,50000.0,CN1CC[C@H](c2c(O)cc(O)c3c(=O)cc(Oc4ccccc4Cl)oc23)[
580,0.888889,0.0753,8.00,10.0,CS(=O)(=O)CCNCc1ccc(-c2ccc3ncnc(Nc4ccc(OCc5cccc(F)
581,0.590973,0.0715,5.32,4800.0,CO[C@H]1[C@@H](N(C)C(=O)c2cccc([N+](=O)[O-])c2)C[C
582,0.654006,0.0801,5.89,1300.0,CCCCC(O)CN(C)[C@H]1C[C@@H]2O[C@](C)([C@H]1OC)n1c3c
583,0.552789,0.0833,4.98,10590.0,COc1cc2ncc(C#N)c(Nc3ccc(F)c(Cl)c3)c2cc1NC(=O)/C=C/
584,0.888889,0.0781,8.00,10.0,CS(=O)(=O)CCNCc1ccc(-c2ccc3ncnc(Nc4ccc(OCc5cccc(F)
585,0.654006,0.0840,5.89,1300.0,CCCCC(O)CN(C)[C@H]1C[C@@H]2O[C@](C)([C@H]1OC)n1c3c
586,0.794305,0.0753,7.15,71.0,CS(=O)(=O)CCNc1nc(-c2ccc3ncnc(Nc4ccc5c(cnn5Cc5cccc
587,0.696401,0.0731,6.27,540.0,CS(=O)(=O)CCNc1nc(-c2ccc3ncnc(Nc4ccc(OCc5cccc(C(F)
588,0.980434,0.0752,8.82,1.5,C=CC(=O)Nc1cc2c(Nc3ccc(F)c(Cl)c3)ncnc2cc1OCCCN1CCO
589,0.705199,0.0785,6.35,450.0,CCN(CC)CCNC(=O)c1cc(C)c(/C=C2\C(=O)Nc3ncnc(Nc4ccc(
590,0.606215,0.0774,5.46,3500.0,CO[C@H]1[C@@H](N(C)C(=O)CNC(=O)OC(C)(C)C)C[C@@H]2O
591,0.654006,0.0882,5.89,1300.0,CCCCC(O)CN(C)[C@H]1C[C@@H]2O[C@](C)([C@H]1OC)n1c3c
592,0.654006,0.0799,5.89,1300.0,CCCCC(O)CN(C)[C@H]1C[C@@H]2O[C@](C)([C@H]1OC)n1c3c
593,0.606215,0.0760,5.46,3500.0,CO[C@H]1[C@@H](N(C)C(=O)CNC(=O)OC(C)(C)C)C[C@@H]2O
594,0.606215,0.0821,5.46,3500.0,CO[C@H]1[C@@H](N(C)C(=O)CNC(=O)OC(C)(C)C)C[C@@H]2O
595,1.000000,0.0785,9.35,0.5,CCN(CC)CC(O)CNC(=O)c1cc(C)c(/C=C2\C(=O)Nc3ncnc(Nc4
596,0.606215,0.0969,5.46,3500.0,CO[C@H]1[C@@H](N(C)C(=O)CNC(=O)OC(C)(C)C)C[C@@H]2O
597,0.590573,0.0745,5.32,4840.0,CCN(CC)C(C)/C=C/C(=O)Nc1cc2c(Nc3ccc(F)c(Cl)c3)c(C#
598,0.606215,0.0891,5.46,3500.0,CO[C@H]1[C@@H](N(C)C(=O)CNC(=O)OC(C)(C)C)C[C@@H]2O
599,0.606215,0.0780,5.46,3500.0,CO[C@H]1[C@@H](N(C)C(=O)CNC(=O)OC(C)(C)C)C[C@@H]2O
600,0.696401,0.0822,6.27,540.0,CS(=O)(=O)CCNc1nc(-c2ccc3ncnc(Nc4ccc(OCc5cccc(C(F)
601,0.654006,0.0741,5.89,1300.0,CCCCC(O)CN(C)[C@H]1C[C@@H]2O[C@](C)([C@H]1OC)n1c3c
602,0.552789,0.0816,4.98,10590.0,COc1cc2ncc(C#N)c(Nc3ccc(F)c(Cl)c3)c2cc1NC(=O)/C=C/
603,0.696401,0.0723,6.27,540.0,CS(=O)(=O)CCNc1nc(-c2ccc3ncnc(Nc4ccc(OCc5cccc(C(F)
604,0.654006,0.0832,5.89,1300.0,CCCCC(O)CN(C)[C@H]1C[C@@H]2O[C@](C)([C@H]1OC)n1c3c
605,0.995401,0.0839,8.96,1.1,Cc1cc(C(=O)NCCN2CCOCC2)[nH]c1/C=C1\C(=O)Nc2ncnc(Nc
606,0.606215,0.0830,5.46,3500.0,CO[C@H]1[C@@H](N(C)C(=O)CNC(=O)OC(C)(C)C)C[C@@H]2O
607,0.606215,0.0859,5.46,3500.0,CO[C@H]1[C@@H](N(C)C(=O)CNC(=O)OC(C)(C)C)C[C@@H]2O
608,0.606215,0.0757,5.46,3500.0,CO[C@H]1[C@@H](N(C)C(=O)CNC(=O)OC(C)(C)C)C[C@@H]2O
609,0.586101,0.0775,5.27,5310.0,Cc1cc(C(=O)NCCN2CCOCC2)[nH]c1/C=C1\C(=O)N(C)c2ncnc
610,0.654006,0.0733,5.89,1300.0,CCCCC(O)CN(C)[C@H]1C[C@@H]2O[C@](C)([C@H]1OC)n1c3c
611,0.606215,0.0855,5.46,3500.0,CO[C@H]1[C@@H](N(C)C(=O)CNC(=O)OC(C)(C)C)C[C@@H]2O
612,0.606215,0.0813,5.46,3500.0,CO[C@H]1[C@@H](N(C)C(=O)CNC(=O)OC(C)(C)C)C[C@@H]2O
613,1.000000,0.0938,9.35,0.5,CCN(CC)CC(O)CNC(=O)c1cc(C)c(/C=C2\C(=O)Nc3ncnc(Nc4
614,0.794305,0.0720,7.15,71.0,CS(=O)(=O)CCNc1nc(-c2ccc3ncnc(Nc4ccc5c(cnn5Cc5cccc
615,0.694646,0.0751,6.25,560.0,C=C(CN(C)C)C(=O)Nc1cc2c(Nc3ccc(F)c(Cl)c3)c(C#N)cnc
616,0.606215,0.0804,5.46,3500.0,CO[C@H]1[C@@H](N(C)C(=O)CNC(=O)OC(C)(C)C)C[C@@H]2O
617,0.444444,0.0752,4.00,100000.0,COC(=O)CN1Cc2c(c3c4ccccc4n4c3c3c2c2ccccc2n3[C@]2(C
618,1.000000,0.0763,9.35,0.5,CCN(CC)CC(O)CNC(=O)c1cc(C)c(/C=C2\C(=O)Nc3ncnc(Nc4
619,0.696401,0.0761,6.27,540.0,CS(=O)(=O)CCNc1nc(-c2ccc3ncnc(Nc4ccc(OCc5cccc(C(F)
620,0.590973,0.0800,5.32,4800.0,CO[C@H]1[C@@H](N(C)C(=O)c2cccc([N+](=O)[O-])c2)C[C
621,0.606215,0.0882,5.46,3500.0,CO[C@H]1[C@@H](N(C)C(=O)CNC(=O)OC(C)(C)C)C[C@@H]2O
622,0.888889,0.0752,8.00,10.0,CS(=O)(=O)CCNc1nc(-c2ccc3ncnc(Nc4ccc(OCc5cccc(F)c5
623,0.654006,0.0778,5.89,1300.0,CCCCC(O)CN(C)[C@H]1C[C@@H]2O[C@](C)([C@H]1OC)n1c3c
624,0.696401,0.0743,6.27,540.0,CS(=O)(=O)CCNc1nc(-c2ccc3ncnc(Nc4ccc(OCc5cccc(C(F)
625,0.565250,0.0773,5.09,8180.0,CO[C@H]1[C@@H](N(C)C(=O)c2cccnc2)C[C@@H]2O[C@@]1(C
626,0.794305,0.0794,7.15,71.0,CS(=O)(=O)CCNc1nc(-c2ccc3ncnc(Nc4ccc5c(cnn5Cc5cccc
627,1.000000,0.0784,9.35,0.5,CCN(CC)CC(O)CNC(=O)c1cc(C)c(/C=C2\C(=O)Nc3ncnc(Nc4
628,0.654006,0.0812,5.89,1300.0,CCCCC(O)CN(C)[C@H]1C[C@@H]2O[C@](C)([C@H]1OC)n1c3c
629,0.590973,0.0870,5.32,4800.0,CO[C@H]1[C@@H](N(C)C(=O)c2cccc([N+](=O)[O-])c2)C[C
630,0.552789,0.0784,4.98,10590.0,COc1cc2ncc(C#N)c(Nc3ccc(F)c(Cl)c3)c2cc1NC(=O)/C=C/
631,0.590973,0.0790,5.32,4800.0,CO[C@H]1[C@@H](N(C)C(=O)c2cccc([N+](=O)[O-])c2)C[C
632,0.696401,0.0745,6.27,540.0,CS(=O)(=O)CCNc1nc(-c2ccc3ncnc(Nc4ccc(OCc5cccc(C(F)
633,0.606215,0.0816,5.46,3500.0,CO[C@H]1[C@@H](N(C)C(=O)CNC(=O)OC(C)(C)C)C[C@@H]2O
634,0.606215,0.0846,5.46,3500.0,CO[C@H]1[C@@H](N(C)C(=O)CNC(=O)OC(C)(C)C)C[C@@H]2O
635,0.606215,0.0862,5.46,3500.0,CO[C@H]1[C@@H](N(C)C(=O)CNC(=O)OC(C)(C)C)C[C@@H]2O
636,0.552789,0.0829,4.98,10590.0,COc1cc2ncc(C#N)c(Nc3ccc(F)c(Cl)c3)c2cc1NC(=O)/C=C/
637,0.461656,0.0771,4.15,70000.0,CO[C@H]1[C@@H](N(C)C(=O)c2cc([N+](=O)[O-])cc([N+](
638,0.995401,0.0789,8.96,1.1,Cc1cc(C(=O)NCCN2CCOCC2)[nH]c1/C=C1\C(=O)Nc2ncnc(Nc
639,0.846643,0.0822,7.62,24.0,CS(=O)(=O)CCNCCCCOc1ccc2ncnc(Nc3ccc4c(cnn4Cc4cccc(
640,0.654006,0.0863,5.89,1300.0,CCCCC(O)CN(C)[C@H]1C[C@@H]2O[C@](C)([C@H]1OC)n1c3c
641,0.606215,0.0835,5.46,3500.0,CO[C@H]1[C@@H](N(C)C(=O)CNC(=O)OC(C)(C)C)C[C@@H]2O
642,0.606215,0.0822,5.46,3500.0,CO[C@H]1[C@@H](N(C)C(=O)CNC(=O)OC(C)(C)C)C[C@@H]2O
643,0.794305,0.0808,7.15,71.0,CS(=O)(=O)CCNc1nc(-c2ccc3ncnc(Nc4ccc5c(cnn5Cc5cccc
644,0.654006,0.0732,5.89,1300.0,CCCCC(O)CN(C)[C@H]1C[C@@H]2O[C@](C)([C@H]1OC)n1c3c
645,0.606215,0.0955,5.46,3500.0,CO[C@H]1[C@@H](N(C)C(=O)CNC(=O)OC(C)(C)C)C[C@@H]2O
646,0.696401,0.0789,6.27,540.0,CS(=O)(=O)CCNc1nc(-c2ccc3ncnc(Nc4ccc(OCc5cccc(C(F)
647,0.654006,0.0844,5.89,1300.0,CCCCC(O)CN(C)[C@H]1C[C@@H]2O[C@](C)([C@H]1OC)n1c3c
648,0.654006,0.0815,5.89,1300.0,CCCCC(O)CN(C)[C@H]1C[C@@H]2O[C@](C)([C@H]1OC)n1c3c
649,0.794305,0.0804,7.15,71.0,CS(=O)(=O)CCNc1nc(-c2ccc3ncnc(Nc4ccc5c(cnn5Cc5cccc
650,0.606215,0.0832,5.46,3500.0,CO[C@H]1[C@@H](N(C)C(=O)CNC(=O)OC(C)(C)C)C[C@@H]2O
651,0.654006,0.0823,5.89,1300.0,CCCCC(O)CN(C)[C@H]1C[C@@H]2O[C@](C)([C@H]1OC)n1c3c
652,0.552789,0.0799,4.98,10590.0,COc1cc2ncc(C#N)c(Nc3ccc(F)c(Cl)c3)c2cc1NC(=O)/C=C/
653,0.654006,0.0777,5.89,1300.0,CCCCC(O)CN(C)[C@H]1C[C@@H]2O[C@](C)([C@H]1OC)n1c3c
654,0.888889,0.0824,8.00,10.0,CS(=O)(=O)CCNCc1ccc(-c2ccc3ncnc(Nc4ccc(OCc5cccc(F)
655,0.696401,0.0816,6.27,540.0,CS(=O)(=O)CCNc1nc(-c2ccc3ncnc(Nc4ccc(OCc5cccc(C(F)
656,0.654006,0.0759,5.89,1300.0,CCCCC(O)CN(C)[C@H]1C[C@@H]2O[C@](C)([C@H]1OC)n1c3c
657,0.696401,0.0760,6.27,540.0,CS(=O)(=O)CCNc1nc(-c2ccc3ncnc(Nc4ccc(OCc5cccc(C(F)
658,0.590973,0.0853,5.32,4800.0,CO[C@H]1[C@@H](N(C)C(=O)c2cccc([N+](=O)[O-])c2)C[C
659,0.606215,0.0840,5.46,3500.0,CO[C@H]1[C@@H](N(C)C(=O)CNC(=O)OC(C)(C)C)C[C@@H]2O
660,0.654006,0.0826,5.89,1300.0,CCCCC(O)CN(C)[C@H]1C[C@@H]2O[C@](C)([C@H]1OC)n1c3c
661,0.696401,0.0687,6.27,540.0,CS(=O)(=O)CCNc1nc(-c2ccc3ncnc(Nc4ccc(OCc5cccc(C(F)
662,0.888889,0.0791,8.00,10.0,CS(=O)(=O)CCNCc1ccc(-c2ccc3ncnc(Nc4ccc(OCc5cccc(F)
663,0.654006,0.0861,5.89,1300.0,CCCCC(O)CN(C)[C@H]1C[C@@H]2O[C@](C)([C@H]1OC)n1c3c
664,0.590973,0.0965,5.32,4800.0,CO[C@H]1[C@@H](N(C)C(=O)c2cccc([N+](=O)[O-])c2)C[C
665,1.000000,0.0826,9.35,0.5,CCN(CC)CC(O)CNC(=O)c1cc(C)c(/C=C2\C(=O)Nc3ncnc(Nc4
666,0.995401,0.0870,8.96,1.1,Cc1cc(C(=O)NCCN2CCOCC2)[nH]c1/C=C1\C(=O)Nc2ncnc(Nc
667,0.606215,0.0801,5.46,3500.0,CO[C@H]1[C@@H](N(C)C(=O)CNC(=O)OC(C)(C)C)C[C@@H]2O
668,0.606215,0.0790,5.46,3500.0,CO[C@H]1[C@@H](N(C)C(=O)CNC(=O)OC(C)(C)C)C[C@@H]2O
669,0.654006,0.0848,5.89,1300.0,CCCCC(O)CN(C)[C@H]1C[C@@H]2O[C@](C)([C@H]1OC)n1c3c
670,0.552789,0.0751,4.98,10590.0,COc1cc2ncc(C#N)c(Nc3ccc(F)c(Cl)c3)c2cc1NC(=O)/C=C/
671,0.453333,0.0697,4.08,83176.4,COc1cc(/C=C(\C#N)C(N)=O)cc(CSc2nc3cc(Cl)ccc3s2)c1O
672,0.453333,0.0768,4.08,83176.4,COc1cc(/C=C(\C#N)C(N)=O)cc(CSc2nc3cc(Cl)ccc3s2)c1O
673,0.606215,0.0868,5.46,3500.0,CO[C@H]1[C@@H](N(C)C(=O)CNC(=O)OC(C)(C)C)C[C@@H]2O
674,0.593027,0.0795,5.34,4600.0,CO[C@H]1[C@@H](N(C)C(=O)c2cccc(Cl)c2)C[C@@H]2O[C@@
675,0.888889,0.0793,8.00,10.0,CS(=O)(=O)CCNc1nc(-c2ccc3ncnc(Nc4ccc(OCc5cccc(F)c5
676,0.654006,0.0852,5.89,1300.0,CCCCC(O)CN(C)[C@H]1C[C@@H]2O[C@](C)([C@H]1OC)n1c3c
677,0.606215,0.0861,5.46,3500.0,CO[C@H]1[C@@H](N(C)C(=O)CNC(=O)OC(C)(C)C)C[C@@H]2O
678,0.606215,0.0973,5.46,3500.0,CO[C@H]1[C@@H](N(C)C(=O)CNC(=O)OC(C)(C)C)C[C@@H]2O
679,0.654006,0.0864,5.89,1300.0,CCCCC(O)CN(C)[C@H]1C[C@@H]2O[C@](C)([C@H]1OC)n1c3c
680,0.654006,0.0815,5.89,1300.0,CCCCC(O)CN(C)[C@H]1C[C@@H]2O[C@](C)([C@H]1OC)n1c3c
681,0.619822,0.0844,5.58,2640.0,CN(C)C/C=C/C(=O)Nc1cc2c(Nc3ccc(F)c(Cl)c3)c(C#N)cnc
682,0.606215,0.0904,5.46,3500.0,CO[C@H]1[C@@H](N(C)C(=O)CNC(=O)OC(C)(C)C)C[C@@H]2O
683,0.995401,0.0807,8.96,1.1,Cc1cc(C(=O)NCCN2CCOCC2)[nH]c1/C=C1\C(=O)Nc2ncnc(Nc
684,0.453333,0.0806,4.08,83176.4,COc1cc(/C=C(\C#N)C(N)=O)cc(CSc2nc3cc(Cl)ccc3s2)c1O
685,0.606215,0.0803,5.46,3500.0,CO[C@H]1[C@@H](N(C)C(=O)CNC(=O)OC(C)(C)C)C[C@@H]2O
686,0.590573,0.0797,5.32,4840.0,CCN(CC)C(C)/C=C/C(=O)Nc1cc2c(Nc3ccc(F)c(Cl)c3)c(C#
687,0.654006,0.0818,5.89,1300.0,CCCCC(O)CN(C)[C@H]1C[C@@H]2O[C@](C)([C@H]1OC)n1c3c
688,0.552789,0.0829,4.98,10590.0,COc1cc2ncc(C#N)c(Nc3ccc(F)c(Cl)c3)c2cc1NC(=O)/C=C/
689,0.552789,0.0802,4.98,10590.0,COc1cc2ncc(C#N)c(Nc3ccc(F)c(Cl)c3)c2cc1NC(=O)/C=C/
690,0.606215,0.0849,5.46,3500.0,CO[C@H]1[C@@H](N(C)C(=O)CNC(=O)OC(C)(C)C)C[C@@H]2O
691,0.606215,0.0804,5.46,3500.0,CO[C@H]1[C@@H](N(C)C(=O)CNC(=O)OC(C)(C)C)C[C@@H]2O
692,0.995401,0.0792,8.96,1.1,Cc1cc(C(=O)NCCN2CCOCC2)[nH]c1/C=C1\C(=O)Nc2ncnc(Nc
693,0.552789,0.0849,4.98,10590.0,COc1cc2ncc(C#N)c(Nc3ccc(F)c(Cl)c3)c2cc1NC(=O)/C=C/
694,0.606215,0.0808,5.46,3500.0,CO[C@H]1[C@@H](N(C)C(=O)CNC(=O)OC(C)(C)C)C[C@@H]2O
695,0.654006,0.0779,5.89,1300.0,CCCCC(O)CN(C)[C@H]1C[C@@H]2O[C@](C)([C@H]1OC)n1c3c
696,1.000000,0.0794,9.35,0.5,CCN(CC)CC(O)CNC(=O)c1cc(C)c(/C=C2\C(=O)Nc3ncnc(Nc4
697,0.606215,0.0912,5.46,3500.0,CO[C@H]1[C@@H](N(C)C(=O)CNC(=O)OC(C)(C)C)C[C@@H]2O
698,0.613653,0.0676,5.52,3000.0,COc1cc(Nc2c(C#N)cnc3cc(-c4ccc(CN5CCOCC5)cc4)ccc23)
699,0.606215,0.0864,5.46,3500.0,CO[C@H]1[C@@H](N(C)C(=O)CNC(=O)OC(C)(C)C)C[C@@H]2O
700,0.606215,0.0976,5.46,3500.0,CO[C@H]1[C@@H](N(C)C(=O)CNC(=O)OC(C)(C)C)C[C@@H]2O
701,0.606215,0.0856,5.46,3500.0,CO[C@H]1[C@@H](N(C)C(=O)CNC(=O)OC(C)(C)C)C[C@@H]2O
702,0.590973,0.0874,5.32,4800.0,CO[C@H]1[C@@H](N(C)C(=O)c2cccc([N+](=O)[O-])c2)C[C
703,0.444444,0.0750,4.00,100000.0,COC(=O)CN1Cc2c(c3c4ccccc4n4c3c3c2c2ccccc2n3[C@]2(C
704,0.552789,0.0818,4.98,10590.0,COc1cc2ncc(C#N)c(Nc3ccc(F)c(Cl)c3)c2cc1NC(=O)/C=C/
705,0.590573,0.0835,5.32,4840.0,CCN(CC)C(C)/C=C/C(=O)Nc1cc2c(Nc3ccc(F)c(Cl)c3)c(C#
706,0.888889,0.0756,8.00,10.0,CS(=O)(=O)CCNc1nc(-c2ccc3ncnc(Nc4ccc(OCc5cccc(F)c5
707,0.971636,0.0773,8.74,1.8,Cc1cc(C(=O)N2CCOCC2)[nH]c1/C=C1\C(=O)Nc2ncnc(Nc3cc
708,0.444444,0.0775,4.00,100000.0,COC(=O)CN1Cc2c(c3c4ccccc4n4c3c3c2c2ccccc2n3[C@]2(C
709,0.654006,0.0786,5.89,1300.0,CCCCC(O)CN(C)[C@H]1C[C@@H]2O[C@](C)([C@H]1OC)n1c3c
710,0.696401,0.0801,6.27,540.0,CS(=O)(=O)CCNc1nc(-c2ccc3ncnc(Nc4ccc(OCc5cccc(C(F)
711,0.590973,0.0773,5.32,4800.0,CO[C@H]1[C@@H](N(C)C(=O)c2cccc([N+](=O)[O-])c2)C[C
712,0.606215,0.0826,5.46,3500.0,CO[C@H]1[C@@H](N(C)C(=O)CNC(=O)OC(C)(C)C)C[C@@H]2O
713,0.565250,0.0777,5.09,8180.0,CO[C@H]1[C@@H](N(C)C(=O)c2cccnc2)C[C@@H]2O[C@@]1(C
714,0.606215,0.0865,5.46,3500.0,CO[C@H]1[C@@H](N(C)C(=O)CNC(=O)OC(C)(C)C)C[C@@H]2O
715,0.586101,0.0767,5.27,5310.0,Cc1cc(C(=O)NCCN2CCOCC2)[nH]c1/C=C1\C(=O)N(C)c2ncnc
716,0.654006,0.0853,5.89,1300.0,CCCCC(O)CN(C)[C@H]1C[C@@H]2O[C@](C)([C@H]1OC)n1c3c
717,0.971636,0.0827,8.74,1.8,Cc1cc(C(=O)N2CCOCC2)[nH]c1/C=C1\C(=O)Nc2ncnc(Nc3cc
718,0.654006,0.0829,5.89,1300.0,CCCCC(O)CN(C)[C@H]1C[C@@H]2O[C@](C)([C@H]1OC)n1c3c
719,0.971636,0.0789,8.74,1.8,Cc1cc(C(=O)N2CCOCC2)[nH]c1/C=C1\C(=O)Nc2ncnc(Nc3cc
720,0.593027,0.0730,5.34,4600.0,CO[C@H]1[C@@H](N(C)C(=O)c2cccc(Cl)c2)C[C@@H]2O[C@@
721,0.654006,0.0769,5.89,1300.0,CCCCC(O)CN(C)[C@H]1C[C@@H]2O[C@](C)([C@H]1OC)n1c3c
722,0.995401,0.0779,8.96,1.1,Cc1cc(C(=O)NCCN2CCOCC2)[nH]c1/C=C1\C(=O)Nc2ncnc(Nc
723,0.606215,0.0826,5.46,3500.0,CO[C@H]1[C@@H](N(C)C(=O)CNC(=O)OC(C)(C)C)C[C@@H]2O
724,0.590973,0.0803,5.32,4800.0,CO[C@H]1[C@@H](N(C)C(=O)c2cccc([N+](=O)[O-])c2)C[C
725,0.593027,0.0849,5.34,4600.0,CO[C@H]1[C@@H](N(C)C(=O)c2cccc(Cl)c2)C[C@@H]2O[C@@
726,0.444444,0.0737,4.00,100000.0,COC(=O)CN1Cc2c(c3c4ccccc4n4c3c3c2c2ccccc2n3[C@]2(C
727,0.606215,0.0805,5.46,3500.0,CO[C@H]1[C@@H](N(C)C(=O)CNC(=O)OC(C)(C)C)C[C@@H]2O
728,0.654006,0.0782,5.89,1300.0,CCCCC(O)CN(C)[C@H]1C[C@@H]2O[C@](C)([C@H]1OC)n1c3c
729,0.444444,0.0699,4.00,100000.0,COC(=O)CN1Cc2c(c3c4ccccc4n4c3c3c2c2ccccc2n3[C@]2(C
730,0.586101,0.0764,5.27,5310.0,Cc1cc(C(=O)NCCN2CCOCC2)[nH]c1/C=C1\C(=O)N(C)c2ncnc
731,0.619822,0.0749,5.58,2640.0,CN(C)C/C=C/C(=O)Nc1cc2c(Nc3ccc(F)c(Cl)c3)c(C#N)cnc
732,0.654006,0.0768,5.89,1300.0,CCCCC(O)CN(C)[C@H]1C[C@@H]2O[C@](C)([C@H]1OC)n1c3c
733,0.586101,0.0779,5.27,5310.0,Cc1cc(C(=O)NCCN2CCOCC2)[nH]c1/C=C1\C(=O)N(C)c2ncnc
734,0.696401,0.0829,6.27,540.0,CS(=O)(=O)CCNc1nc(-c2ccc3ncnc(Nc4ccc(OCc5cccc(C(F)
735,0.696401,0.0778,6.27,540.0,CS(=O)(=O)CCNc1nc(-c2ccc3ncnc(Nc4ccc(OCc5cccc(C(F)
736,0.444444,0.0844,4.00,100000.0,COC(=O)CN1Cc2c(c3c4ccccc4n4c3c3c2c2ccccc2n3[C@]2(C
737,0.654006,0.0782,5.89,1300.0,CCCCC(O)CN(C)[C@H]1C[C@@H]2O[C@](C)([C@H]1OC)n1c3c
738,0.995401,0.0776,8.96,1.1,Cc1cc(C(=O)NCCN2CCOCC2)[nH]c1/C=C1\C(=O)Nc2ncnc(Nc
739,0.971636,0.0872,8.74,1.8,Cc1cc(C(=O)N2CCOCC2)[nH]c1/C=C1\C(=O)Nc2ncnc(Nc3cc
740,0.876229,0.0716,7.89,13.0,CCN1CCN(C(=O)c2cc(C)c(/C=C3\C(=O)Nc4ncnc(Nc5ccc(F)
741,0.995401,0.0734,8.96,1.1,Cc1cc(C(=O)NCCN2CCOCC2)[nH]c1/C=C1\C(=O)Nc2ncnc(Nc
742,0.606215,0.0850,5.46,3500.0,CO[C@H]1[C@@H](N(C)C(=O)CNC(=O)OC(C)(C)C)C[C@@H]2O
743,0.606215,0.0830,5.46,3500.0,CO[C@H]1[C@@H](N(C)C(=O)CNC(=O)OC(C)(C)C)C[C@@H]2O
744,0.995401,0.0701,8.96,1.1,Cc1cc(C(=O)NCCN2CCOCC2)[nH]c1/C=C1\C(=O)Nc2ncnc(Nc
745,0.654006,0.0809,5.89,1300.0,CCCCC(O)CN(C)[C@H]1C[C@@H]2O[C@](C)([C@H]1OC)n1c3c
746,0.552789,0.0749,4.98,10590.0,COc1cc2ncc(C#N)c(Nc3ccc(F)c(Cl)c3)c2cc1NC(=O)/C=C/
747,1.000000,0.0768,9.35,0.5,CCN(CC)CC(O)CNC(=O)c1cc(C)c(/C=C2\C(=O)Nc3ncnc(Nc4
748,0.606215,0.0869,5.46,3500.0,CO[C@H]1[C@@H](N(C)C(=O)CNC(=O)OC(C)(C)C)C[C@@H]2O
749,0.552789,0.0821,4.98,10590.0,COc1cc2ncc(C#N)c(Nc3ccc(F)c(Cl)c3)c2cc1NC(=O)/C=C/
750,0.444444,0.0830,4.00,100000.0,COC(=O)CN1Cc2c(c3c4ccccc4n4c3c3c2c2ccccc2n3[C@]2(C
751,0.696401,0.0764,6.27,540.0,CS(=O)(=O)CCNc1nc(-c2ccc3ncnc(Nc4ccc(OCc5cccc(C(F)
752,0.606215,0.0820,5.46,3500.0,CO[C@H]1[C@@H](N(C)C(=O)CNC(=O)OC(C)(C)C)C[C@@H]2O
753,0.654006,0.0866,5.89,1300.0,CCCCC(O)CN(C)[C@H]1C[C@@H]2O[C@](C)([C@H]1OC)n1c3c
754,0.654006,0.0788,5.89,1300.0,CCCCC(O)CN(C)[C@H]1C[C@@H]2O[C@](C)([C@H]1OC)n1c3c
755,0.995401,0.0733,8.96,1.1,Cc1cc(C(=O)NCCN2CCOCC2)[nH]c1/C=C1\C(=O)Nc2ncnc(Nc
756,0.606215,0.0884,5.46,3500.0,CO[C@H]1[C@@H](N(C)C(=O)CNC(=O)OC(C)(C)C)C[C@@H]2O
757,0.654006,0.0870,5.89,1300.0,CCCCC(O)CN(C)[C@H]1C[C@@H]2O[C@](C)([C@H]1OC)n1c3c
758,0.444444,0.0662,4.00,100000.0,COC(=O)CN1Cc2c(c3c4ccccc4n4c3c3c2c2ccccc2n3[C@]2(C
759,0.552789,0.0839,4.98,10590.0,COc1cc2ncc(C#N)c(Nc3ccc(F)c(Cl)c3)c2cc1NC(=O)/C=C/
760,0.590973,0.0801,5.32,4800.0,CO[C@H]1[C@@H](N(C)C(=O)c2cccc([N+](=O)[O-])c2)C[C
761,0.444444,0.0742,4.00,100000.0,COC(=O)CN1Cc2c(c3c4ccccc4n4c3c3c2c2ccccc2n3[C@]2(C
762,0.696401,0.0814,6.27,540.0,CS(=O)(=O)CCNc1nc(-c2ccc3ncnc(Nc4ccc(OCc5cccc(C(F)
763,0.453333,0.0765,4.08,83176.4,COc1cc(/C=C(\C#N)C(N)=O)cc(CSc2nc3cc(Cl)ccc3s2)c1O
764,0.654006,0.0808,5.89,1300.0,CCCCC(O)CN(C)[C@H]1C[C@@H]2O[C@](C)([C@H]1OC)n1c3c
765,0.876229,0.0763,7.89,13.0,CCN1CCN(C(=O)c2cc(C)c(/C=C3\C(=O)Nc4ncnc(Nc5ccc(F)
766,0.444444,0.0785,4.00,100000.0,COC(=O)CN1Cc2c(c3c4ccccc4n4c3c3c2c2ccccc2n3[C@]2(C
767,0.606215,0.0775,5.46,3500.0,CO[C@H]1[C@@H](N(C)C(=O)CNC(=O)OC(C)(C)C)C[C@@H]2O
768,0.654006,0.0759,5.89,1300.0,CCCCC(O)CN(C)[C@H]1C[C@@H]2O[C@](C)([C@H]1OC)n1c3c
769,0.888889,0.0762,8.00,10.0,CS(=O)(=O)CCNc1nc(-c2ccc3ncnc(Nc4ccc(OCc5cccc(F)c5
770,0.995401,0.0768,8.96,1.1,Cc1cc(C(=O)NCCN2CCOCC2)[nH]c1/C=C1\C(=O)Nc2ncnc(Nc
771,0.453333,0.0784,4.08,83176.4,COc1cc(/C=C(\C#N)C(N)=O)cc(CSc2nc3cc(Cl)ccc3s2)c1O
772,0.590973,0.0809,5.32,4800.0,CO[C@H]1[C@@H](N(C)C(=O)c2cccc([N+](=O)[O-])c2)C[C
773,0.654006,0.0867,5.89,1300.0,CCCCC(O)CN(C)[C@H]1C[C@@H]2O[C@](C)([C@H]1OC)n1c3c
774,0.606215,0.0877,5.46,3500.0,CO[C@H]1[C@@H](N(C)C(=O)CNC(=O)OC(C)(C)C)C[C@@H]2O
775,0.654006,0.0872,5.89,1300.0,CCCCC(O)CN(C)[C@H]1C[C@@H]2O[C@](C)([C@H]1OC)n1c3c
776,0.995401,0.0868,8.96,1.1,Cc1cc(C(=O)NCCN2CCOCC2)[nH]c1/C=C1\C(=O)Nc2ncnc(Nc
777,0.552789,0.0854,4.98,10590.0,COc1cc2ncc(C#N)c(Nc3ccc(F)c(Cl)c3)c2cc1NC(=O)/C=C/
778,0.606215,0.0849,5.46,3500.0,CO[C@H]1[C@@H](N(C)C(=O)CNC(=O)OC(C)(C)C)C[C@@H]2O
779,0.552789,0.0785,4.98,10590.0,COc1cc2ncc(C#N)c(Nc3ccc(F)c(Cl)c3)c2cc1NC(=O)/C=C/
780,0.654006,0.0899,5.89,1300.0,CCCCC(O)CN(C)[C@H]1C[C@@H]2O[C@](C)([C@H]1OC)n1c3c
781,0.794305,0.0735,7.15,71.0,CS(=O)(=O)CCNc1nc(-c2ccc3ncnc(Nc4ccc5c(cnn5Cc5cccc
782,0.680549,0.0807,6.12,750.0,COc1cccc(-c2cn(C3CCN(CC(=O)N(C)C)CC3)c3ncnc(N)c23)
783,0.606215,0.0883,5.46,3500.0,CO[C@H]1[C@@H](N(C)C(=O)CNC(=O)OC(C)(C)C)C[C@@H]2O
784,0.995401,0.0731,8.96,1.1,Cc1cc(C(=O)NCCN2CCOCC2)[nH]c1/C=C1\C(=O)Nc2ncnc(Nc
785,0.593027,0.0853,5.34,4600.0,CO[C@H]1[C@@H](N(C)C(=O)c2cccc(Cl)c2)C[C@@H]2O[C@@
786,0.696401,0.0844,6.27,540.0,CS(=O)(=O)CCNc1nc(-c2ccc3ncnc(Nc4ccc(OCc5cccc(C(F)
787,0.794305,0.0739,7.15,71.0,CS(=O)(=O)CCNc1nc(-c2ccc3ncnc(Nc4ccc5c(cnn5Cc5cccc
788,0.654006,0.0803,5.89,1300.0,CCCCC(O)CN(C)[C@H]1C[C@@H]2O[C@](C)([C@H]1OC)n1c3c
789,0.654006,0.0881,5.89,1300.0,CCCCC(O)CN(C)[C@H]1C[C@@H]2O[C@](C)([C@H]1OC)n1c3c
790,0.606215,0.0838,5.46,3500.0,CO[C@H]1[C@@H](N(C)C(=O)CNC(=O)OC(C)(C)C)C[C@@H]2O
791,0.590573,0.0800,5.32,4840.0,CCN(CC)C(C)/C=C/C(=O)Nc1cc2c(Nc3ccc(F)c(Cl)c3)c(C#
792,0.619822,0.0824,5.58,2640.0,CN(C)C/C=C/C(=O)Nc1cc2c(Nc3ccc(F)c(Cl)c3)c(C#N)cnc
793,0.794305,0.0826,7.15,71.0,CS(=O)(=O)CCNc1nc(-c2ccc3ncnc(Nc4ccc5c(cnn5Cc5cccc
794,0.444444,0.0796,4.00,100000.0,COc1ccccc1-c1ccc2c(c1)NC(=O)/C2=C\c1[nH]c2c(c1CCC(
795,0.590573,0.0755,5.32,4840.0,CCN(CC)C(C)/C=C/C(=O)Nc1cc2c(Nc3ccc(F)c(Cl)c3)c(C#
796,0.606215,0.0862,5.46,3500.0,CO[C@H]1[C@@H](N(C)C(=O)CNC(=O)OC(C)(C)C)C[C@@H]2O
797,0.654006,0.0930,5.89,1300.0,CCCCC(O)CN(C)[C@H]1C[C@@H]2O[C@](C)([C@H]1OC)n1c3c
798,0.606215,0.0791,5.46,3500.0,CO[C@H]1[C@@H](N(C)C(=O)CNC(=O)OC(C)(C)C)C[C@@H]2O
799,0.590973,0.0801,5.32,4800.0,CO[C@H]1[C@@H](N(C)C(=O)c2cccc([N+](=O)[O-])c2)C[C
800,0.606215,0.0852,5.46,3500.0,CO[C@H]1[C@@H](N(C)C(=O)CNC(=O)OC(C)(C)C)C[C@@H]2O
801,0.552789,0.0812,4.98,10590.0,COc1cc2ncc(C#N)c(Nc3ccc(F)c(Cl)c3)c2cc1NC(=O)/C=C/
802,0.888889,0.0751,8.00,10.0,CS(=O)(=O)CCNCc1ccc(-c2ccc3ncnc(Nc4ccc(OCc5cccc(F)
803,0.995401,0.0790,8.96,1.1,Cc1cc(C(=O)NCCN2CCOCC2)[nH]c1/C=C1\C(=O)Nc2ncnc(Nc
804,0.654006,0.0762,5.89,1300.0,CCCCC(O)CN(C)[C@H]1C[C@@H]2O[C@](C)([C@H]1OC)n1c3c
805,0.590973,0.0826,5.32,4800.0,CO[C@H]1[C@@H](N(C)C(=O)c2cccc([N+](=O)[O-])c2)C[C
806,0.606215,0.0796,5.46,3500.0,CO[C@H]1[C@@H](N(C)C(=O)CNC(=O)OC(C)(C)C)C[C@@H]2O
807,0.590573,0.0827,5.32,4840.0,CCN(CC)C(C)/C=C/C(=O)Nc1cc2c(Nc3ccc(F)c(Cl)c3)c(C#
808,0.888889,0.0778,8.00,10.0,CS(=O)(=O)CCNCc1ccc(-c2ccc3ncnc(Nc4ccc(OCc5cccc(F)
809,0.586667,0.0729,5.28,5248.1,COc1cc(/C=C(\C#N)C(N)=O)cc(CSc2nc3ccccc3o2)c1O
810,0.590973,0.0814,5.32,4800.0,CO[C@H]1[C@@H](N(C)C(=O)c2cccc([N+](=O)[O-])c2)C[C
811,0.606215,0.0788,5.46,3500.0,CO[C@H]1[C@@H](N(C)C(=O)CNC(=O)OC(C)(C)C)C[C@@H]2O
812,0.586926,0.0774,5.28,5220.0,COc1cc2ncc(C#N)c(Nc3ccc(F)c(Cl)c3)c2cc1NC(=O)/C=C/
813,0.565250,0.0804,5.09,8180.0,CO[C@H]1[C@@H](N(C)C(=O)c2cnccn2)C[C@@H]2O[C@@]1(C
814,0.606215,0.0764,5.46,3500.0,CO[C@H]1[C@@H](N(C)C(=O)CNC(=O)OC(C)(C)C)C[C@@H]2O
815,0.654006,0.0707,5.89,1300.0,CCCCC(O)CN(C)[C@H]1C[C@@H]2O[C@](C)([C@H]1OC)n1c3c
816,0.654006,0.0801,5.89,1300.0,CCCCC(O)CN(C)[C@H]1C[C@@H]2O[C@](C)([C@H]1OC)n1c3c
817,0.606215,0.0777,5.46,3500.0,CO[C@H]1[C@@H](N(C)C(=O)CNC(=O)OC(C)(C)C)C[C@@H]2O
818,0.606215,0.0706,5.46,3500.0,CO[C@H]1[C@@H](N(C)C(=O)CNC(=O)OC(C)(C)C)C[C@@H]2O
819,0.606215,0.0781,5.46,3500.0,CO[C@H]1[C@@H](N(C)C(=O)CNC(=O)OC(C)(C)C)C[C@@H]2O
820,0.552789,0.0866,4.98,10590.0,COc1cc2ncc(C#N)c(Nc3ccc(F)c(Cl)c3)c2cc1NC(=O)/C=C/
821,0.696401,0.0828,6.27,540.0,CS(=O)(=O)CCNc1nc(-c2ccc3ncnc(Nc4ccc(OCc5cccc(C(F)
822,0.696401,0.0800,6.27,540.0,CS(=O)(=O)CCNc1nc(-c2ccc3ncnc(Nc4ccc(OCc5cccc(C(F)
823,0.888889,0.0722,8.00,10.0,CS(=O)(=O)CCNCc1ccc(-c2ccc3ncnc(Nc4ccc(OCc5cccc(F)
824,0.654006,0.0806,5.89,1300.0,CCCCC(O)CN(C)[C@H]1C[C@@H]2O[C@](C)([C@H]1OC)n1c3c
825,0.654006,0.0806,5.89,1300.0,CCCCC(O)CN(C)[C@H]1C[C@@H]2O[C@](C)([C@H]1OC)n1c3c
826,0.606215,0.0815,5.46,3500.0,CO[C@H]1[C@@H](N(C)C(=O)CNC(=O)OC(C)(C)C)C[C@@H]2O
827,0.694646,0.0751,6.25,560.0,C=C(CN(C)C)C(=O)Nc1cc2c(Nc3ccc(F)c(Cl)c3)c(C#N)cnc
828,0.606215,0.0778,5.46,3500.0,CO[C@H]1[C@@H](N(C)C(=O)CNC(=O)OC(C)(C)C)C[C@@H]2O
829,0.654006,0.0780,5.89,1300.0,CCCCC(O)CN(C)[C@H]1C[C@@H]2O[C@](C)([C@H]1OC)n1c3c
830,0.552789,0.0823,4.98,10590.0,COc1cc2ncc(C#N)c(Nc3ccc(F)c(Cl)c3)c2cc1NC(=O)/C=C/
831,0.552789,0.0772,4.98,10590.0,COc1cc2ncc(C#N)c(Nc3ccc(F)c(Cl)c3)c2cc1NC(=O)/C=C/
832,0.654006,0.0836,5.89,1300.0,CCCCC(O)CN(C)[C@H]1C[C@@H]2O[C@](C)([C@H]1OC)n1c3c
833,0.606215,0.0852,5.46,3500.0,CO[C@H]1[C@@H](N(C)C(=O)CNC(=O)OC(C)(C)C)C[C@@H]2O
834,0.696401,0.0795,6.27,540.0,CS(=O)(=O)CCNc1nc(-c2ccc3ncnc(Nc4ccc(OCc5cccc(C(F)
835,0.552789,0.0835,4.98,10590.0,COc1cc2ncc(C#N)c(Nc3ccc(F)c(Cl)c3)c2cc1NC(=O)/C=C/
836,0.606215,0.0909,5.46,3500.0,CO[C@H]1[C@@H](N(C)C(=O)CNC(=O)OC(C)(C)C)C[C@@H]2O
837,0.606215,0.0785,5.46,3500.0,CO[C@H]1[C@@H](N(C)C(=O)CNC(=O)OC(C)(C)C)C[C@@H]2O
838,0.662067,0.0738,5.96,1100.0,CO[C@H]1[C@@H](N(C)CCC#N)C[C@@H]2O[C@@]1(C)n1c3ccc
839,0.606215,0.0884,5.46,3500.0,CO[C@H]1[C@@H](N(C)C(=O)CNC(=O)OC(C)(C)C)C[C@@H]2O
840,0.590573,0.0851,5.32,4840.0,CCN(CC)C(C)/C=C/C(=O)Nc1cc2c(Nc3ccc(F)c(Cl)c3)c(C#
841,0.888889,0.0793,8.00,10.0,CS(=O)(=O)CCNCc1ccc(-c2ccc3ncnc(Nc4ccc(OCc5cccc(F)
842,0.444444,0.0753,4.00,100000.0,CO[C@H]1[C@@H](N(C)C(=O)c2ccccc2)C[C@@H]2O[C@@]1(C
843,0.654006,0.0869,5.89,1300.0,CCCCC(O)CN(C)[C@H]1C[C@@H]2O[C@](C)([C@H]1OC)n1c3c
844,0.606215,0.0825,5.46,3500.0,CO[C@H]1[C@@H](N(C)C(=O)CNC(=O)OC(C)(C)C)C[C@@H]2O
845,0.654006,0.0810,5.89,1300.0,CCCCC(O)CN(C)[C@H]1C[C@@H]2O[C@](C)([C@H]1OC)n1c3c
846,0.606215,0.0830,5.46,3500.0,CO[C@H]1[C@@H](N(C)C(=O)CNC(=O)OC(C)(C)C)C[C@@H]2O
847,1.000000,0.0799,9.35,0.5,CCN(CC)CC(O)CNC(=O)c1cc(C)c(/C=C2\C(=O)Nc3ncnc(Nc4
848,0.606215,0.0848,5.46,3500.0,CO[C@H]1[C@@H](N(C)C(=O)CNC(=O)OC(C)(C)C)C[C@@H]2O
849,0.606215,0.0828,5.46,3500.0,CO[C@H]1[C@@H](N(C)C(=O)CNC(=O)OC(C)(C)C)C[C@@H]2O
850,0.654006,0.0783,5.89,1300.0,CCCCC(O)CN(C)[C@H]1C[C@@H]2O[C@](C)([C@H]1OC)n1c3c
851,0.590973,0.0814,5.32,4800.0,CO[C@H]1[C@@H](N(C)C(=O)c2cccc([N+](=O)[O-])c2)C[C
852,0.794305,0.0811,7.15,71.0,CS(=O)(=O)CCNc1nc(-c2ccc3ncnc(Nc4ccc5c(cnn5Cc5cccc
853,0.654006,0.0837,5.89,1300.0,CCCCC(O)CN(C)[C@H]1C[C@@H]2O[C@](C)([C@H]1OC)n1c3c
854,0.995401,0.0785,8.96,1.1,Cc1cc(C(=O)NCCN2CCOCC2)[nH]c1/C=C1\C(=O)Nc2ncnc(Nc
855,0.606215,0.0829,5.46,3500.0,CO[C@H]1[C@@H](N(C)C(=O)CNC(=O)OC(C)(C)C)C[C@@H]2O
856,0.876229,0.0775,7.89,13.0,CCN1CCN(C(=O)c2cc(C)c(/C=C3\C(=O)Nc4ncnc(Nc5ccc(F)
857,0.794305,0.0796,7.15,71.0,CS(=O)(=O)CCNc1nc(-c2ccc3ncnc(Nc4ccc5c(cnn5Cc5cccc
858,0.701089,0.0696,6.31,490.0,COc1cccc(-c2cn(C3CC(CNCCO)C3)c3ncnc(N)c23)c1
859,0.606215,0.0806,5.46,3500.0,CO[C@H]1[C@@H](N(C)C(=O)CNC(=O)OC(C)(C)C)C[C@@H]2O
860,0.888889,0.0723,8.00,10.0,CS(=O)(=O)CCNCc1ccc(-c2ccc3ncnc(Nc4ccc(OCc5cccc(F)
861,0.654006,0.0847,5.89,1300.0,CCCCC(O)CN(C)[C@H]1C[C@@H]2O[C@](C)([C@H]1OC)n1c3c
862,0.995401,0.0768,8.96,1.1,Cc1cc(C(=O)NCCN2CCOCC2)[nH]c1/C=C1\C(=O)Nc2ncnc(Nc
863,0.606215,0.0849,5.46,3500.0,CO[C@H]1[C@@H](N(C)C(=O)CNC(=O)OC(C)(C)C)C[C@@H]2O
864,0.606215,0.0848,5.46,3500.0,CO[C@H]1[C@@H](N(C)C(=O)CNC(=O)OC(C)(C)C)C[C@@H]2O
865,0.586926,0.0784,5.28,5220.0,COc1cc2ncc(C#N)c(Nc3ccc(F)c(Cl)c3)c2cc1NC(=O)/C=C/
866,0.995401,0.0749,8.96,1.1,Cc1cc(C(=O)NCCN2CCOCC2)[nH]c1/C=C1\C(=O)Nc2ncnc(Nc
867,0.696401,0.0807,6.27,540.0,CS(=O)(=O)CCNc1nc(-c2ccc3ncnc(Nc4ccc(OCc5cccc(C(F)
868,0.565250,0.0849,5.09,8180.0,CO[C@H]1[C@@H](N(C)C(=O)c2cnccn2)C[C@@H]2O[C@@]1(C
869,0.586101,0.0765,5.27,5310.0,Cc1cc(C(=O)NCCN2CCOCC2)[nH]c1/C=C1\C(=O)N(C)c2ncnc
870,0.696401,0.0777,6.27,540.0,CS(=O)(=O)CCNc1nc(-c2ccc3ncnc(Nc4ccc(OCc5cccc(C(F)
871,0.606215,0.0832,5.46,3500.0,CO[C@H]1[C@@H](N(C)C(=O)CNC(=O)OC(C)(C)C)C[C@@H]2O
872,0.606215,0.0832,5.46,3500.0,CO[C@H]1[C@@H](N(C)C(=O)CNC(=O)OC(C)(C)C)C[C@@H]2O
873,0.590573,0.0798,5.32,4840.0,CCN(CC)C(C)/C=C/C(=O)Nc1cc2c(Nc3ccc(F)c(Cl)c3)c(C#
874,0.654006,0.0803,5.89,1300.0,CCCCC(O)CN(C)[C@H]1C[C@@H]2O[C@](C)([C@H]1OC)n1c3c
875,0.654006,0.0738,5.89,1300.0,CCCCC(O)CN(C)[C@H]1C[C@@H]2O[C@](C)([C@H]1OC)n1c3c
876,0.552789,0.0799,4.98,10590.0,COc1cc2ncc(C#N)c(Nc3ccc(F)c(Cl)c3)c2cc1NC(=O)/C=C/
877,0.552789,0.0827,4.98,10590.0,COc1cc2ncc(C#N)c(Nc3ccc(F)c(Cl)c3)c2cc1NC(=O)/C=C/
878,0.606215,0.0811,5.46,3500.0,CO[C@H]1[C@@H](N(C)C(=O)CNC(=O)OC(C)(C)C)C[C@@H]2O
879,0.654006,0.0796,5.89,1300.0,CCCCC(O)CN(C)[C@H]1C[C@@H]2O[C@](C)([C@H]1OC)n1c3c
880,0.654006,0.0781,5.89,1300.0,CCCCC(O)CN(C)[C@H]1C[C@@H]2O[C@](C)([C@H]1OC)n1c3c
881,0.590973,0.0871,5.32,4800.0,CO[C@H]1[C@@H](N(C)C(=O)c2cccc([N+](=O)[O-])c2)C[C
882,0.606215,0.0791,5.46,3500.0,CO[C@H]1[C@@H](N(C)C(=O)CNC(=O)OC(C)(C)C)C[C@@H]2O
883,0.654006,0.0795,5.89,1300.0,CCCCC(O)CN(C)[C@H]1C[C@@H]2O[C@](C)([C@H]1OC)n1c3c
884,0.696401,0.0808,6.27,540.0,CS(=O)(=O)CCNc1nc(-c2ccc3ncnc(Nc4ccc(OCc5cccc(C(F)
885,0.888889,0.0740,8.00,10.0,CS(=O)(=O)CCNc1nc(-c2ccc3ncnc(Nc4ccc(OCc5cccc(F)c5
886,0.654006,0.0751,5.89,1300.0,CCCCC(O)CN(C)[C@H]1C[C@@H]2O[C@](C)([C@H]1OC)n1c3c
887,0.696401,0.0710,6.27,540.0,CS(=O)(=O)CCNc1nc(-c2ccc3ncnc(Nc4ccc(OCc5cccc(C(F)
888,0.995401,0.0792,8.96,1.1,Cc1cc(C(=O)NCCN2CCOCC2)[nH]c1/C=C1\C(=O)Nc2ncnc(Nc
889,0.606215,0.0795,5.46,3500.0,CO[C@H]1[C@@H](N(C)C(=O)CNC(=O)OC(C)(C)C)C[C@@H]2O
890,0.654006,0.1054,5.89,1300.0,CCCCC(O)CN(C)[C@H]1C[C@@H]2O[C@](C)([C@H]1OC)n1c3c
891,0.888889,0.0729,8.00,10.0,CS(=O)(=O)CCNCc1ccc(-c2ccc3ncnc(Nc4ccc(OCc5cccc(F)
892,0.606215,0.0792,5.46,3500.0,CO[C@H]1[C@@H](N(C)C(=O)CNC(=O)OC(C)(C)C)C[C@@H]2O
893,0.654006,0.0784,5.89,1300.0,CCCCC(O)CN(C)[C@H]1C[C@@H]2O[C@](C)([C@H]1OC)n1c3c
894,1.000000,0.0771,9.35,0.5,CCN(CC)CC(O)CNC(=O)c1cc(C)c(/C=C2\C(=O)Nc3ncnc(Nc4
895,0.606215,0.0836,5.46,3500.0,CO[C@H]1[C@@H](N(C)C(=O)CNC(=O)OC(C)(C)C)C[C@@H]2O
896,0.654006,0.0792,5.89,1300.0,CCCCC(O)CN(C)[C@H]1C[C@@H]2O[C@](C)([C@H]1OC)n1c3c
897,0.606215,0.0764,5.46,3500.0,CO[C@H]1[C@@H](N(C)C(=O)CNC(=O)OC(C)(C)C)C[C@@H]2O
898,0.590573,0.0808,5.32,4840.0,CCN(CC)C(C)/C=C/C(=O)Nc1cc2c(Nc3ccc(F)c(Cl)c3)c(C#
899,0.586101,0.0792,5.27,5310.0,Cc1cc(C(=O)NCCN2CCOCC2)[nH]c1/C=C1\C(=O)N(C)c2ncnc
900,0.888889,0.0748,8.00,10.0,CS(=O)(=O)CCNCc1ccc(-c2ccc3ncnc(Nc4ccc(OCc5cccc(F)
901,0.794305,0.0867,7.15,71.0,CS(=O)(=O)CCNc1nc(-c2ccc3ncnc(Nc4ccc5c(cnn5Cc5cccc
902,0.654006,0.0805,5.89,1300.0,CCCCC(O)CN(C)[C@H]1C[C@@H]2O[C@](C)([C@H]1OC)n1c3c
903,0.593027,0.0789,5.34,4600.0,CO[C@H]1[C@@H](N(C)C(=O)c2cccc(Cl)c2)C[C@@H]2O[C@@
904,0.696401,0.0766,6.27,540.0,CS(=O)(=O)CCNc1nc(-c2ccc3ncnc(Nc4ccc(OCc5cccc(C(F)
905,0.590973,0.0844,5.32,4800.0,CO[C@H]1[C@@H](N(C)C(=O)c2cccc([N+](=O)[O-])c2)C[C
906,0.590573,0.0775,5.32,4840.0,CCN(CC)C(C)/C=C/C(=O)Nc1cc2c(Nc3ccc(F)c(Cl)c3)c(C#
907,0.606215,0.0867,5.46,3500.0,CO[C@H]1[C@@H](N(C)C(=O)CNC(=O)OC(C)(C)C)C[C@@H]2O
908,0.995401,0.0777,8.96,1.1,Cc1cc(C(=O)NCCN2CCOCC2)[nH]c1/C=C1\C(=O)Nc2ncnc(Nc
909,0.552789,0.0812,4.98,10590.0,COc1cc2ncc(C#N)c(Nc3ccc(F)c(Cl)c3)c2cc1NC(=O)/C=C/
910,0.654006,0.0822,5.89,1300.0,CCCCC(O)CN(C)[C@H]1C[C@@H]2O[C@](C)([C@H]1OC)n1c3c
911,0.606215,0.0841,5.46,3500.0,CO[C@H]1[C@@H](N(C)C(=O)CNC(=O)OC(C)(C)C)C[C@@H]2O
912,0.654006,0.0744,5.89,1300.0,CCCCC(O)CN(C)[C@H]1C[C@@H]2O[C@](C)([C@H]1OC)n1c3c
913,0.606215,0.0827,5.46,3500.0,CO[C@H]1[C@@H](N(C)C(=O)CNC(=O)OC(C)(C)C)C[C@@H]2O
914,0.590973,0.0756,5.32,4800.0,CO[C@H]1[C@@H](N(C)C(=O)c2cccc([N+](=O)[O-])c2)C[C
915,1.000000,0.0780,9.35,0.5,CCN(CC)CC(O)CNC(=O)c1cc(C)c(/C=C2\C(=O)Nc3ncnc(Nc4
916,0.590573,0.0764,5.32,4840.0,CCN(CC)C(C)/C=C/C(=O)Nc1cc2c(Nc3ccc(F)c(Cl)c3)c(C#
917,0.654006,0.0797,5.89,1300.0,CCCCC(O)CN(C)[C@H]1C[C@@H]2O[C@](C)([C@H]1OC)n1c3c
918,0.590973,0.0725,5.32,4800.0,CO[C@H]1[C@@H](N(C)C(=O)c2cccc([N+](=O)[O-])c2)C[C
919,0.654006,0.0749,5.89,1300.0,CCCCC(O)CN(C)[C@H]1C[C@@H]2O[C@](C)([C@H]1OC)n1c3c
920,0.995401,0.0823,8.96,1.1,Cc1cc(C(=O)NCCN2CCOCC2)[nH]c1/C=C1\C(=O)Nc2ncnc(Nc
921,0.654006,0.0924,5.89,1300.0,CCCCC(O)CN(C)[C@H]1C[C@@H]2O[C@](C)([C@H]1OC)n1c3c
922,0.606215,0.0831,5.46,3500.0,CO[C@H]1[C@@H](N(C)C(=O)CNC(=O)OC(C)(C)C)C[C@@H]2O
923,0.888889,0.0769,8.00,10.0,CS(=O)(=O)CCNc1nc(-c2ccc3ncnc(Nc4ccc(OCc5cccc(F)c5
924,0.606215,0.0817,5.46,3500.0,CO[C@H]1[C@@H](N(C)C(=O)CNC(=O)OC(C)(C)C)C[C@@H]2O
925,0.654006,0.0761,5.89,1300.0,CCCCC(O)CN(C)[C@H]1C[C@@H]2O[C@](C)([C@H]1OC)n1c3c
926,0.590573,0.0733,5.32,4840.0,CCN(CC)C(C)/C=C/C(=O)Nc1cc2c(Nc3ccc(F)c(Cl)c3)c(C#
927,0.590573,0.0859,5.32,4840.0,CCN(CC)C(C)/C=C/C(=O)Nc1cc2c(Nc3ccc(F)c(Cl)c3)c(C#
928,0.654006,0.0808,5.89,1300.0,CCCCC(O)CN(C)[C@H]1C[C@@H]2O[C@](C)([C@H]1OC)n1c3c
929,0.971636,0.0753,8.74,1.8,Cc1cc(C(=O)N2CCOCC2)[nH]c1/C=C1\C(=O)Nc2ncnc(Nc3cc
930,0.696401,0.0712,6.27,540.0,CS(=O)(=O)CCNc1nc(-c2ccc3ncnc(Nc4ccc(OCc5cccc(C(F)
931,0.749414,0.0720,6.74,180.0,Cc1[nH]c(/C=C2\C(=O)Nc3ncnc(Nc4ccc(F)c(Cl)c4)c32)c
932,0.995401,0.0773,8.96,1.1,Cc1cc(C(=O)NCCN2CCOCC2)[nH]c1/C=C1\C(=O)Nc2ncnc(Nc
933,0.654006,0.0794,5.89,1300.0,CCCCC(O)CN(C)[C@H]1C[C@@H]2O[C@](C)([C@H]1OC)n1c3c
934,0.590573,0.0714,5.32,4840.0,CCN(CC)C(C)/C=C/C(=O)Nc1cc2c(Nc3ccc(F)c(Cl)c3)c(C#
935,0.654006,0.0818,5.89,1300.0,CCCCC(O)CN(C)[C@H]1C[C@@H]2O[C@](C)([C@H]1OC)n1c3c
936,0.971636,0.0761,8.74,1.8,Cc1cc(C(=O)N2CCOCC2)[nH]c1/C=C1\C(=O)Nc2ncnc(Nc3cc
937,0.654006,0.0896,5.89,1300.0,CCCCC(O)CN(C)[C@H]1C[C@@H]2O[C@](C)([C@H]1OC)n1c3c
938,0.654006,0.0817,5.89,1300.0,CCCCC(O)CN(C)[C@H]1C[C@@H]2O[C@](C)([C@H]1OC)n1c3c
939,0.654006,0.0804,5.89,1300.0,CCCCC(O)CN(C)[C@H]1C[C@@H]2O[C@](C)([C@H]1OC)n1c3c
940,0.586101,0.0751,5.27,5310.0,Cc1cc(C(=O)NCCN2CCOCC2)[nH]c1/C=C1\C(=O)N(C)c2ncnc
941,0.654006,0.0860,5.89,1300.0,CCCCC(O)CN(C)[C@H]1C[C@@H]2O[C@](C)([C@H]1OC)n1c3c
942,0.590973,0.0807,5.32,4800.0,CO[C@H]1[C@@H](N(C)C(=O)c2cccc([N+](=O)[O-])c2)C[C
943,0.606215,0.0897,5.46,3500.0,CO[C@H]1[C@@H](N(C)C(=O)CNC(=O)OC(C)(C)C)C[C@@H]2O
944,0.565250,0.0854,5.09,8180.0,CO[C@H]1[C@@H](N(C)C(=O)c2cnccn2)C[C@@H]2O[C@@]1(C
945,0.927421,0.0781,8.35,4.5,Cc1cc(C(=O)N2CCOCC2)[nH]c1/C=C1\C(=O)Nc2ncnc(Nc3cc
946,0.453333,0.0808,4.08,83176.4,COc1cc(/C=C(\C#N)C(N)=O)cc(CSc2nc3cc(Cl)ccc3s2)c1O
947,0.696401,0.0782,6.27,540.0,CS(=O)(=O)CCNc1nc(-c2ccc3ncnc(Nc4ccc(OCc5cccc(C(F)
948,0.794305,0.0772,7.15,71.0,CS(=O)(=O)CCNc1nc(-c2ccc3ncnc(Nc4ccc5c(cnn5Cc5cccc
949,0.888889,0.0923,8.00,10.0,CS(=O)(=O)CCNc1nc(-c2ccc3ncnc(Nc4ccc(OCc5cccc(F)c5
950,0.654006,0.0998,5.89,1300.0,CCCCC(O)CN(C)[C@H]1C[C@@H]2O[C@](C)([C@H]1OC)n1c3c
951,0.552789,0.0812,4.98,10590.0,COc1cc2ncc(C#N)c(Nc3ccc(F)c(Cl)c3)c2cc1NC(=O)/C=C/
952,1.000000,0.0810,9.35,0.5,CCN(CC)CC(O)CNC(=O)c1cc(C)c(/C=C2\C(=O)Nc3ncnc(Nc4
953,0.606215,0.0844,5.46,3500.0,CO[C@H]1[C@@H](N(C)C(=O)CNC(=O)OC(C)(C)C)C[C@@H]2O
954,0.927421,0.0727,8.35,4.5,Cc1cc(C(=O)N2CCOCC2)[nH]c1/C=C1\C(=O)Nc2ncnc(Nc3cc
955,0.606215,0.0906,5.46,3500.0,CO[C@H]1[C@@H](N(C)C(=O)CNC(=O)OC(C)(C)C)C[C@@H]2O
956,0.586101,0.0735,5.27,5310.0,Cc1cc(C(=O)NCCN2CCOCC2)[nH]c1/C=C1\C(=O)N(C)c2ncnc
957,0.927421,0.0850,8.35,4.5,Cc1cc(C(=O)N2CCOCC2)[nH]c1/C=C1\C(=O)Nc2ncnc(Nc3cc
958,0.654006,0.0750,5.89,1300.0,CCCCC(O)CN(C)[C@H]1C[C@@H]2O[C@](C)([C@H]1OC)n1c3c
959,0.565250,0.0865,5.09,8180.0,CO[C@H]1[C@@H](N(C)C(=O)c2cnccn2)C[C@@H]2O[C@@]1(C
960,0.696401,0.0758,6.27,540.0,CS(=O)(=O)CCNc1nc(-c2ccc3ncnc(Nc4ccc(OCc5cccc(C(F)
961,0.995401,0.0751,8.96,1.1,Cc1cc(C(=O)NCCN2CCOCC2)[nH]c1/C=C1\C(=O)Nc2ncnc(Nc
962,0.606215,0.0761,5.46,3500.0,CO[C@H]1[C@@H](N(C)C(=O)CNC(=O)OC(C)(C)C)C[C@@H]2O
963,0.606215,0.0805,5.46,3500.0,CO[C@H]1[C@@H](N(C)C(=O)CNC(=O)OC(C)(C)C)C[C@@H]2O
964,0.619822,0.0741,5.58,2640.0,CN(C)C/C=C/C(=O)Nc1cc2c(Nc3ccc(F)c(Cl)c3)c(C#N)cnc
965,0.586101,0.0774,5.27,5310.0,Cc1cc(C(=O)NCCN2CCOCC2)[nH]c1/C=C1\C(=O)N(C)c2ncnc
966,0.540824,0.0816,4.87,13570.0,COc1cc2ncc(C#N)c(Nc3ccc(F)c(Cl)c3)c2cc1NC(=O)/C=C/
967,0.590973,0.0901,5.32,4800.0,CO[C@H]1[C@@H](N(C)C(=O)c2cccc([N+](=O)[O-])c2)C[C
968,0.606215,0.0845,5.46,3500.0,CO[C@H]1[C@@H](N(C)C(=O)CNC(=O)OC(C)(C)C)C[C@@H]2O
969,0.606215,0.0779,5.46,3500.0,CO[C@H]1[C@@H](N(C)C(=O)CNC(=O)OC(C)(C)C)C[C@@H]2O
970,0.606215,0.0840,5.46,3500.0,CO[C@H]1[C@@H](N(C)C(=O)CNC(=O)OC(C)(C)C)C[C@@H]2O
971,0.606215,0.0870,5.46,3500.0,CO[C@H]1[C@@H](N(C)C(=O)CNC(=O)OC(C)(C)C)C[C@@H]2O
972,1.000000,0.0852,9.35,0.5,CCN(CC)CC(O)CNC(=O)c1cc(C)c(/C=C2\C(=O)Nc3ncnc(Nc4
973,0.701089,0.0731,6.31,490.0,COc1cccc(-c2cn(C3CC(CNCCO)C3)c3ncnc(N)c23)c1
974,0.453333,0.0794,4.08,83176.4,COc1cc(/C=C(\C#N)C(N)=O)cc(CSc2nc3cc(Cl)ccc3s2)c1O
975,0.654006,0.0756,5.89,1300.0,CCCCC(O)CN(C)[C@H]1C[C@@H]2O[C@](C)([C@H]1OC)n1c3c
976,0.696401,0.0832,6.27,540.0,CS(=O)(=O)CCNc1nc(-c2ccc3ncnc(Nc4ccc(OCc5cccc(C(F)
977,0.654006,0.0832,5.89,1300.0,CCCCC(O)CN(C)[C@H]1C[C@@H]2O[C@](C)([C@H]1OC)n1c3c
978,0.654006,0.0920,5.89,1300.0,CCCCC(O)CN(C)[C@H]1C[C@@H]2O[C@](C)([C@H]1OC)n1c3c
979,0.444444,0.0833,4.00,100000.0,COC(=O)CN1Cc2c(c3c4ccccc4n4c3c3c2c2ccccc2n3[C@]2(C
980,0.654006,0.0878,5.89,1300.0,CCCCC(O)CN(C)[C@H]1C[C@@H]2O[C@](C)([C@H]1OC)n1c3c
981,0.606215,0.0825,5.46,3500.0,CO[C@H]1[C@@H](N(C)C(=O)CNC(=O)OC(C)(C)C)C[C@@H]2O
982,0.606215,0.0853,5.46,3500.0,CO[C@H]1[C@@H](N(C)C(=O)CNC(=O)OC(C)(C)C)C[C@@H]2O
983,0.927421,0.0789,8.35,4.5,Cc1cc(C(=O)N2CCOCC2)[nH]c1/C=C1\C(=O)Nc2ncnc(Nc3cc
984,0.586101,0.0868,5.27,5310.0,Cc1cc(C(=O)NCCN2CCOCC2)[nH]c1/C=C1\C(=O)N(C)c2ncnc
985,0.654006,0.0881,5.89,1300.0,CCCCC(O)CN(C)[C@H]1C[C@@H]2O[C@](C)([C@H]1OC)n1c3c
986,0.927421,0.0781,8.35,4.5,Cc1cc(C(=O)N2CCOCC2)[nH]c1/C=C1\C(=O)Nc2ncnc(Nc3cc
987,0.606215,0.0797,5.46,3500.0,CO[C@H]1[C@@H](N(C)C(=O)CNC(=O)OC(C)(C)C)C[C@@H]2O
988,0.606215,0.0893,5.46,3500.0,CO[C@H]1[C@@H](N(C)C(=O)CNC(=O)OC(C)(C)C)C[C@@H]2O
989,0.552789,0.0840,4.98,10590.0,COc1cc2ncc(C#N)c(Nc3ccc(F)c(Cl)c3)c2cc1NC(=O)/C=C/
990,0.995401,0.0799,8.96,1.1,Cc1cc(C(=O)NCCN2CCOCC2)[nH]c1/C=C1\C(=O)Nc2ncnc(Nc
991,0.654006,0.0793,5.89,1300.0,CCCCC(O)CN(C)[C@H]1C[C@@H]2O[C@](C)([C@H]1OC)n1c3c
992,0.593027,0.0777,5.34,4600.0,CO[C@H]1[C@@H](N(C)C(=O)c2cccc(Cl)c2)C[C@@H]2O[C@@
993,0.696401,0.0776,6.27,540.0,CS(=O)(=O)CCNc1nc(-c2ccc3ncnc(Nc4ccc(OCc5cccc(C(F)
994,0.606215,0.0839,5.46,3500.0,CO[C@H]1[C@@H](N(C)C(=O)CNC(=O)OC(C)(C)C)C[C@@H]2O
995,0.453333,0.0765,4.08,83176.4,COc1cc(/C=C(\C#N)C(N)=O)cc(CSc2nc3cc(Cl)ccc3s2)c1O
996,0.590973,0.0825,5.32,4800.0,CO[C@H]1[C@@H](N(C)C(=O)c2cccc([N+](=O)[O-])c2)C[C
997,0.590573,0.0825,5.32,4840.0,CCN(CC)C(C)/C=C/C(=O)Nc1cc2c(Nc3ccc(F)c(Cl)c3)c(C#
998,0.995401,0.0854,8.96,1.1,Cc1cc(C(=O)NCCN2CCOCC2)[nH]c1/C=C1\C(=O)Nc2ncnc(Nc
999,0.552789,0.0776,4.98,10590.0,COc1cc2ncc(C#N)c(Nc3ccc(F)c(Cl)c3)c2cc1NC(=O)/C=C/
1000,0.606215,0.0783,5.46,3500.0,CO[C@H]1[C@@H](N(C)C(=O)CNC(=O)OC(C)(C)C)C[C@@H]2O
1001,0.980434,0.0773,8.82,1.5,C=CC(=O)Nc1cc2c(Nc3ccc(F)c(Cl)c3)ncnc2cc1OCCCN1CCO
1002,0.696401,0.0840,6.27,540.0,CS(=O)(=O)CCNc1nc(-c2ccc3ncnc(Nc4ccc(OCc5cccc(C(F)
1003,0.654006,0.0749,5.89,1300.0,CCCCC(O)CN(C)[C@H]1C[C@@H]2O[C@](C)([C@H]1OC)n1c3c
1004,0.606215,0.0870,5.46,3500.0,CO[C@H]1[C@@H](N(C)C(=O)CNC(=O)OC(C)(C)C)C[C@@H]2O
1005,0.444444,0.0704,4.00,100000.0,COC(=O)CN1Cc2c(c3c4ccccc4n4c3c3c2c2ccccc2n3[C@]2(C
1006,0.654006,0.0761,5.89,1300.0,CCCCC(O)CN(C)[C@H]1C[C@@H]2O[C@](C)([C@H]1OC)n1c3c
1007,0.606215,0.0963,5.46,3500.0,CO[C@H]1[C@@H](N(C)C(=O)CNC(=O)OC(C)(C)C)C[C@@H]2O
1008,0.586101,0.0760,5.27,5310.0,Cc1cc(C(=O)NCCN2CCOCC2)[nH]c1/C=C1\C(=O)N(C)c2ncnc
1009,0.606215,0.0769,5.46,3500.0,CO[C@H]1[C@@H](N(C)C(=O)CNC(=O)OC(C)(C)C)C[C@@H]2O
1010,0.794305,0.0875,7.15,71.0,CS(=O)(=O)CCNc1nc(-c2ccc3ncnc(Nc4ccc5c(cnn5Cc5cccc
1011,0.606215,0.0755,5.46,3500.0,CO[C@H]1[C@@H](N(C)C(=O)CNC(=O)OC(C)(C)C)C[C@@H]2O
1012,0.606215,0.0807,5.46,3500.0,CO[C@H]1[C@@H](N(C)C(=O)CNC(=O)OC(C)(C)C)C[C@@H]2O
1013,0.696401,0.0795,6.27,540.0,CS(=O)(=O)CCNc1nc(-c2ccc3ncnc(Nc4ccc(OCc5cccc(C(F)
1014,0.705199,0.0813,6.35,450.0,CCN(CC)CCNC(=O)c1cc(C)c(/C=C2\C(=O)Nc3ncnc(Nc4ccc(
1015,0.444444,0.0812,4.00,100000.0,CO[C@H]1[C@@H](N(C)C(=O)c2ccccc2)C[C@@H]2O[C@@]1(C
1016,0.654006,0.0785,5.89,1300.0,CCCCC(O)CN(C)[C@H]1C[C@@H]2O[C@](C)([C@H]1OC)n1c3c
1017,0.606215,0.0798,5.46,3500.0,CO[C@H]1[C@@H](N(C)C(=O)CNC(=O)OC(C)(C)C)C[C@@H]2O
1018,0.606215,0.0954,5.46,3500.0,CO[C@H]1[C@@H](N(C)C(=O)CNC(=O)OC(C)(C)C)C[C@@H]2O
1019,0.654006,0.0830,5.89,1300.0,CCCCC(O)CN(C)[C@H]1C[C@@H]2O[C@](C)([C@H]1OC)n1c3c
1020,0.606215,0.0872,5.46,3500.0,CO[C@H]1[C@@H](N(C)C(=O)CNC(=O)OC(C)(C)C)C[C@@H]2O
1021,0.552789,0.0829,4.98,10590.0,COc1cc2ncc(C#N)c(Nc3ccc(F)c(Cl)c3)c2cc1NC(=O)/C=C/
1022,0.654006,0.0855,5.89,1300.0,CCCCC(O)CN(C)[C@H]1C[C@@H]2O[C@](C)([C@H]1OC)n1c3c
1023,0.794305,0.0708,7.15,71.0,CS(=O)(=O)CCNc1nc(-c2ccc3ncnc(Nc4ccc5c(cnn5Cc5cccc
1024,0.654006,0.0811,5.89,1300.0,CCCCC(O)CN(C)[C@H]1C[C@@H]2O[C@](C)([C@H]1OC)n1c3c
1025,0.899657,0.0783,8.10,8.0,CS(=O)(=O)CCNc1nc(-c2ccc3ncnc(Nc4ccc(OCc5ccccc5)c(
1026,0.876229,0.0840,7.89,13.0,CCN1CCN(C(=O)c2cc(C)c(/C=C3\C(=O)Nc4ncnc(Nc5ccc(F)
1027,0.606215,0.0920,5.46,3500.0,CO[C@H]1[C@@H](N(C)C(=O)CNC(=O)OC(C)(C)C)C[C@@H]2O
1028,0.453333,0.0821,4.08,83176.4,COc1cc(/C=C(\C#N)C(N)=O)cc(CSc2nc3cc(Cl)ccc3s2)c1O
1029,0.552789,0.0784,4.98,10590.0,COc1cc2ncc(C#N)c(Nc3ccc(F)c(Cl)c3)c2cc1NC(=O)/C=C/
1030,0.995401,0.0806,8.96,1.1,Cc1cc(C(=O)NCCN2CCOCC2)[nH]c1/C=C1\C(=O)Nc2ncnc(Nc
1031,0.590573,0.0762,5.32,4840.0,CCN(CC)C(C)/C=C/C(=O)Nc1cc2c(Nc3ccc(F)c(Cl)c3)c(C#
1032,0.654006,0.0780,5.89,1300.0,CCCCC(O)CN(C)[C@H]1C[C@@H]2O[C@](C)([C@H]1OC)n1c3c
1033,0.995401,0.0811,8.96,1.1,Cc1cc(C(=O)NCCN2CCOCC2)[nH]c1/C=C1\C(=O)Nc2ncnc(Nc
1034,0.696401,0.0792,6.27,540.0,CS(=O)(=O)CCNc1nc(-c2ccc3ncnc(Nc4ccc(OCc5cccc(C(F)
1035,0.606215,0.0824,5.46,3500.0,CO[C@H]1[C@@H](N(C)C(=O)CNC(=O)OC(C)(C)C)C[C@@H]2O
1036,0.995401,0.0824,8.96,1.1,Cc1cc(C(=O)NCCN2CCOCC2)[nH]c1/C=C1\C(=O)Nc2ncnc(Nc
1037,0.593027,0.0867,5.34,4600.0,CO[C@H]1[C@@H](N(C)C(=O)c2cccc(Cl)c2)C[C@@H]2O[C@@
1038,0.590573,0.0886,5.32,4840.0,CCN(CC)C(C)/C=C/C(=O)Nc1cc2c(Nc3ccc(F)c(Cl)c3)c(C#
1039,0.788546,0.0862,7.10,80.0,CCOc1cc2ncc(C#N)c(Nc3ccc(F)c(Cl)c3)c2cc1NC(=O)/C=C
1040,0.606215,0.0798,5.46,3500.0,CO[C@H]1[C@@H](N(C)C(=O)CNC(=O)OC(C)(C)C)C[C@@H]2O
1041,0.888889,0.0749,8.00,10.0,CS(=O)(=O)CCNc1nc(-c2ccc3ncnc(Nc4ccc(OCc5cccc(F)c5
1042,0.648076,0.0785,5.83,1470.0,COC(=O)CN1CCC(n2cc(-c3cccc(OC)c3)c3c(N)ncnc32)CC1
1043,0.552789,0.0847,4.98,10590.0,COc1cc2ncc(C#N)c(Nc3ccc(F)c(Cl)c3)c2cc1NC(=O)/C=C/
1044,0.654006,0.0756,5.89,1300.0,CCCCC(O)CN(C)[C@H]1C[C@@H]2O[C@](C)([C@H]1OC)n1c3c
1045,0.590573,0.0936,5.32,4840.0,CCN(CC)C(C)/C=C/C(=O)Nc1cc2c(Nc3ccc(F)c(Cl)c3)c(C#
1046,0.565250,0.0866,5.09,8180.0,CO[C@H]1[C@@H](N(C)C(=O)c2cnccn2)C[C@@H]2O[C@@]1(C
1047,0.850842,0.0816,7.66,22.0,O=C1Nc2ncnc(Nc3ccc(F)c(Cl)c3)c2/C1=C/c1ccc(C(=O)NC
1048,0.995401,0.0792,8.96,1.1,Cc1cc(C(=O)NCCN2CCOCC2)[nH]c1/C=C1\C(=O)Nc2ncnc(Nc
1049,0.590573,0.0843,5.32,4840.0,CCN(CC)C(C)/C=C/C(=O)Nc1cc2c(Nc3ccc(F)c(Cl)c3)c(C#
1050,0.606215,0.0839,5.46,3500.0,CO[C@H]1[C@@H](N(C)C(=O)CNC(=O)OC(C)(C)C)C[C@@H]2O
1051,0.860525,0.0782,7.74,18.0,C#Cc1cccc(Nc2ncnc3c2/C(=C/c2[nH]c(C(=O)NCCN4CCOCC4
1052,0.654006,0.0782,5.89,1300.0,CCCCC(O)CN(C)[C@H]1C[C@@H]2O[C@](C)([C@H]1OC)n1c3c
1053,0.565250,0.0876,5.09,8180.0,CO[C@H]1[C@@H](N(C)C(=O)c2cnccn2)C[C@@H]2O[C@@]1(C
1054,0.606215,0.0824,5.46,3500.0,CO[C@H]1[C@@H](N(C)C(=O)CNC(=O)OC(C)(C)C)C[C@@H]2O
1055,0.552789,0.0737,4.98,10590.0,COc1cc2ncc(C#N)c(Nc3ccc(F)c(Cl)c3)c2cc1NC(=O)/C=C/
1056,0.654006,0.0882,5.89,1300.0,CCCCC(O)CN(C)[C@H]1C[C@@H]2O[C@](C)([C@H]1OC)n1c3c
1057,0.606215,0.0824,5.46,3500.0,CO[C@H]1[C@@H](N(C)C(=O)CNC(=O)OC(C)(C)C)C[C@@H]2O
1058,0.654006,0.0739,5.89,1300.0,CCCCC(O)CN(C)[C@H]1C[C@@H]2O[C@](C)([C@H]1OC)n1c3c
1059,0.590973,0.0805,5.32,4800.0,CO[C@H]1[C@@H](N(C)C(=O)c2cccc([N+](=O)[O-])c2)C[C
1060,0.606215,0.0912,5.46,3500.0,CO[C@H]1[C@@H](N(C)C(=O)CNC(=O)OC(C)(C)C)C[C@@H]2O
1061,0.876229,0.0809,7.89,13.0,CCN1CCN(C(=O)c2cc(C)c(/C=C3\C(=O)Nc4ncnc(Nc5ccc(F)
1062,0.552789,0.0816,4.98,10590.0,COc1cc2ncc(C#N)c(Nc3ccc(F)c(Cl)c3)c2cc1NC(=O)/C=C/
1063,1.000000,0.0780,9.35,0.5,CCN(CC)CC(O)CNC(=O)c1cc(C)c(/C=C2\C(=O)Nc3ncnc(Nc4
1064,0.888889,0.0812,8.00,10.0,CS(=O)(=O)CCNCc1ccc(-c2ccc3ncnc(Nc4ccc(OCc5cccc(F)
1065,0.606215,0.0776,5.46,3500.0,CO[C@H]1[C@@H](N(C)C(=O)CNC(=O)OC(C)(C)C)C[C@@H]2O
1066,0.552789,0.0782,4.98,10590.0,COc1cc2ncc(C#N)c(Nc3ccc(F)c(Cl)c3)c2cc1NC(=O)/C=C/
1067,0.590973,0.0776,5.32,4800.0,CO[C@H]1[C@@H](N(C)C(=O)c2cccc([N+](=O)[O-])c2)C[C
1068,0.606215,0.0861,5.46,3500.0,CO[C@H]1[C@@H](N(C)C(=O)CNC(=O)OC(C)(C)C)C[C@@H]2O
1069,0.927421,0.0860,8.35,4.5,Cc1cc(C(=O)N2CCOCC2)[nH]c1/C=C1\C(=O)Nc2ncnc(Nc3cc
1070,0.654006,0.0911,5.89,1300.0,CCCCC(O)CN(C)[C@H]1C[C@@H]2O[C@](C)([C@H]1OC)n1c3c
1071,0.590973,0.0819,5.32,4800.0,CO[C@H]1[C@@H](N(C)C(=O)c2cccc([N+](=O)[O-])c2)C[C
1072,0.654006,0.0799,5.89,1300.0,CCCCC(O)CN(C)[C@H]1C[C@@H]2O[C@](C)([C@H]1OC)n1c3c
1073,0.444444,0.0836,4.00,100000.0,COC(=O)CN1Cc2c(c3c4ccccc4n4c3c3c2c2ccccc2n3[C@]2(C
1074,0.927421,0.0792,8.35,4.5,Cc1cc(C(=O)N2CCOCC2)[nH]c1/C=C1\C(=O)Nc2ncnc(Nc3cc
1075,0.606215,0.0843,5.46,3500.0,CO[C@H]1[C@@H](N(C)C(=O)CNC(=O)OC(C)(C)C)C[C@@H]2O
1076,0.552789,0.0751,4.98,10590.0,COc1cc2ncc(C#N)c(Nc3ccc(F)c(Cl)c3)c2cc1NC(=O)/C=C/
1077,0.586101,0.0850,5.27,5310.0,Cc1cc(C(=O)NCCN2CCOCC2)[nH]c1/C=C1\C(=O)N(C)c2ncnc
1078,0.606215,0.0826,5.46,3500.0,CO[C@H]1[C@@H](N(C)C(=O)CNC(=O)OC(C)(C)C)C[C@@H]2O
1079,0.444444,0.0804,4.00,100000.0,COC(=O)CN1Cc2c(c3c4ccccc4n4c3c3c2c2ccccc2n3[C@]2(C
1080,0.593027,0.0784,5.34,4600.0,CO[C@H]1[C@@H](N(C)C(=O)c2cccc(Cl)c2)C[C@@H]2O[C@@
1081,0.995401,0.0732,8.96,1.1,Cc1cc(C(=O)NCCN2CCOCC2)[nH]c1/C=C1\C(=O)Nc2ncnc(Nc
1082,0.590573,0.0801,5.32,4840.0,CCN(CC)C(C)/C=C/C(=O)Nc1cc2c(Nc3ccc(F)c(Cl)c3)c(C#
1083,0.696401,0.0807,6.27,540.0,CS(=O)(=O)CCNc1nc(-c2ccc3ncnc(Nc4ccc(OCc5cccc(C(F)
1084,0.444444,0.0829,4.00,100000.0,CO[C@H]1[C@@H](N(C)C(=O)c2ccccc2)C[C@@H]2O[C@@]1(C
1085,0.654006,0.0769,5.89,1300.0,CCCCC(O)CN(C)[C@H]1C[C@@H]2O[C@](C)([C@H]1OC)n1c3c
1086,0.846643,0.0789,7.62,24.0,CS(=O)(=O)CCNCCCCOc1ccc2ncnc(Nc3ccc4c(cnn4Cc4cccc(
1087,0.606215,0.0824,5.46,3500.0,CO[C@H]1[C@@H](N(C)C(=O)CNC(=O)OC(C)(C)C)C[C@@H]2O
1088,0.565250,0.0799,5.09,8180.0,CO[C@H]1[C@@H](N(C)C(=O)c2cccnc2)C[C@@H]2O[C@@]1(C
1089,0.654006,0.0916,5.89,1300.0,CCCCC(O)CN(C)[C@H]1C[C@@H]2O[C@](C)([C@H]1OC)n1c3c
1090,0.696401,0.0774,6.27,540.0,CS(=O)(=O)CCNc1nc(-c2ccc3ncnc(Nc4ccc(OCc5cccc(C(F)
1091,0.696401,0.0731,6.27,540.0,CS(=O)(=O)CCNc1nc(-c2ccc3ncnc(Nc4ccc(OCc5cccc(C(F)
1092,0.670169,0.0848,6.03,930.0,COCCN(C)CCN1CCC(n2cc(-c3cccc(OC)c3)c3c(N)ncnc32)CC
1093,0.453333,0.0771,4.08,83176.4,COc1cc(/C=C(\C#N)C(N)=O)cc(CSc2nc3cc(Cl)ccc3s2)c1O
1094,0.606215,0.0814,5.46,3500.0,CO[C@H]1[C@@H](N(C)C(=O)CNC(=O)OC(C)(C)C)C[C@@H]2O
1095,0.654006,0.0745,5.89,1300.0,CCCCC(O)CN(C)[C@H]1C[C@@H]2O[C@](C)([C@H]1OC)n1c3c
1096,0.794305,0.0717,7.15,71.0,CS(=O)(=O)CCNc1nc(-c2ccc3ncnc(Nc4ccc5c(cnn5Cc5cccc
1097,0.888889,0.0687,8.00,10.0,CS(=O)(=O)CCNCc1ccc(-c2ccc3ncnc(Nc4ccc(OCc5cccc(F)
1098,0.654006,0.0844,5.89,1300.0,CCCCC(O)CN(C)[C@H]1C[C@@H]2O[C@](C)([C@H]1OC)n1c3c
1099,0.654006,0.0825,5.89,1300.0,CCCCC(O)CN(C)[C@H]1C[C@@H]2O[C@](C)([C@H]1OC)n1c3c
1100,0.696401,0.0817,6.27,540.0,CS(=O)(=O)CCNc1nc(-c2ccc3ncnc(Nc4ccc(OCc5cccc(C(F)
1101,0.606215,0.0779,5.46,3500.0,CO[C@H]1[C@@H](N(C)C(=O)CNC(=O)OC(C)(C)C)C[C@@H]2O
1102,0.654006,0.0771,5.89,1300.0,CCCCC(O)CN(C)[C@H]1C[C@@H]2O[C@](C)([C@H]1OC)n1c3c
1103,0.794305,0.0728,7.15,71.0,CS(=O)(=O)CCNc1nc(-c2ccc3ncnc(Nc4ccc5c(cnn5Cc5cccc
1104,0.846643,0.0781,7.62,24.0,CS(=O)(=O)CCNCCCCOc1ccc2ncnc(Nc3ccc4c(cnn4Cc4cccc(
1105,0.927421,0.0709,8.35,4.5,Cc1cc(C(=O)N2CCOCC2)[nH]c1/C=C1\C(=O)Nc2ncnc(Nc3cc
1106,0.654006,0.0752,5.89,1300.0,CCCCC(O)CN(C)[C@H]1C[C@@H]2O[C@](C)([C@H]1OC)n1c3c
1107,0.654006,0.0810,5.89,1300.0,CCCCC(O)CN(C)[C@H]1C[C@@H]2O[C@](C)([C@H]1OC)n1c3c
1108,0.606215,0.0828,5.46,3500.0,CO[C@H]1[C@@H](N(C)C(=O)CNC(=O)OC(C)(C)C)C[C@@H]2O
1109,0.654006,0.0808,5.89,1300.0,CCCCC(O)CN(C)[C@H]1C[C@@H]2O[C@](C)([C@H]1OC)n1c3c
1110,0.606215,0.0921,5.46,3500.0,CO[C@H]1[C@@H](N(C)C(=O)CNC(=O)OC(C)(C)C)C[C@@H]2O
1111,0.654006,0.0764,5.89,1300.0,CCCCC(O)CN(C)[C@H]1C[C@@H]2O[C@](C)([C@H]1OC)n1c3c
1112,0.552789,0.0845,4.98,10590.0,COc1cc2ncc(C#N)c(Nc3ccc(F)c(Cl)c3)c2cc1NC(=O)/C=C/
1113,0.590573,0.0734,5.32,4840.0,CCN(CC)C(C)/C=C/C(=O)Nc1cc2c(Nc3ccc(F)c(Cl)c3)c(C#
1114,0.876229,0.0858,7.89,13.0,CCN1CCN(C(=O)c2cc(C)c(/C=C3\C(=O)Nc4ncnc(Nc5ccc(F)
1115,0.696401,0.0774,6.27,540.0,CS(=O)(=O)CCNc1nc(-c2ccc3ncnc(Nc4ccc(OCc5cccc(C(F)
1116,0.696401,0.0748,6.27,540.0,CS(=O)(=O)CCNc1nc(-c2ccc3ncnc(Nc4ccc(OCc5cccc(C(F)
1117,0.552789,0.0805,4.98,10590.0,COc1cc2ncc(C#N)c(Nc3ccc(F)c(Cl)c3)c2cc1NC(=O)/C=C/
1118,0.565250,0.0754,5.09,8180.0,CO[C@H]1[C@@H](N(C)C(=O)c2cccnc2)C[C@@H]2O[C@@]1(C
1119,0.606215,0.0810,5.46,3500.0,CO[C@H]1[C@@H](N(C)C(=O)CNC(=O)OC(C)(C)C)C[C@@H]2O
1120,0.701089,0.0720,6.31,490.0,COc1cccc(-c2cn(C3CC(CNCCO)C3)c3ncnc(N)c23)c1
1121,0.654006,0.0909,5.89,1300.0,CCCCC(O)CN(C)[C@H]1C[C@@H]2O[C@](C)([C@H]1OC)n1c3c
1122,0.696401,0.0792,6.27,540.0,CS(=O)(=O)CCNc1nc(-c2ccc3ncnc(Nc4ccc(OCc5cccc(C(F)
1123,0.606215,0.0796,5.46,3500.0,CO[C@H]1[C@@H](N(C)C(=O)CNC(=O)OC(C)(C)C)C[C@@H]2O
1124,0.565250,0.0835,5.09,8180.0,CO[C@H]1[C@@H](N(C)C(=O)c2cccnc2)C[C@@H]2O[C@@]1(C
1125,0.606215,0.0839,5.46,3500.0,CO[C@H]1[C@@H](N(C)C(=O)CNC(=O)OC(C)(C)C)C[C@@H]2O
1126,0.654006,0.0783,5.89,1300.0,CCCCC(O)CN(C)[C@H]1C[C@@H]2O[C@](C)([C@H]1OC)n1c3c
1127,0.654006,0.0811,5.89,1300.0,CCCCC(O)CN(C)[C@H]1C[C@@H]2O[C@](C)([C@H]1OC)n1c3c
1128,0.995401,0.0789,8.96,1.1,Cc1cc(C(=O)NCCN2CCOCC2)[nH]c1/C=C1\C(=O)Nc2ncnc(Nc
1129,0.606215,0.0756,5.46,3500.0,CO[C@H]1[C@@H](N(C)C(=O)CNC(=O)OC(C)(C)C)C[C@@H]2O
1130,0.606215,0.0957,5.46,3500.0,CO[C@H]1[C@@H](N(C)C(=O)CNC(=O)OC(C)(C)C)C[C@@H]2O
1131,0.606215,0.0877,5.46,3500.0,CO[C@H]1[C@@H](N(C)C(=O)CNC(=O)OC(C)(C)C)C[C@@H]2O
1132,0.606215,0.0798,5.46,3500.0,CO[C@H]1[C@@H](N(C)C(=O)CNC(=O)OC(C)(C)C)C[C@@H]2O
1133,0.606215,0.0770,5.46,3500.0,CO[C@H]1[C@@H](N(C)C(=O)CNC(=O)OC(C)(C)C)C[C@@H]2O
1134,0.654006,0.0788,5.89,1300.0,CCCCC(O)CN(C)[C@H]1C[C@@H]2O[C@](C)([C@H]1OC)n1c3c
1135,0.860525,0.0793,7.74,18.0,C#Cc1cccc(Nc2ncnc3c2/C(=C/c2[nH]c(C(=O)NCCN4CCOCC4
1136,0.995401,0.0818,8.96,1.1,Cc1cc(C(=O)NCCN2CCOCC2)[nH]c1/C=C1\C(=O)Nc2ncnc(Nc
1137,0.453333,0.0810,4.08,83176.4,COc1cc(/C=C(\C#N)C(N)=O)cc(CSc2nc3cc(Cl)ccc3s2)c1O
1138,0.606215,0.0827,5.46,3500.0,CO[C@H]1[C@@H](N(C)C(=O)CNC(=O)OC(C)(C)C)C[C@@H]2O
1139,0.888889,0.0803,8.00,10.0,CS(=O)(=O)CCNCc1ccc(-c2ccc3ncnc(Nc4ccc(OCc5cccc(F)
1140,0.586101,0.0812,5.27,5310.0,Cc1cc(C(=O)NCCN2CCOCC2)[nH]c1/C=C1\C(=O)N(C)c2ncnc
1141,0.570085,0.0760,5.13,7400.0,COC(=O)c1ccc(C(=O)N(C)[C@H]2C[C@@H]3O[C@](C)([C@H]
1142,0.696401,0.0764,6.27,540.0,CS(=O)(=O)CCNc1nc(-c2ccc3ncnc(Nc4ccc(OCc5cccc(C(F)
1143,0.654006,0.0728,5.89,1300.0,CCCCC(O)CN(C)[C@H]1C[C@@H]2O[C@](C)([C@H]1OC)n1c3c
1144,0.606215,0.0897,5.46,3500.0,CO[C@H]1[C@@H](N(C)C(=O)CNC(=O)OC(C)(C)C)C[C@@H]2O
1145,0.590573,0.0785,5.32,4840.0,CCN(CC)C(C)/C=C/C(=O)Nc1cc2c(Nc3ccc(F)c(Cl)c3)c(C#
1146,0.606215,0.0848,5.46,3500.0,CO[C@H]1[C@@H](N(C)C(=O)CNC(=O)OC(C)(C)C)C[C@@H]2O
1147,0.654006,0.0806,5.89,1300.0,CCCCC(O)CN(C)[C@H]1C[C@@H]2O[C@](C)([C@H]1OC)n1c3c
1148,0.696401,0.0704,6.27,540.0,CS(=O)(=O)CCNc1nc(-c2ccc3ncnc(Nc4ccc(OCc5cccc(C(F)
1149,0.552789,0.0854,4.98,10590.0,COc1cc2ncc(C#N)c(Nc3ccc(F)c(Cl)c3)c2cc1NC(=O)/C=C/
1150,0.654006,0.0888,5.89,1300.0,CCCCC(O)CN(C)[C@H]1C[C@@H]2O[C@](C)([C@H]1OC)n1c3c
1151,0.606215,0.0752,5.46,3500.0,CO[C@H]1[C@@H](N(C)C(=O)CNC(=O)OC(C)(C)C)C[C@@H]2O
1152,0.565250,0.0810,5.09,8180.0,CO[C@H]1[C@@H](N(C)C(=O)c2cnccn2)C[C@@H]2O[C@@]1(C
1153,0.794305,0.0763,7.15,71.0,CS(=O)(=O)CCNc1nc(-c2ccc3ncnc(Nc4ccc5c(cnn5Cc5cccc
1154,0.794305,0.0814,7.15,71.0,CS(=O)(=O)CCNc1nc(-c2ccc3ncnc(Nc4ccc5c(cnn5Cc5cccc
1155,0.888889,0.0730,8.00,10.0,CS(=O)(=O)CCNc1nc(-c2ccc3ncnc(Nc4ccc(OCc5cccc(F)c5
1156,0.606215,0.0829,5.46,3500.0,CO[C@H]1[C@@H](N(C)C(=O)CNC(=O)OC(C)(C)C)C[C@@H]2O
1157,0.654006,0.0818,5.89,1300.0,CCCCC(O)CN(C)[C@H]1C[C@@H]2O[C@](C)([C@H]1OC)n1c3c
1158,0.606215,0.0737,5.46,3500.0,CO[C@H]1[C@@H](N(C)C(=O)CNC(=O)OC(C)(C)C)C[C@@H]2O
1159,0.995401,0.0753,8.96,1.1,Cc1cc(C(=O)NCCN2CCOCC2)[nH]c1/C=C1\C(=O)Nc2ncnc(Nc
1160,0.619822,0.0759,5.58,2640.0,CN(C)C/C=C/C(=O)Nc1cc2c(Nc3ccc(F)c(Cl)c3)c(C#N)cnc
1161,0.654006,0.0855,5.89,1300.0,CCCCC(O)CN(C)[C@H]1C[C@@H]2O[C@](C)([C@H]1OC)n1c3c
1162,0.680549,0.0818,6.12,750.0,COc1cccc(-c2cn(C3CCN(CC(=O)N(C)C)CC3)c3ncnc(N)c23)
1163,0.654006,0.0794,5.89,1300.0,CCCCC(O)CN(C)[C@H]1C[C@@H]2O[C@](C)([C@H]1OC)n1c3c
1164,0.606215,0.0776,5.46,3500.0,CO[C@H]1[C@@H](N(C)C(=O)CNC(=O)OC(C)(C)C)C[C@@H]2O
1165,0.565250,0.0810,5.09,8180.0,CO[C@H]1[C@@H](N(C)C(=O)c2cnccn2)C[C@@H]2O[C@@]1(C
1166,0.696401,0.0807,6.27,540.0,CS(=O)(=O)CCNc1nc(-c2ccc3ncnc(Nc4ccc(OCc5cccc(C(F)
1167,0.654006,0.0815,5.89,1300.0,CCCCC(O)CN(C)[C@H]1C[C@@H]2O[C@](C)([C@H]1OC)n1c3c
1168,0.444444,0.0815,4.00,100000.0,COC(=O)CN1Cc2c(c3c4ccccc4n4c3c3c2c2ccccc2n3[C@]2(C
1169,0.606215,0.0827,5.46,3500.0,CO[C@H]1[C@@H](N(C)C(=O)CNC(=O)OC(C)(C)C)C[C@@H]2O
1170,0.606215,0.0897,5.46,3500.0,CO[C@H]1[C@@H](N(C)C(=O)CNC(=O)OC(C)(C)C)C[C@@H]2O
1171,0.477892,0.0756,4.30,50000.0,CN1CC[C@H](c2c(O)cc(O)c3c(=O)cc(Oc4ccccc4Cl)oc23)[
1172,0.696401,0.0774,6.27,540.0,CS(=O)(=O)CCNc1nc(-c2ccc3ncnc(Nc4ccc(OCc5cccc(C(F)
1173,0.606215,0.0798,5.46,3500.0,CO[C@H]1[C@@H](N(C)C(=O)CNC(=O)OC(C)(C)C)C[C@@H]2O
1174,0.606215,0.0815,5.46,3500.0,CO[C@H]1[C@@H](N(C)C(=O)CNC(=O)OC(C)(C)C)C[C@@H]2O
1175,0.444444,0.0677,4.00,100000.0,COC(=O)CN1Cc2c(c3c4ccccc4n4c3c3c2c2ccccc2n3[C@]2(C
1176,0.794305,0.0754,7.15,71.0,CS(=O)(=O)CCNc1nc(-c2ccc3ncnc(Nc4ccc5c(cnn5Cc5cccc
1177,0.654006,0.0815,5.89,1300.0,CCCCC(O)CN(C)[C@H]1C[C@@H]2O[C@](C)([C@H]1OC)n1c3c
1178,0.606215,0.0847,5.46,3500.0,CO[C@H]1[C@@H](N(C)C(=O)CNC(=O)OC(C)(C)C)C[C@@H]2O
1179,0.565250,0.0783,5.09,8180.0,CO[C@H]1[C@@H](N(C)C(=O)c2cnccn2)C[C@@H]2O[C@@]1(C
1180,0.593027,0.0747,5.34,4600.0,CO[C@H]1[C@@H](N(C)C(=O)c2cccc(Cl)c2)C[C@@H]2O[C@@
1181,0.860525,0.0853,7.74,18.0,C#Cc1cccc(Nc2ncnc3c2/C(=C/c2[nH]c(C(=O)NCCN4CCOCC4
1182,0.606215,0.0781,5.46,3500.0,CO[C@H]1[C@@H](N(C)C(=O)CNC(=O)OC(C)(C)C)C[C@@H]2O
1183,0.586101,0.0830,5.27,5310.0,Cc1cc(C(=O)NCCN2CCOCC2)[nH]c1/C=C1\C(=O)N(C)c2ncnc
1184,0.606215,0.0932,5.46,3500.0,CO[C@H]1[C@@H](N(C)C(=O)CNC(=O)OC(C)(C)C)C[C@@H]2O
1185,0.606215,0.0819,5.46,3500.0,CO[C@H]1[C@@H](N(C)C(=O)CNC(=O)OC(C)(C)C)C[C@@H]2O
1186,0.846643,0.0833,7.62,24.0,CS(=O)(=O)CCNCCCCOc1ccc2ncnc(Nc3ccc4c(cnn4Cc4cccc(
1187,0.606215,0.0870,5.46,3500.0,CO[C@H]1[C@@H](N(C)C(=O)CNC(=O)OC(C)(C)C)C[C@@H]2O
1188,0.444444,0.0841,4.00,100000.0,CO[C@H]1[C@@H](N(C)C(=O)c2ccccc2)C[C@@H]2O[C@@]1(C
1189,0.927421,0.0719,8.35,4.5,Cc1cc(C(=O)N2CCOCC2)[nH]c1/C=C1\C(=O)Nc2ncnc(Nc3cc
1190,0.444444,0.0761,4.00,100000.0,COC(=O)CN1Cc2c(c3c4ccccc4n4c3c3c2c2ccccc2n3[C@]2(C
1191,0.444444,0.0815,4.00,100000.0,COC(=O)CN1Cc2c(c3c4ccccc4n4c3c3c2c2ccccc2n3[C@]2(C
1192,0.606215,0.0860,5.46,3500.0,CO[C@H]1[C@@H](N(C)C(=O)CNC(=O)OC(C)(C)C)C[C@@H]2O
1193,0.593027,0.0812,5.34,4600.0,CO[C@H]1[C@@H](N(C)C(=O)c2cccc(Cl)c2)C[C@@H]2O[C@@
1194,0.552789,0.0783,4.98,10590.0,COc1cc2ncc(C#N)c(Nc3ccc(F)c(Cl)c3)c2cc1NC(=O)/C=C/
1195,0.606215,0.0874,5.46,3500.0,CO[C@H]1[C@@H](N(C)C(=O)CNC(=O)OC(C)(C)C)C[C@@H]2O
1196,0.654006,0.0718,5.89,1300.0,CCCCC(O)CN(C)[C@H]1C[C@@H]2O[C@](C)([C@H]1OC)n1c3c
1197,0.590573,0.0842,5.32,4840.0,CCN(CC)C(C)/C=C/C(=O)Nc1cc2c(Nc3ccc(F)c(Cl)c3)c(C#
1198,0.590973,0.0853,5.32,4800.0,CO[C@H]1[C@@H](N(C)C(=O)c2cccc([N+](=O)[O-])c2)C[C
1199,0.995401,0.0830,8.96,1.1,Cc1cc(C(=O)NCCN2CCOCC2)[nH]c1/C=C1\C(=O)Nc2ncnc(Nc
1200,0.606215,0.0853,5.46,3500.0,CO[C@H]1[C@@H](N(C)C(=O)CNC(=O)OC(C)(C)C)C[C@@H]2O
1201,0.654006,0.0794,5.89,1300.0,CCCCC(O)CN(C)[C@H]1C[C@@H]2O[C@](C)([C@H]1OC)n1c3c
1202,0.927421,0.0788,8.35,4.5,Cc1cc(C(=O)N2CCOCC2)[nH]c1/C=C1\C(=O)Nc2ncnc(Nc3cc
1203,0.453333,0.0750,4.08,83176.4,COc1cc(/C=C(\C#N)C(N)=O)cc(CSc2nc3cc(Cl)ccc3s2)c1O
1204,0.995401,0.0788,8.96,1.1,Cc1cc(C(=O)NCCN2CCOCC2)[nH]c1/C=C1\C(=O)Nc2ncnc(Nc
1205,0.654006,0.0849,5.89,1300.0,CCCCC(O)CN(C)[C@H]1C[C@@H]2O[C@](C)([C@H]1OC)n1c3c
1206,0.696401,0.0768,6.27,540.0,CS(=O)(=O)CCNc1nc(-c2ccc3ncnc(Nc4ccc(OCc5cccc(C(F)
1207,0.654006,0.0757,5.89,1300.0,CCCCC(O)CN(C)[C@H]1C[C@@H]2O[C@](C)([C@H]1OC)n1c3c
1208,0.606215,0.0841,5.46,3500.0,CO[C@H]1[C@@H](N(C)C(=O)CNC(=O)OC(C)(C)C)C[C@@H]2O
1209,0.606215,0.0889,5.46,3500.0,CO[C@H]1[C@@H](N(C)C(=O)CNC(=O)OC(C)(C)C)C[C@@H]2O
1210,0.654006,0.0831,5.89,1300.0,CCCCC(O)CN(C)[C@H]1C[C@@H]2O[C@](C)([C@H]1OC)n1c3c
1211,0.606215,0.0832,5.46,3500.0,CO[C@H]1[C@@H](N(C)C(=O)CNC(=O)OC(C)(C)C)C[C@@H]2O
1212,0.696401,0.0735,6.27,540.0,CS(=O)(=O)CCNc1nc(-c2ccc3ncnc(Nc4ccc(OCc5cccc(C(F)
1213,0.654006,0.0870,5.89,1300.0,CCCCC(O)CN(C)[C@H]1C[C@@H]2O[C@](C)([C@H]1OC)n1c3c
1214,0.606215,0.0794,5.46,3500.0,CO[C@H]1[C@@H](N(C)C(=O)CNC(=O)OC(C)(C)C)C[C@@H]2O
1215,0.654006,0.0754,5.89,1300.0,CCCCC(O)CN(C)[C@H]1C[C@@H]2O[C@](C)([C@H]1OC)n1c3c
1216,0.654006,0.0773,5.89,1300.0,CCCCC(O)CN(C)[C@H]1C[C@@H]2O[C@](C)([C@H]1OC)n1c3c
1217,0.606215,0.0818,5.46,3500.0,CO[C@H]1[C@@H](N(C)C(=O)CNC(=O)OC(C)(C)C)C[C@@H]2O
1218,0.586101,0.0756,5.27,5310.0,Cc1cc(C(=O)NCCN2CCOCC2)[nH]c1/C=C1\C(=O)N(C)c2ncnc
1219,0.995401,0.0838,8.96,1.1,Cc1cc(C(=O)NCCN2CCOCC2)[nH]c1/C=C1\C(=O)Nc2ncnc(Nc
1220,0.606215,0.0816,5.46,3500.0,CO[C@H]1[C@@H](N(C)C(=O)CNC(=O)OC(C)(C)C)C[C@@H]2O
1221,0.606215,0.0774,5.46,3500.0,CO[C@H]1[C@@H](N(C)C(=O)CNC(=O)OC(C)(C)C)C[C@@H]2O
1222,0.552789,0.0843,4.98,10590.0,COc1cc2ncc(C#N)c(Nc3ccc(F)c(Cl)c3)c2cc1NC(=O)/C=C/
1223,0.606215,0.0874,5.46,3500.0,CO[C@H]1[C@@H](N(C)C(=O)CNC(=O)OC(C)(C)C)C[C@@H]2O
1224,0.654006,0.0801,5.89,1300.0,CCCCC(O)CN(C)[C@H]1C[C@@H]2O[C@](C)([C@H]1OC)n1c3c
1225,0.606215,0.0836,5.46,3500.0,CO[C@H]1[C@@H](N(C)C(=O)CNC(=O)OC(C)(C)C)C[C@@H]2O
1226,0.590973,0.0825,5.32,4800.0,CO[C@H]1[C@@H](N(C)C(=O)c2cccc([N+](=O)[O-])c2)C[C
1227,0.444444,0.0835,4.00,100000.0,CO[C@H]1[C@@H](N(C)C(=O)c2ccccc2)C[C@@H]2O[C@@]1(C
1228,0.606215,0.0831,5.46,3500.0,CO[C@H]1[C@@H](N(C)C(=O)CNC(=O)OC(C)(C)C)C[C@@H]2O
1229,0.590573,0.0790,5.32,4840.0,CCN(CC)C(C)/C=C/C(=O)Nc1cc2c(Nc3ccc(F)c(Cl)c3)c(C#
1230,0.586101,0.0860,5.27,5310.0,Cc1cc(C(=O)NCCN2CCOCC2)[nH]c1/C=C1\C(=O)N(C)c2ncnc
1231,0.606215,0.0793,5.46,3500.0,CO[C@H]1[C@@H](N(C)C(=O)CNC(=O)OC(C)(C)C)C[C@@H]2O
1232,0.606215,0.0756,5.46,3500.0,CO[C@H]1[C@@H](N(C)C(=O)CNC(=O)OC(C)(C)C)C[C@@H]2O
1233,0.680549,0.0787,6.12,750.0,COc1cccc(-c2cn(C3CCN(CC(=O)N(C)C)CC3)c3ncnc(N)c23)
1234,0.971636,0.0703,8.74,1.8,Cc1cc(C(=O)N2CCOCC2)[nH]c1/C=C1\C(=O)Nc2ncnc(Nc3cc
1235,0.606215,0.0823,5.46,3500.0,CO[C@H]1[C@@H](N(C)C(=O)CNC(=O)OC(C)(C)C)C[C@@H]2O
1236,0.590973,0.0777,5.32,4800.0,CO[C@H]1[C@@H](N(C)C(=O)c2cccc([N+](=O)[O-])c2)C[C
1237,0.565250,0.0747,5.09,8180.0,CO[C@H]1[C@@H](N(C)C(=O)c2cnccn2)C[C@@H]2O[C@@]1(C
1238,0.888889,0.0764,8.00,10.0,CS(=O)(=O)CCNCc1ccc(-c2ccc3ncnc(Nc4ccc(OCc5cccc(F)
1239,0.654006,0.0785,5.89,1300.0,CCCCC(O)CN(C)[C@H]1C[C@@H]2O[C@](C)([C@H]1OC)n1c3c
1240,0.606215,0.0872,5.46,3500.0,CO[C@H]1[C@@H](N(C)C(=O)CNC(=O)OC(C)(C)C)C[C@@H]2O
1241,0.606215,0.0860,5.46,3500.0,CO[C@H]1[C@@H](N(C)C(=O)CNC(=O)OC(C)(C)C)C[C@@H]2O
1242,0.696401,0.0793,6.27,540.0,CS(=O)(=O)CCNc1nc(-c2ccc3ncnc(Nc4ccc(OCc5cccc(C(F)
1243,0.606215,0.0814,5.46,3500.0,CO[C@H]1[C@@H](N(C)C(=O)CNC(=O)OC(C)(C)C)C[C@@H]2O
1244,0.606215,0.0850,5.46,3500.0,CO[C@H]1[C@@H](N(C)C(=O)CNC(=O)OC(C)(C)C)C[C@@H]2O
1245,0.606215,0.0835,5.46,3500.0,CO[C@H]1[C@@H](N(C)C(=O)CNC(=O)OC(C)(C)C)C[C@@H]2O
1246,0.794305,0.0832,7.15,71.0,CS(=O)(=O)CCNc1nc(-c2ccc3ncnc(Nc4ccc5c(cnn5Cc5cccc
1247,0.590973,0.0736,5.32,4800.0,CO[C@H]1[C@@H](N(C)C(=O)c2cccc([N+](=O)[O-])c2)C[C
1248,0.444444,0.0824,4.00,100000.0,COC(=O)CN1Cc2c(c3c4ccccc4n4c3c3c2c2ccccc2n3[C@]2(C
1249,0.654006,0.0756,5.89,1300.0,CCCCC(O)CN(C)[C@H]1C[C@@H]2O[C@](C)([C@H]1OC)n1c3c
1250,0.552789,0.0841,4.98,10590.0,COc1cc2ncc(C#N)c(Nc3ccc(F)c(Cl)c3)c2cc1NC(=O)/C=C/
1251,0.654006,0.0817,5.89,1300.0,CCCCC(O)CN(C)[C@H]1C[C@@H]2O[C@](C)([C@H]1OC)n1c3c
1252,0.654006,0.0792,5.89,1300.0,CCCCC(O)CN(C)[C@H]1C[C@@H]2O[C@](C)([C@H]1OC)n1c3c
1253,0.606215,0.0813,5.46,3500.0,CO[C@H]1[C@@H](N(C)C(=O)CNC(=O)OC(C)(C)C)C[C@@H]2O
1254,0.606215,0.0900,5.46,3500.0,CO[C@H]1[C@@H](N(C)C(=O)CNC(=O)OC(C)(C)C)C[C@@H]2O
1255,0.606215,0.0826,5.46,3500.0,CO[C@H]1[C@@H](N(C)C(=O)CNC(=O)OC(C)(C)C)C[C@@H]2O
1256,0.654006,0.0851,5.89,1300.0,CCCCC(O)CN(C)[C@H]1C[C@@H]2O[C@](C)([C@H]1OC)n1c3c
1257,0.606215,0.0862,5.46,3500.0,CO[C@H]1[C@@H](N(C)C(=O)CNC(=O)OC(C)(C)C)C[C@@H]2O
1258,0.654006,0.0848,5.89,1300.0,CCCCC(O)CN(C)[C@H]1C[C@@H]2O[C@](C)([C@H]1OC)n1c3c
1259,0.995401,0.0765,8.96,1.1,Cc1cc(C(=O)NCCN2CCOCC2)[nH]c1/C=C1\C(=O)Nc2ncnc(Nc
1260,0.552789,0.0791,4.98,10590.0,COc1cc2ncc(C#N)c(Nc3ccc(F)c(Cl)c3)c2cc1NC(=O)/C=C/
1261,0.606215,0.0831,5.46,3500.0,CO[C@H]1[C@@H](N(C)C(=O)CNC(=O)OC(C)(C)C)C[C@@H]2O
1262,0.654006,0.0789,5.89,1300.0,CCCCC(O)CN(C)[C@H]1C[C@@H]2O[C@](C)([C@H]1OC)n1c3c
1263,0.675658,0.0730,6.08,830.0,COC(=O)CN1CCC(n2cc(-c3cccc(OC)c3)c3c(N)ncnc32)C1
1264,0.606215,0.0843,5.46,3500.0,CO[C@H]1[C@@H](N(C)C(=O)CNC(=O)OC(C)(C)C)C[C@@H]2O
1265,0.606215,0.0783,5.46,3500.0,CO[C@H]1[C@@H](N(C)C(=O)CNC(=O)OC(C)(C)C)C[C@@H]2O
1266,0.995401,0.0735,8.96,1.1,Cc1cc(C(=O)NCCN2CCOCC2)[nH]c1/C=C1\C(=O)Nc2ncnc(Nc
1267,0.606215,0.0767,5.46,3500.0,CO[C@H]1[C@@H](N(C)C(=O)CNC(=O)OC(C)(C)C)C[C@@H]2O
1268,0.846643,0.0787,7.62,24.0,CS(=O)(=O)CCNCCCCOc1ccc2ncnc(Nc3ccc4c(cnn4Cc4cccc(
1269,0.606215,0.0807,5.46,3500.0,CO[C@H]1[C@@H](N(C)C(=O)CNC(=O)OC(C)(C)C)C[C@@H]2O
1270,0.606215,0.0801,5.46,3500.0,CO[C@H]1[C@@H](N(C)C(=O)CNC(=O)OC(C)(C)C)C[C@@H]2O
1271,0.606215,0.0792,5.46,3500.0,CO[C@H]1[C@@H](N(C)C(=O)CNC(=O)OC(C)(C)C)C[C@@H]2O
1272,0.593027,0.0902,5.34,4600.0,CO[C@H]1[C@@H](N(C)C(=O)c2cccc(Cl)c2)C[C@@H]2O[C@@
1273,0.654006,0.0820,5.89,1300.0,CCCCC(O)CN(C)[C@H]1C[C@@H]2O[C@](C)([C@H]1OC)n1c3c
1274,0.444444,0.0776,4.00,100000.0,COC(=O)CN1Cc2c(c3c4ccccc4n4c3c3c2c2ccccc2n3[C@]2(C
1275,0.552789,0.0821,4.98,10590.0,COc1cc2ncc(C#N)c(Nc3ccc(F)c(Cl)c3)c2cc1NC(=O)/C=C/
1276,0.995401,0.0772,8.96,1.1,Cc1cc(C(=O)NCCN2CCOCC2)[nH]c1/C=C1\C(=O)Nc2ncnc(Nc
1277,0.606215,0.0890,5.46,3500.0,CO[C@H]1[C@@H](N(C)C(=O)CNC(=O)OC(C)(C)C)C[C@@H]2O
1278,0.888889,0.0789,8.00,10.0,CS(=O)(=O)CCNCc1ccc(-c2ccc3ncnc(Nc4ccc(OCc5cccc(F)
1279,0.593027,0.0840,5.34,4600.0,CO[C@H]1[C@@H](N(C)C(=O)c2cccc(Cl)c2)C[C@@H]2O[C@@
1280,0.995401,0.0808,8.96,1.1,Cc1cc(C(=O)NCCN2CCOCC2)[nH]c1/C=C1\C(=O)Nc2ncnc(Nc
1281,0.606215,0.0810,5.46,3500.0,CO[C@H]1[C@@H](N(C)C(=O)CNC(=O)OC(C)(C)C)C[C@@H]2O
1282,0.552789,0.0818,4.98,10590.0,COc1cc2ncc(C#N)c(Nc3ccc(F)c(Cl)c3)c2cc1NC(=O)/C=C/
1283,0.590973,0.0889,5.32,4800.0,CO[C@H]1[C@@H](N(C)C(=O)c2cccc([N+](=O)[O-])c2)C[C
1284,0.606215,0.0783,5.46,3500.0,CO[C@H]1[C@@H](N(C)C(=O)CNC(=O)OC(C)(C)C)C[C@@H]2O
1285,0.552789,0.0726,4.98,10590.0,COc1cc2ncc(C#N)c(Nc3ccc(F)c(Cl)c3)c2cc1NC(=O)/C=C/
1286,0.654006,0.0846,5.89,1300.0,CCCCC(O)CN(C)[C@H]1C[C@@H]2O[C@](C)([C@H]1OC)n1c3c
1287,0.606215,0.0792,5.46,3500.0,CO[C@H]1[C@@H](N(C)C(=O)CNC(=O)OC(C)(C)C)C[C@@H]2O
1288,0.552789,0.0775,4.98,10590.0,COc1cc2ncc(C#N)c(Nc3ccc(F)c(Cl)c3)c2cc1NC(=O)/C=C/
1289,0.696401,0.0780,6.27,540.0,CS(=O)(=O)CCNc1nc(-c2ccc3ncnc(Nc4ccc(OCc5cccc(C(F)
1290,0.606215,0.0858,5.46,3500.0,CO[C@H]1[C@@H](N(C)C(=O)CNC(=O)OC(C)(C)C)C[C@@H]2O
1291,0.606215,0.0747,5.46,3500.0,CO[C@H]1[C@@H](N(C)C(=O)CNC(=O)OC(C)(C)C)C[C@@H]2O
1292,0.654006,0.0883,5.89,1300.0,CCCCC(O)CN(C)[C@H]1C[C@@H]2O[C@](C)([C@H]1OC)n1c3c
1293,0.995401,0.0860,8.96,1.1,Cc1cc(C(=O)NCCN2CCOCC2)[nH]c1/C=C1\C(=O)Nc2ncnc(Nc
1294,0.606215,0.0803,5.46,3500.0,CO[C@H]1[C@@H](N(C)C(=O)CNC(=O)OC(C)(C)C)C[C@@H]2O
1295,0.606215,0.0901,5.46,3500.0,CO[C@H]1[C@@H](N(C)C(=O)CNC(=O)OC(C)(C)C)C[C@@H]2O
1296,0.552789,0.0769,4.98,10590.0,COc1cc2ncc(C#N)c(Nc3ccc(F)c(Cl)c3)c2cc1NC(=O)/C=C/
1297,0.696401,0.0877,6.27,540.0,CS(=O)(=O)CCNc1nc(-c2ccc3ncnc(Nc4ccc(OCc5cccc(C(F)
1298,0.654006,0.0906,5.89,1300.0,CCCCC(O)CN(C)[C@H]1C[C@@H]2O[C@](C)([C@H]1OC)n1c3c
1299,0.552789,0.0803,4.98,10590.0,COc1cc2ncc(C#N)c(Nc3ccc(F)c(Cl)c3)c2cc1NC(=O)/C=C/
1300,0.590973,0.0777,5.32,4800.0,CO[C@H]1[C@@H](N(C)C(=O)c2cccc([N+](=O)[O-])c2)C[C
1301,0.654006,0.0791,5.89,1300.0,CCCCC(O)CN(C)[C@H]1C[C@@H]2O[C@](C)([C@H]1OC)n1c3c
1302,0.606215,0.0769,5.46,3500.0,CO[C@H]1[C@@H](N(C)C(=O)CNC(=O)OC(C)(C)C)C[C@@H]2O
1303,0.696401,0.0745,6.27,540.0,CS(=O)(=O)CCNc1nc(-c2ccc3ncnc(Nc4ccc(OCc5cccc(C(F)
1304,0.995401,0.0803,8.96,1.1,Cc1cc(C(=O)NCCN2CCOCC2)[nH]c1/C=C1\C(=O)Nc2ncnc(Nc
1305,0.552789,0.0870,4.98,10590.0,COc1cc2ncc(C#N)c(Nc3ccc(F)c(Cl)c3)c2cc1NC(=O)/C=C/
1306,0.927421,0.0777,8.35,4.5,Cc1cc(C(=O)N2CCOCC2)[nH]c1/C=C1\C(=O)Nc2ncnc(Nc3cc
1307,0.670169,0.0788,6.03,930.0,COCCN(C)CCN1CCC(n2cc(-c3cccc(OC)c3)c3c(N)ncnc32)CC
1308,0.606215,0.0801,5.46,3500.0,CO[C@H]1[C@@H](N(C)C(=O)CNC(=O)OC(C)(C)C)C[C@@H]2O
1309,0.552789,0.0803,4.98,10590.0,COc1cc2ncc(C#N)c(Nc3ccc(F)c(Cl)c3)c2cc1NC(=O)/C=C/
1310,0.606215,0.0851,5.46,3500.0,CO[C@H]1[C@@H](N(C)C(=O)CNC(=O)OC(C)(C)C)C[C@@H]2O
1311,0.590973,0.0826,5.32,4800.0,CO[C@H]1[C@@H](N(C)C(=O)c2cccc([N+](=O)[O-])c2)C[C
1312,0.995401,0.0786,8.96,1.1,Cc1cc(C(=O)NCCN2CCOCC2)[nH]c1/C=C1\C(=O)Nc2ncnc(Nc
1313,0.606215,0.0803,5.46,3500.0,CO[C@H]1[C@@H](N(C)C(=O)CNC(=O)OC(C)(C)C)C[C@@H]2O
1314,0.606215,0.0870,5.46,3500.0,CO[C@H]1[C@@H](N(C)C(=O)CNC(=O)OC(C)(C)C)C[C@@H]2O
1315,0.565250,0.0850,5.09,8180.0,CO[C@H]1[C@@H](N(C)C(=O)c2cccnc2)C[C@@H]2O[C@@]1(C
1316,0.654006,0.0734,5.89,1300.0,CCCCC(O)CN(C)[C@H]1C[C@@H]2O[C@](C)([C@H]1OC)n1c3c
1317,0.606215,0.0884,5.46,3500.0,CO[C@H]1[C@@H](N(C)C(=O)CNC(=O)OC(C)(C)C)C[C@@H]2O
1318,0.995401,0.0757,8.96,1.1,Cc1cc(C(=O)NCCN2CCOCC2)[nH]c1/C=C1\C(=O)Nc2ncnc(Nc
1319,0.606215,0.0816,5.46,3500.0,CO[C@H]1[C@@H](N(C)C(=O)CNC(=O)OC(C)(C)C)C[C@@H]2O
1320,0.927421,0.0785,8.35,4.5,Cc1cc(C(=O)N2CCOCC2)[nH]c1/C=C1\C(=O)Nc2ncnc(Nc3cc
1321,0.654006,0.0817,5.89,1300.0,CCCCC(O)CN(C)[C@H]1C[C@@H]2O[C@](C)([C@H]1OC)n1c3c
1322,0.606215,0.0809,5.46,3500.0,CO[C@H]1[C@@H](N(C)C(=O)CNC(=O)OC(C)(C)C)C[C@@H]2O
1323,0.927421,0.0698,8.35,4.5,Cc1cc(C(=O)N2CCOCC2)[nH]c1/C=C1\C(=O)Nc2ncnc(Nc3cc
1324,0.586101,0.0781,5.27,5310.0,Cc1cc(C(=O)NCCN2CCOCC2)[nH]c1/C=C1\C(=O)N(C)c2ncnc
1325,0.971636,0.0772,8.74,1.8,Cc1cc(C(=O)N2CCOCC2)[nH]c1/C=C1\C(=O)Nc2ncnc(Nc3cc
1326,0.876229,0.0861,7.89,13.0,CCN1CCN(C(=O)c2cc(C)c(/C=C3\C(=O)Nc4ncnc(Nc5ccc(F)
1327,0.654006,0.0855,5.89,1300.0,CCCCC(O)CN(C)[C@H]1C[C@@H]2O[C@](C)([C@H]1OC)n1c3c
1328,0.590973,0.0826,5.32,4800.0,CO[C@H]1[C@@H](N(C)C(=O)c2cccc([N+](=O)[O-])c2)C[C
1329,0.552789,0.0851,4.98,10590.0,COc1cc2ncc(C#N)c(Nc3ccc(F)c(Cl)c3)c2cc1NC(=O)/C=C/
1330,0.590973,0.0920,5.32,4800.0,CO[C@H]1[C@@H](N(C)C(=O)c2cccc([N+](=O)[O-])c2)C[C
1331,0.654006,0.0803,5.89,1300.0,CCCCC(O)CN(C)[C@H]1C[C@@H]2O[C@](C)([C@H]1OC)n1c3c
1332,0.971636,0.0836,8.74,1.8,Cc1cc(C(=O)N2CCOCC2)[nH]c1/C=C1\C(=O)Nc2ncnc(Nc3cc
1333,1.000000,0.0779,9.35,0.5,CCN(CC)CC(O)CNC(=O)c1cc(C)c(/C=C2\C(=O)Nc3ncnc(Nc4
1334,0.444444,0.0756,4.00,100000.0,COC(=O)CN1Cc2c(c3c4ccccc4n4c3c3c2c2ccccc2n3[C@]2(C
1335,0.606215,0.0842,5.46,3500.0,CO[C@H]1[C@@H](N(C)C(=O)CNC(=O)OC(C)(C)C)C[C@@H]2O
1336,0.654006,0.0861,5.89,1300.0,CCCCC(O)CN(C)[C@H]1C[C@@H]2O[C@](C)([C@H]1OC)n1c3c
1337,0.420000,0.0764,3.78,165958.8,CCOc1ccc2sc(SCc3cc(/C=C(\C#N)C(N)=O)cc(OC)c3O)nc2c
1338,0.606215,0.0891,5.46,3500.0,CO[C@H]1[C@@H](N(C)C(=O)CNC(=O)OC(C)(C)C)C[C@@H]2O
1339,0.927421,0.0781,8.35,4.5,Cc1cc(C(=O)N2CCOCC2)[nH]c1/C=C1\C(=O)Nc2ncnc(Nc3cc
1340,0.606215,0.0856,5.46,3500.0,CO[C@H]1[C@@H](N(C)C(=O)CNC(=O)OC(C)(C)C)C[C@@H]2O
1341,0.888889,0.0800,8.00,10.0,CS(=O)(=O)CCNCc1ccc(-c2ccc3ncnc(Nc4ccc(OCc5cccc(F)
1342,0.606215,0.0793,5.46,3500.0,CO[C@H]1[C@@H](N(C)C(=O)CNC(=O)OC(C)(C)C)C[C@@H]2O
1343,0.444444,0.0727,4.00,100000.0,COC(=O)CN1Cc2c(c3c4ccccc4n4c3c3c2c2ccccc2n3[C@]2(C
1344,0.606215,0.0851,5.46,3500.0,CO[C@H]1[C@@H](N(C)C(=O)CNC(=O)OC(C)(C)C)C[C@@H]2O
1345,0.888889,0.0791,8.00,10.0,CS(=O)(=O)CCNCc1ccc(-c2ccc3ncnc(Nc4ccc(OCc5cccc(F)
1346,0.552789,0.0784,4.98,10590.0,COc1cc2ncc(C#N)c(Nc3ccc(F)c(Cl)c3)c2cc1NC(=O)/C=C/
1347,0.654006,0.0842,5.89,1300.0,CCCCC(O)CN(C)[C@H]1C[C@@H]2O[C@](C)([C@H]1OC)n1c3c
1348,1.000000,0.0794,9.35,0.5,CCN(CC)CC(O)CNC(=O)c1cc(C)c(/C=C2\C(=O)Nc3ncnc(Nc4
1349,0.654006,0.0881,5.89,1300.0,CCCCC(O)CN(C)[C@H]1C[C@@H]2O[C@](C)([C@H]1OC)n1c3c
1350,0.590573,0.0821,5.32,4840.0,CCN(CC)C(C)/C=C/C(=O)Nc1cc2c(Nc3ccc(F)c(Cl)c3)c(C#
1351,0.593027,0.0880,5.34,4600.0,CO[C@H]1[C@@H](N(C)C(=O)c2cccc(Cl)c2)C[C@@H]2O[C@@
1352,0.606215,0.0833,5.46,3500.0,CO[C@H]1[C@@H](N(C)C(=O)CNC(=O)OC(C)(C)C)C[C@@H]2O
1353,0.606215,0.0746,5.46,3500.0,CO[C@H]1[C@@H](N(C)C(=O)CNC(=O)OC(C)(C)C)C[C@@H]2O
1354,0.927421,0.0824,8.35,4.5,Cc1cc(C(=O)N2CCOCC2)[nH]c1/C=C1\C(=O)Nc2ncnc(Nc3cc
1355,0.606215,0.0712,5.46,3500.0,CO[C@H]1[C@@H](N(C)C(=O)CNC(=O)OC(C)(C)C)C[C@@H]2O
1356,0.876229,0.0775,7.89,13.0,CCN1CCN(C(=O)c2cc(C)c(/C=C3\C(=O)Nc4ncnc(Nc5ccc(F)
1357,0.552789,0.0792,4.98,10590.0,COc1cc2ncc(C#N)c(Nc3ccc(F)c(Cl)c3)c2cc1NC(=O)/C=C/
1358,0.606215,0.0813,5.46,3500.0,CO[C@H]1[C@@H](N(C)C(=O)CNC(=O)OC(C)(C)C)C[C@@H]2O
1359,0.606215,0.0889,5.46,3500.0,CO[C@H]1[C@@H](N(C)C(=O)CNC(=O)OC(C)(C)C)C[C@@H]2O
1360,0.590973,0.0689,5.32,4800.0,CO[C@H]1[C@@H](N(C)C(=O)c2cccc([N+](=O)[O-])c2)C[C
1361,0.552789,0.0825,4.98,10590.0,COc1cc2ncc(C#N)c(Nc3ccc(F)c(Cl)c3)c2cc1NC(=O)/C=C/
1362,0.606215,0.0824,5.46,3500.0,CO[C@H]1[C@@H](N(C)C(=O)CNC(=O)OC(C)(C)C)C[C@@H]2O
1363,0.590573,0.0757,5.32,4840.0,CCN(CC)C(C)/C=C/C(=O)Nc1cc2c(Nc3ccc(F)c(Cl)c3)c(C#
1364,0.606215,0.0794,5.46,3500.0,CO[C@H]1[C@@H](N(C)C(=O)CNC(=O)OC(C)(C)C)C[C@@H]2O
1365,0.888889,0.0809,8.00,10.0,CS(=O)(=O)CCNc1nc(-c2ccc3ncnc(Nc4ccc(OCc5cccc(F)c5
1366,0.606215,0.0769,5.46,3500.0,CO[C@H]1[C@@H](N(C)C(=O)CNC(=O)OC(C)(C)C)C[C@@H]2O
1367,0.552789,0.0790,4.98,10590.0,COc1cc2ncc(C#N)c(Nc3ccc(F)c(Cl)c3)c2cc1NC(=O)/C=C/
1368,0.888889,0.0753,8.00,10.0,CS(=O)(=O)CCNCc1ccc(-c2ccc3ncnc(Nc4ccc(OCc5cccc(F)
1369,0.606215,0.0811,5.46,3500.0,CO[C@H]1[C@@H](N(C)C(=O)CNC(=O)OC(C)(C)C)C[C@@H]2O
1370,0.590573,0.0764,5.32,4840.0,CCN(CC)C(C)/C=C/C(=O)Nc1cc2c(Nc3ccc(F)c(Cl)c3)c(C#
1371,0.606215,0.0832,5.46,3500.0,CO[C@H]1[C@@H](N(C)C(=O)CNC(=O)OC(C)(C)C)C[C@@H]2O
1372,0.590573,0.0729,5.32,4840.0,CCN(CC)C(C)/C=C/C(=O)Nc1cc2c(Nc3ccc(F)c(Cl)c3)c(C#
1373,0.654006,0.0832,5.89,1300.0,CCCCC(O)CN(C)[C@H]1C[C@@H]2O[C@](C)([C@H]1OC)n1c3c
1374,0.696401,0.0747,6.27,540.0,CS(=O)(=O)CCNc1nc(-c2ccc3ncnc(Nc4ccc(OCc5cccc(C(F)
1375,0.995401,0.0780,8.96,1.1,Cc1cc(C(=O)NCCN2CCOCC2)[nH]c1/C=C1\C(=O)Nc2ncnc(Nc
1376,0.606215,0.0764,5.46,3500.0,CO[C@H]1[C@@H](N(C)C(=O)CNC(=O)OC(C)(C)C)C[C@@H]2O
1377,0.654006,0.0771,5.89,1300.0,CCCCC(O)CN(C)[C@H]1C[C@@H]2O[C@](C)([C@H]1OC)n1c3c
1378,0.606215,0.0897,5.46,3500.0,CO[C@H]1[C@@H](N(C)C(=O)CNC(=O)OC(C)(C)C)C[C@@H]2O
1379,0.565250,0.0888,5.09,8180.0,CO[C@H]1[C@@H](N(C)C(=O)c2cnccn2)C[C@@H]2O[C@@]1(C
1380,0.552789,0.0811,4.98,10590.0,COc1cc2ncc(C#N)c(Nc3ccc(F)c(Cl)c3)c2cc1NC(=O)/C=C/
1381,0.696401,0.0796,6.27,540.0,CS(=O)(=O)CCNc1nc(-c2ccc3ncnc(Nc4ccc(OCc5cccc(C(F)
1382,0.654006,0.0777,5.89,1300.0,CCCCC(O)CN(C)[C@H]1C[C@@H]2O[C@](C)([C@H]1OC)n1c3c
1383,0.606215,0.0805,5.46,3500.0,CO[C@H]1[C@@H](N(C)C(=O)CNC(=O)OC(C)(C)C)C[C@@H]2O
1384,0.654006,0.0873,5.89,1300.0,CCCCC(O)CN(C)[C@H]1C[C@@H]2O[C@](C)([C@H]1OC)n1c3c
1385,0.606215,0.0804,5.46,3500.0,CO[C@H]1[C@@H](N(C)C(=O)CNC(=O)OC(C)(C)C)C[C@@H]2O
1386,0.995401,0.0804,8.96,1.1,Cc1cc(C(=O)NCCN2CCOCC2)[nH]c1/C=C1\C(=O)Nc2ncnc(Nc
1387,0.606215,0.0893,5.46,3500.0,CO[C@H]1[C@@H](N(C)C(=O)CNC(=O)OC(C)(C)C)C[C@@H]2O
1388,0.846643,0.0740,7.62,24.0,CS(=O)(=O)CCNCCCCOc1ccc2ncnc(Nc3ccc4c(cnn4Cc4cccc(
1389,0.590573,0.0784,5.32,4840.0,CCN(CC)C(C)/C=C/C(=O)Nc1cc2c(Nc3ccc(F)c(Cl)c3)c(C#
1390,0.606215,0.0790,5.46,3500.0,CO[C@H]1[C@@H](N(C)C(=O)CNC(=O)OC(C)(C)C)C[C@@H]2O
1391,0.654006,0.0850,5.89,1300.0,CCCCC(O)CN(C)[C@H]1C[C@@H]2O[C@](C)([C@H]1OC)n1c3c
1392,0.654006,0.0712,5.89,1300.0,CCCCC(O)CN(C)[C@H]1C[C@@H]2O[C@](C)([C@H]1OC)n1c3c
1393,0.927421,0.0833,8.35,4.5,Cc1cc(C(=O)N2CCOCC2)[nH]c1/C=C1\C(=O)Nc2ncnc(Nc3cc
1394,1.000000,0.0782,9.35,0.5,CCN(CC)CC(O)CNC(=O)c1cc(C)c(/C=C2\C(=O)Nc3ncnc(Nc4
1395,0.654006,0.0903,5.89,1300.0,CCCCC(O)CN(C)[C@H]1C[C@@H]2O[C@](C)([C@H]1OC)n1c3c
1396,0.654006,0.0843,5.89,1300.0,CCCCC(O)CN(C)[C@H]1C[C@@H]2O[C@](C)([C@H]1OC)n1c3c
1397,0.606215,0.0912,5.46,3500.0,CO[C@H]1[C@@H](N(C)C(=O)CNC(=O)OC(C)(C)C)C[C@@H]2O
1398,0.696401,0.0772,6.27,540.0,CS(=O)(=O)CCNc1nc(-c2ccc3ncnc(Nc4ccc(OCc5cccc(C(F)
1399,0.606215,0.0839,5.46,3500.0,CO[C@H]1[C@@H](N(C)C(=O)CNC(=O)OC(C)(C)C)C[C@@H]2O
1400,0.590973,0.0748,5.32,4800.0,CO[C@H]1[C@@H](N(C)C(=O)c2cccc([N+](=O)[O-])c2)C[C
1401,0.696401,0.0852,6.27,540.0,CS(=O)(=O)CCNc1nc(-c2ccc3ncnc(Nc4ccc(OCc5cccc(C(F)
1402,0.453333,0.0853,4.08,83176.4,COc1cc(/C=C(\C#N)C(N)=O)cc(CSc2nc3cc(Cl)ccc3s2)c1O
1403,0.995401,0.0775,8.96,1.1,Cc1cc(C(=O)NCCN2CCOCC2)[nH]c1/C=C1\C(=O)Nc2ncnc(Nc
1404,0.995401,0.0786,8.96,1.1,Cc1cc(C(=O)NCCN2CCOCC2)[nH]c1/C=C1\C(=O)Nc2ncnc(Nc
1405,0.654006,0.0829,5.89,1300.0,CCCCC(O)CN(C)[C@H]1C[C@@H]2O[C@](C)([C@H]1OC)n1c3c
1406,0.444444,0.0742,4.00,100000.0,COC(=O)CN1Cc2c(c3c4ccccc4n4c3c3c2c2ccccc2n3[C@]2(C
1407,0.606215,0.0857,5.46,3500.0,CO[C@H]1[C@@H](N(C)C(=O)CNC(=O)OC(C)(C)C)C[C@@H]2O
1408,0.696401,0.0818,6.27,540.0,CS(=O)(=O)CCNc1nc(-c2ccc3ncnc(Nc4ccc(OCc5cccc(C(F)
1409,0.606215,0.0809,5.46,3500.0,CO[C@H]1[C@@H](N(C)C(=O)CNC(=O)OC(C)(C)C)C[C@@H]2O
1410,0.654006,0.0733,5.89,1300.0,CCCCC(O)CN(C)[C@H]1C[C@@H]2O[C@](C)([C@H]1OC)n1c3c
1411,0.606215,0.0850,5.46,3500.0,CO[C@H]1[C@@H](N(C)C(=O)CNC(=O)OC(C)(C)C)C[C@@H]2O
1412,0.606215,0.0748,5.46,3500.0,CO[C@H]1[C@@H](N(C)C(=O)CNC(=O)OC(C)(C)C)C[C@@H]2O
1413,0.654006,0.0846,5.89,1300.0,CCCCC(O)CN(C)[C@H]1C[C@@H]2O[C@](C)([C@H]1OC)n1c3c
1414,0.606215,0.0966,5.46,3500.0,CO[C@H]1[C@@H](N(C)C(=O)CNC(=O)OC(C)(C)C)C[C@@H]2O
1415,0.420000,0.0797,3.78,165958.8,CCOc1ccc2sc(SCc3cc(/C=C(\C#N)C(N)=O)cc(OC)c3O)nc2c
1416,0.552789,0.0805,4.98,10590.0,COc1cc2ncc(C#N)c(Nc3ccc(F)c(Cl)c3)c2cc1NC(=O)/C=C/
1417,0.590573,0.0767,5.32,4840.0,CCN(CC)C(C)/C=C/C(=O)Nc1cc2c(Nc3ccc(F)c(Cl)c3)c(C#
1418,0.971636,0.0763,8.74,1.8,Cc1cc(C(=O)N2CCOCC2)[nH]c1/C=C1\C(=O)Nc2ncnc(Nc3cc
1419,0.606215,0.0857,5.46,3500.0,CO[C@H]1[C@@H](N(C)C(=O)CNC(=O)OC(C)(C)C)C[C@@H]2O
1420,0.995401,0.0773,8.96,1.1,Cc1cc(C(=O)NCCN2CCOCC2)[nH]c1/C=C1\C(=O)Nc2ncnc(Nc
1421,0.680549,0.0796,6.12,750.0,COc1cccc(-c2cn(C3CCN(CC(=O)N(C)C)CC3)c3ncnc(N)c23)
1422,0.606215,0.0891,5.46,3500.0,CO[C@H]1[C@@H](N(C)C(=O)CNC(=O)OC(C)(C)C)C[C@@H]2O
1423,0.606215,0.0782,5.46,3500.0,CO[C@H]1[C@@H](N(C)C(=O)CNC(=O)OC(C)(C)C)C[C@@H]2O
1424,0.654006,0.0836,5.89,1300.0,CCCCC(O)CN(C)[C@H]1C[C@@H]2O[C@](C)([C@H]1OC)n1c3c
1425,0.995401,0.0821,8.96,1.1,Cc1cc(C(=O)NCCN2CCOCC2)[nH]c1/C=C1\C(=O)Nc2ncnc(Nc
1426,0.654006,0.0876,5.89,1300.0,CCCCC(O)CN(C)[C@H]1C[C@@H]2O[C@](C)([C@H]1OC)n1c3c
1427,0.606215,0.0896,5.46,3500.0,CO[C@H]1[C@@H](N(C)C(=O)CNC(=O)OC(C)(C)C)C[C@@H]2O
1428,0.606215,0.0832,5.46,3500.0,CO[C@H]1[C@@H](N(C)C(=O)CNC(=O)OC(C)(C)C)C[C@@H]2O
1429,0.552789,0.0790,4.98,10590.0,COc1cc2ncc(C#N)c(Nc3ccc(F)c(Cl)c3)c2cc1NC(=O)/C=C/
1430,0.590573,0.0733,5.32,4840.0,CCN(CC)C(C)/C=C/C(=O)Nc1cc2c(Nc3ccc(F)c(Cl)c3)c(C#
1431,0.606215,0.0768,5.46,3500.0,CO[C@H]1[C@@H](N(C)C(=O)CNC(=O)OC(C)(C)C)C[C@@H]2O
1432,1.000000,0.0766,9.35,0.5,CCN(CC)CC(O)CNC(=O)c1cc(C)c(/C=C2\C(=O)Nc3ncnc(Nc4
1433,0.888889,0.0781,8.00,10.0,CS(=O)(=O)CCNCc1ccc(-c2ccc3ncnc(Nc4ccc(OCc5cccc(F)
1434,0.696401,0.0812,6.27,540.0,CS(=O)(=O)CCNc1nc(-c2ccc3ncnc(Nc4ccc(OCc5cccc(C(F)
1435,0.654006,0.0763,5.89,1300.0,CCCCC(O)CN(C)[C@H]1C[C@@H]2O[C@](C)([C@H]1OC)n1c3c
1436,0.696401,0.0740,6.27,540.0,CS(=O)(=O)CCNc1nc(-c2ccc3ncnc(Nc4ccc(OCc5cccc(C(F)
1437,0.654006,0.0813,5.89,1300.0,CCCCC(O)CN(C)[C@H]1C[C@@H]2O[C@](C)([C@H]1OC)n1c3c
1438,0.654006,0.0714,5.89,1300.0,CCCCC(O)CN(C)[C@H]1C[C@@H]2O[C@](C)([C@H]1OC)n1c3c
1439,0.654006,0.0845,5.89,1300.0,CCCCC(O)CN(C)[C@H]1C[C@@H]2O[C@](C)([C@H]1OC)n1c3c
1440,0.552789,0.0846,4.98,10590.0,COc1cc2ncc(C#N)c(Nc3ccc(F)c(Cl)c3)c2cc1NC(=O)/C=C/
1441,0.654006,0.0813,5.89,1300.0,CCCCC(O)CN(C)[C@H]1C[C@@H]2O[C@](C)([C@H]1OC)n1c3c
1442,0.654006,0.0773,5.89,1300.0,CCCCC(O)CN(C)[C@H]1C[C@@H]2O[C@](C)([C@H]1OC)n1c3c
1443,0.619822,0.0792,5.58,2640.0,CN(C)C/C=C/C(=O)Nc1cc2c(Nc3ccc(F)c(Cl)c3)c(C#N)cnc
1444,0.606215,0.0779,5.46,3500.0,CO[C@H]1[C@@H](N(C)C(=O)CNC(=O)OC(C)(C)C)C[C@@H]2O
1445,0.590973,0.0761,5.32,4800.0,CO[C@H]1[C@@H](N(C)C(=O)c2cccc([N+](=O)[O-])c2)C[C
1446,0.723182,0.0785,6.51,310.0,COCCNCCN1CCC(n2cc(-c3cccc(OC)c3)c3c(N)ncnc32)CC1
1447,0.654006,0.0755,5.89,1300.0,CCCCC(O)CN(C)[C@H]1C[C@@H]2O[C@](C)([C@H]1OC)n1c3c
1448,0.561287,0.0821,5.05,8880.0,COc1cccc(-c2ccc3c(c2)NC(=O)/C3=C\c2[nH]c3c(c2CCC(=
1449,0.654006,0.0861,5.89,1300.0,CCCCC(O)CN(C)[C@H]1C[C@@H]2O[C@](C)([C@H]1OC)n1c3c
1450,0.590573,0.0783,5.32,4840.0,CCN(CC)C(C)/C=C/C(=O)Nc1cc2c(Nc3ccc(F)c(Cl)c3)c(C#
1451,0.461656,0.0880,4.15,70000.0,CO[C@H]1[C@@H](N(C)C(=O)c2cc([N+](=O)[O-])cc([N+](
1452,0.654006,0.0836,5.89,1300.0,CCCCC(O)CN(C)[C@H]1C[C@@H]2O[C@](C)([C@H]1OC)n1c3c
1453,0.590973,0.0859,5.32,4800.0,CO[C@H]1[C@@H](N(C)C(=O)c2cccc([N+](=O)[O-])c2)C[C
1454,0.654006,0.0839,5.89,1300.0,CCCCC(O)CN(C)[C@H]1C[C@@H]2O[C@](C)([C@H]1OC)n1c3c
1455,0.971636,0.0779,8.74,1.8,Cc1cc(C(=O)N2CCOCC2)[nH]c1/C=C1\C(=O)Nc2ncnc(Nc3cc
1456,0.606215,0.0806,5.46,3500.0,CO[C@H]1[C@@H](N(C)C(=O)CNC(=O)OC(C)(C)C)C[C@@H]2O
1457,0.606215,0.0793,5.46,3500.0,CO[C@H]1[C@@H](N(C)C(=O)CNC(=O)OC(C)(C)C)C[C@@H]2O
1458,0.552789,0.0778,4.98,10590.0,COc1cc2ncc(C#N)c(Nc3ccc(F)c(Cl)c3)c2cc1NC(=O)/C=C/
1459,0.606215,0.0846,5.46,3500.0,CO[C@H]1[C@@H](N(C)C(=O)CNC(=O)OC(C)(C)C)C[C@@H]2O
1460,0.654006,0.0887,5.89,1300.0,CCCCC(O)CN(C)[C@H]1C[C@@H]2O[C@](C)([C@H]1OC)n1c3c
1461,0.606215,0.0851,5.46,3500.0,CO[C@H]1[C@@H](N(C)C(=O)CNC(=O)OC(C)(C)C)C[C@@H]2O
1462,0.723182,0.0751,6.51,310.0,COCCNCCN1CCC(n2cc(-c3cccc(OC)c3)c3c(N)ncnc32)CC1
1463,0.971636,0.0794,8.74,1.8,Cc1cc(C(=O)N2CCOCC2)[nH]c1/C=C1\C(=O)Nc2ncnc(Nc3cc
1464,0.927421,0.0690,8.35,4.5,Cc1cc(C(=O)N2CCOCC2)[nH]c1/C=C1\C(=O)Nc2ncnc(Nc3cc
1465,0.444444,0.0717,4.00,100000.0,COC(=O)CN1Cc2c(c3c4ccccc4n4c3c3c2c2ccccc2n3[C@]2(C
1466,0.613653,0.0822,5.52,3000.0,COc1cc(Nc2c(C#N)cnc3cc(-c4ccc(CN5CCOCC5)cc4)ccc23)
1467,0.888889,0.0792,8.00,10.0,CS(=O)(=O)CCNCc1ccc(-c2ccc3ncnc(Nc4ccc(OCc5cccc(F)
1468,0.927421,0.0829,8.35,4.5,Cc1cc(C(=O)N2CCOCC2)[nH]c1/C=C1\C(=O)Nc2ncnc(Nc3cc
1469,0.694646,0.0771,6.25,560.0,C=C(CN(C)C)C(=O)Nc1cc2c(Nc3ccc(F)c(Cl)c3)c(C#N)cnc
1470,0.654006,0.0878,5.89,1300.0,CCCCC(O)CN(C)[C@H]1C[C@@H]2O[C@](C)([C@H]1OC)n1c3c
1471,0.552789,0.0849,4.98,10590.0,COc1cc2ncc(C#N)c(Nc3ccc(F)c(Cl)c3)c2cc1NC(=O)/C=C/
1472,0.794305,0.0786,7.15,71.0,CS(=O)(=O)CCNc1nc(-c2ccc3ncnc(Nc4ccc5c(cnn5Cc5cccc
1473,0.590973,0.0793,5.32,4800.0,CO[C@H]1[C@@H](N(C)C(=O)c2cccc([N+](=O)[O-])c2)C[C
1474,0.606215,0.0818,5.46,3500.0,CO[C@H]1[C@@H](N(C)C(=O)CNC(=O)OC(C)(C)C)C[C@@H]2O
1475,0.654006,0.0765,5.89,1300.0,CCCCC(O)CN(C)[C@H]1C[C@@H]2O[C@](C)([C@H]1OC)n1c3c
1476,0.606215,0.0877,5.46,3500.0,CO[C@H]1[C@@H](N(C)C(=O)CNC(=O)OC(C)(C)C)C[C@@H]2O
1477,0.927421,0.0774,8.35,4.5,Cc1cc(C(=O)N2CCOCC2)[nH]c1/C=C1\C(=O)Nc2ncnc(Nc3cc
1478,0.696401,0.0767,6.27,540.0,CS(=O)(=O)CCNc1nc(-c2ccc3ncnc(Nc4ccc(OCc5cccc(C(F)
1479,0.995401,0.0770,8.96,1.1,Cc1cc(C(=O)NCCN2CCOCC2)[nH]c1/C=C1\C(=O)Nc2ncnc(Nc
1480,0.606215,0.0782,5.46,3500.0,CO[C@H]1[C@@H](N(C)C(=O)CNC(=O)OC(C)(C)C)C[C@@H]2O
1481,0.552789,0.0861,4.98,10590.0,COc1cc2ncc(C#N)c(Nc3ccc(F)c(Cl)c3)c2cc1NC(=O)/C=C/
1482,0.606215,0.0723,5.46,3500.0,CO[C@H]1[C@@H](N(C)C(=O)CNC(=O)OC(C)(C)C)C[C@@H]2O
1483,0.696401,0.0738,6.27,540.0,CS(=O)(=O)CCNc1nc(-c2ccc3ncnc(Nc4ccc(OCc5cccc(C(F)
1484,0.995401,0.0783,8.96,1.1,Cc1cc(C(=O)NCCN2CCOCC2)[nH]c1/C=C1\C(=O)Nc2ncnc(Nc
1485,1.000000,0.0784,9.35,0.5,CCN(CC)CC(O)CNC(=O)c1cc(C)c(/C=C2\C(=O)Nc3ncnc(Nc4
1486,0.696401,0.0819,6.27,540.0,CS(=O)(=O)CCNc1nc(-c2ccc3ncnc(Nc4ccc(OCc5cccc(C(F)
1487,0.552789,0.0825,4.98,10590.0,COc1cc2ncc(C#N)c(Nc3ccc(F)c(Cl)c3)c2cc1NC(=O)/C=C/
1488,0.654006,0.0858,5.89,1300.0,CCCCC(O)CN(C)[C@H]1C[C@@H]2O[C@](C)([C@H]1OC)n1c3c
1489,0.888889,0.0754,8.00,10.0,CS(=O)(=O)CCNCc1ccc(-c2ccc3ncnc(Nc4ccc(OCc5cccc(F)
1490,0.606215,0.0829,5.46,3500.0,CO[C@H]1[C@@H](N(C)C(=O)CNC(=O)OC(C)(C)C)C[C@@H]2O
1491,0.590973,0.0797,5.32,4800.0,CO[C@H]1[C@@H](N(C)C(=O)c2cccc([N+](=O)[O-])c2)C[C
1492,0.590573,0.0789,5.32,4840.0,CCN(CC)C(C)/C=C/C(=O)Nc1cc2c(Nc3ccc(F)c(Cl)c3)c(C#
1493,0.606215,0.0795,5.46,3500.0,CO[C@H]1[C@@H](N(C)C(=O)CNC(=O)OC(C)(C)C)C[C@@H]2O
1494,0.444444,0.0780,4.00,100000.0,COC(=O)CN1Cc2c(c3c4ccccc4n4c3c3c2c2ccccc2n3[C@]2(C
1495,0.914350,0.0736,8.23,5.9,Cc1cc(C(=O)N2CC(C)NC(C)C2)[nH]c1/C=C1\C(=O)Nc2ncnc
1496,0.453333,0.0768,4.08,83176.4,COc1cc(/C=C(\C#N)C(N)=O)cc(CSc2nc3cc(Cl)ccc3s2)c1O
1497,0.590573,0.0861,5.32,4840.0,CCN(CC)C(C)/C=C/C(=O)Nc1cc2c(Nc3ccc(F)c(Cl)c3)c(C#
1498,0.606215,0.0794,5.46,3500.0,CO[C@H]1[C@@H](N(C)C(=O)CNC(=O)OC(C)(C)C)C[C@@H]2O
1499,0.453333,0.0764,4.08,83176.4,COc1cc(/C=C(\C#N)C(N)=O)cc(CSc2nc3cc(Cl)ccc3s2)c1O
1500,0.654006,0.0793,5.89,1300.0,CCCCC(O)CN(C)[C@H]1C[C@@H]2O[C@](C)([C@H]1OC)n1c3c
1501,0.680549,0.0799,6.12,750.0,COc1cccc(-c2cn(C3CCN(CC(=O)N(C)C)CC3)c3ncnc(N)c23)
1502,0.788546,0.0778,7.10,80.0,C=CC(=O)Nc1cc2c(Nc3ccc(F)c(Cl)c3)c(C#N)cnc2cc1OCCC
1503,0.654006,0.0847,5.89,1300.0,CCCCC(O)CN(C)[C@H]1C[C@@H]2O[C@](C)([C@H]1OC)n1c3c
1504,0.654006,0.0829,5.89,1300.0,CCCCC(O)CN(C)[C@H]1C[C@@H]2O[C@](C)([C@H]1OC)n1c3c
1505,0.593027,0.0806,5.34,4600.0,CO[C@H]1[C@@H](N(C)C(=O)c2cccc(Cl)c2)C[C@@H]2O[C@@
1506,0.606215,0.0855,5.46,3500.0,CO[C@H]1[C@@H](N(C)C(=O)CNC(=O)OC(C)(C)C)C[C@@H]2O
1507,0.794305,0.0818,7.15,71.0,CS(=O)(=O)CCNc1nc(-c2ccc3ncnc(Nc4ccc5c(cnn5Cc5cccc
1508,0.606215,0.0791,5.46,3500.0,CO[C@H]1[C@@H](N(C)C(=O)CNC(=O)OC(C)(C)C)C[C@@H]2O
1509,0.606215,0.0745,5.46,3500.0,CO[C@H]1[C@@H](N(C)C(=O)CNC(=O)OC(C)(C)C)C[C@@H]2O
1510,0.677434,0.0788,6.10,800.0,COC(=O)CN1CCC(n2cc(-c3cccc(O)c3)c3c(N)ncnc32)CC1
1511,0.444444,0.0794,4.00,100000.0,CO[C@H]1[C@@H](N(C)C(=O)c2ccccc2)C[C@@H]2O[C@@]1(C
1512,0.731116,0.0780,6.58,263.0,CS(=O)(=O)CCN(CCCCOc1ccc2ncnc(Nc3ccc(OCc4ccccc4)cc
1513,0.980434,0.0736,8.82,1.5,C=CC(=O)Nc1cc2c(Nc3ccc(F)c(Cl)c3)ncnc2cc1OCCCN1CCO
1514,0.606215,0.0784,5.46,3500.0,CO[C@H]1[C@@H](N(C)C(=O)CNC(=O)OC(C)(C)C)C[C@@H]2O
1515,0.654006,0.0875,5.89,1300.0,CCCCC(O)CN(C)[C@H]1C[C@@H]2O[C@](C)([C@H]1OC)n1c3c
1516,0.606215,0.0961,5.46,3500.0,CO[C@H]1[C@@H](N(C)C(=O)CNC(=O)OC(C)(C)C)C[C@@H]2O
1517,0.552789,0.0836,4.98,10590.0,COc1cc2ncc(C#N)c(Nc3ccc(F)c(Cl)c3)c2cc1NC(=O)/C=C/
1518,0.654006,0.0805,5.89,1300.0,CCCCC(O)CN(C)[C@H]1C[C@@H]2O[C@](C)([C@H]1OC)n1c3c
1519,0.794305,0.0824,7.15,71.0,CS(=O)(=O)CCNc1nc(-c2ccc3ncnc(Nc4ccc5c(cnn5Cc5cccc
1520,0.794305,0.0850,7.15,71.0,CS(=O)(=O)CCNc1nc(-c2ccc3ncnc(Nc4ccc5c(cnn5Cc5cccc
1521,0.995401,0.0759,8.96,1.1,Cc1cc(C(=O)NCCN2CCOCC2)[nH]c1/C=C1\C(=O)Nc2ncnc(Nc
1522,0.654006,0.0826,5.89,1300.0,CCCCC(O)CN(C)[C@H]1C[C@@H]2O[C@](C)([C@H]1OC)n1c3c
1523,0.606215,0.0792,5.46,3500.0,CO[C@H]1[C@@H](N(C)C(=O)CNC(=O)OC(C)(C)C)C[C@@H]2O
1524,0.590973,0.0806,5.32,4800.0,CO[C@H]1[C@@H](N(C)C(=O)c2cccc([N+](=O)[O-])c2)C[C
1525,0.606215,0.0811,5.46,3500.0,CO[C@H]1[C@@H](N(C)C(=O)CNC(=O)OC(C)(C)C)C[C@@H]2O
1526,0.654006,0.0758,5.89,1300.0,CCCCC(O)CN(C)[C@H]1C[C@@H]2O[C@](C)([C@H]1OC)n1c3c
1527,1.000000,0.0766,9.35,0.5,CCN(CC)CC(O)CNC(=O)c1cc(C)c(/C=C2\C(=O)Nc3ncnc(Nc4
1528,0.606215,0.0817,5.46,3500.0,CO[C@H]1[C@@H](N(C)C(=O)CNC(=O)OC(C)(C)C)C[C@@H]2O
1529,0.654006,0.0777,5.89,1300.0,CCCCC(O)CN(C)[C@H]1C[C@@H]2O[C@](C)([C@H]1OC)n1c3c
1530,0.731116,0.0765,6.58,263.0,CS(=O)(=O)CCN(CCCCOc1ccc2ncnc(Nc3ccc(OCc4ccccc4)cc
1531,0.590973,0.0778,5.32,4800.0,CO[C@H]1[C@@H](N(C)C(=O)c2cccc([N+](=O)[O-])c2)C[C
1532,0.606215,0.0791,5.46,3500.0,CO[C@H]1[C@@H](N(C)C(=O)CNC(=O)OC(C)(C)C)C[C@@H]2O
1533,0.654006,0.0795,5.89,1300.0,CCCCC(O)CN(C)[C@H]1C[C@@H]2O[C@](C)([C@H]1OC)n1c3c
1534,0.590973,0.0801,5.32,4800.0,CO[C@H]1[C@@H](N(C)C(=O)c2cccc([N+](=O)[O-])c2)C[C
1535,0.606215,0.0773,5.46,3500.0,CO[C@H]1[C@@H](N(C)C(=O)CNC(=O)OC(C)(C)C)C[C@@H]2O
1536,0.565250,0.0814,5.09,8180.0,CO[C@H]1[C@@H](N(C)C(=O)c2cccnc2)C[C@@H]2O[C@@]1(C
1537,0.995401,0.0836,8.96,1.1,Cc1cc(C(=O)NCCN2CCOCC2)[nH]c1/C=C1\C(=O)Nc2ncnc(Nc
1538,0.654006,0.0851,5.89,1300.0,CCCCC(O)CN(C)[C@H]1C[C@@H]2O[C@](C)([C@H]1OC)n1c3c
1539,0.995401,0.0764,8.96,1.1,Cc1cc(C(=O)NCCN2CCOCC2)[nH]c1/C=C1\C(=O)Nc2ncnc(Nc
1540,0.846643,0.0762,7.62,24.0,CS(=O)(=O)CCNCCCCOc1ccc2ncnc(Nc3ccc4c(cnn4Cc4cccc(
1541,0.995401,0.0836,8.96,1.1,Cc1cc(C(=O)NCCN2CCOCC2)[nH]c1/C=C1\C(=O)Nc2ncnc(Nc
1542,0.444444,0.0851,4.00,100000.0,COC(=O)CN1Cc2c(c3c4ccccc4n4c3c3c2c2ccccc2n3[C@]2(C
1543,0.606215,0.0856,5.46,3500.0,CO[C@H]1[C@@H](N(C)C(=O)CNC(=O)OC(C)(C)C)C[C@@H]2O
1544,0.606215,0.0815,5.46,3500.0,CO[C@H]1[C@@H](N(C)C(=O)CNC(=O)OC(C)(C)C)C[C@@H]2O
1545,0.995401,0.0802,8.96,1.1,Cc1cc(C(=O)NCCN2CCOCC2)[nH]c1/C=C1\C(=O)Nc2ncnc(Nc
1546,0.654006,0.0821,5.89,1300.0,CCCCC(O)CN(C)[C@H]1C[C@@H]2O[C@](C)([C@H]1OC)n1c3c
1547,0.565250,0.0744,5.09,8180.0,CO[C@H]1[C@@H](N(C)C(=O)c2cccnc2)C[C@@H]2O[C@@]1(C
1548,0.888889,0.0723,8.00,10.0,CS(=O)(=O)CCNCc1ccc(-c2ccc3ncnc(Nc4ccc(OCc5cccc(F)
1549,0.654006,0.0833,5.89,1300.0,CCCCC(O)CN(C)[C@H]1C[C@@H]2O[C@](C)([C@H]1OC)n1c3c
1550,0.876229,0.0756,7.89,13.0,CCN1CCN(C(=O)c2cc(C)c(/C=C3\C(=O)Nc4ncnc(Nc5ccc(F)
1551,0.654006,0.0846,5.89,1300.0,CCCCC(O)CN(C)[C@H]1C[C@@H]2O[C@](C)([C@H]1OC)n1c3c
1552,0.888889,0.0810,8.00,10.0,CS(=O)(=O)CCNCc1ccc(-c2ccc3ncnc(Nc4ccc(OCc5cccc(F)
1553,0.606215,0.0783,5.46,3500.0,CO[C@H]1[C@@H](N(C)C(=O)CNC(=O)OC(C)(C)C)C[C@@H]2O
1554,0.606215,0.0845,5.46,3500.0,CO[C@H]1[C@@H](N(C)C(=O)CNC(=O)OC(C)(C)C)C[C@@H]2O
1555,0.654006,0.0759,5.89,1300.0,CCCCC(O)CN(C)[C@H]1C[C@@H]2O[C@](C)([C@H]1OC)n1c3c
1556,0.552789,0.0772,4.98,10590.0,COc1cc2ncc(C#N)c(Nc3ccc(F)c(Cl)c3)c2cc1NC(=O)/C=C/
1557,0.696401,0.0754,6.27,540.0,CS(=O)(=O)CCNc1nc(-c2ccc3ncnc(Nc4ccc(OCc5cccc(C(F)
1558,0.590573,0.0854,5.32,4840.0,CCN(CC)C(C)/C=C/C(=O)Nc1cc2c(Nc3ccc(F)c(Cl)c3)c(C#
1559,0.606215,0.0945,5.46,3500.0,CO[C@H]1[C@@H](N(C)C(=O)CNC(=O)OC(C)(C)C)C[C@@H]2O
1560,0.654006,0.0754,5.89,1300.0,CCCCC(O)CN(C)[C@H]1C[C@@H]2O[C@](C)([C@H]1OC)n1c3c
1561,0.876229,0.0812,7.89,13.0,CCN1CCN(C(=O)c2cc(C)c(/C=C3\C(=O)Nc4ncnc(Nc5ccc(F)
1562,0.927421,0.0838,8.35,4.5,Cc1cc(C(=O)N2CCOCC2)[nH]c1/C=C1\C(=O)Nc2ncnc(Nc3cc
1563,0.606215,0.0826,5.46,3500.0,CO[C@H]1[C@@H](N(C)C(=O)CNC(=O)OC(C)(C)C)C[C@@H]2O
1564,0.565250,0.0943,5.09,8180.0,CO[C@H]1[C@@H](N(C)C(=O)c2cccnc2)C[C@@H]2O[C@@]1(C
1565,0.590973,0.0801,5.32,4800.0,CO[C@H]1[C@@H](N(C)C(=O)c2cccc([N+](=O)[O-])c2)C[C
1566,0.444444,0.0805,4.00,100000.0,COC(=O)CN1Cc2c(c3c4ccccc4n4c3c3c2c2ccccc2n3[C@]2(C
1567,0.995401,0.0710,8.96,1.1,Cc1cc(C(=O)NCCN2CCOCC2)[nH]c1/C=C1\C(=O)Nc2ncnc(Nc
1568,0.735532,0.0713,6.62,240.0,CCN(CC)CCCCNc1ncc2cc(-c3c(Cl)cccc3Cl)c(NC(=O)NC(C)
1569,0.927421,0.0870,8.35,4.5,Cc1cc(C(=O)N2CCOCC2)[nH]c1/C=C1\C(=O)Nc2ncnc(Nc3cc
1570,0.654006,0.0722,5.89,1300.0,CCCCC(O)CN(C)[C@H]1C[C@@H]2O[C@](C)([C@H]1OC)n1c3c
1571,0.552789,0.0832,4.98,10590.0,COc1cc2ncc(C#N)c(Nc3ccc(F)c(Cl)c3)c2cc1NC(=O)/C=C/
1572,0.696401,0.0870,6.27,540.0,CS(=O)(=O)CCNc1nc(-c2ccc3ncnc(Nc4ccc(OCc5cccc(C(F)
1573,0.590573,0.0813,5.32,4840.0,CCN(CC)C(C)/C=C/C(=O)Nc1cc2c(Nc3ccc(F)c(Cl)c3)c(C#
1574,0.444444,0.0779,4.00,100000.0,CO[C@H]1[C@@H](N(C)C(=O)c2ccccc2)C[C@@H]2O[C@@]1(C
1575,0.696401,0.0866,6.27,540.0,CS(=O)(=O)CCNc1nc(-c2ccc3ncnc(Nc4ccc(OCc5cccc(C(F)
1576,0.606215,0.0839,5.46,3500.0,CO[C@H]1[C@@H](N(C)C(=O)CNC(=O)OC(C)(C)C)C[C@@H]2O
1577,0.444444,0.0826,4.00,100000.0,CO[C@H]1[C@@H](N(C)C(=O)c2ccccc2)C[C@@H]2O[C@@]1(C
1578,0.606215,0.0818,5.46,3500.0,CO[C@H]1[C@@H](N(C)C(=O)CNC(=O)OC(C)(C)C)C[C@@H]2O
1579,0.654006,0.0828,5.89,1300.0,CCCCC(O)CN(C)[C@H]1C[C@@H]2O[C@](C)([C@H]1OC)n1c3c
1580,0.606215,0.0788,5.46,3500.0,CO[C@H]1[C@@H](N(C)C(=O)CNC(=O)OC(C)(C)C)C[C@@H]2O
1581,0.593027,0.0887,5.34,4600.0,CO[C@H]1[C@@H](N(C)C(=O)c2cccc(Cl)c2)C[C@@H]2O[C@@
1582,0.654006,0.0797,5.89,1300.0,CCCCC(O)CN(C)[C@H]1C[C@@H]2O[C@](C)([C@H]1OC)n1c3c
1583,0.565250,0.0784,5.09,8180.0,CO[C@H]1[C@@H](N(C)C(=O)c2cnccn2)C[C@@H]2O[C@@]1(C
1584,1.000000,0.0808,9.35,0.5,CCN(CC)CC(O)CNC(=O)c1cc(C)c(/C=C2\C(=O)Nc3ncnc(Nc4
1585,0.696401,0.0792,6.27,540.0,CS(=O)(=O)CCNc1nc(-c2ccc3ncnc(Nc4ccc(OCc5cccc(C(F)
1586,0.980434,0.0753,8.82,1.5,C=CC(=O)Nc1cc2c(Nc3ccc(F)c(Cl)c3)ncnc2cc1OCCCN1CCO
1587,0.654006,0.0813,5.89,1300.0,CCCCC(O)CN(C)[C@H]1C[C@@H]2O[C@](C)([C@H]1OC)n1c3c
1588,0.654006,0.0847,5.89,1300.0,CCCCC(O)CN(C)[C@H]1C[C@@H]2O[C@](C)([C@H]1OC)n1c3c
1589,0.606215,0.0826,5.46,3500.0,CO[C@H]1[C@@H](N(C)C(=O)CNC(=O)OC(C)(C)C)C[C@@H]2O
1590,0.606215,0.0735,5.46,3500.0,CO[C@H]1[C@@H](N(C)C(=O)CNC(=O)OC(C)(C)C)C[C@@H]2O
1591,0.590573,0.0714,5.32,4840.0,CCN(CC)C(C)/C=C/C(=O)Nc1cc2c(Nc3ccc(F)c(Cl)c3)c(C#
1592,0.914350,0.0771,8.23,5.9,Cc1cc(C(=O)N2CC(C)NC(C)C2)[nH]c1/C=C1\C(=O)Nc2ncnc
1593,0.995401,0.0789,8.96,1.1,Cc1cc(C(=O)NCCN2CCOCC2)[nH]c1/C=C1\C(=O)Nc2ncnc(Nc
1594,0.420000,0.0789,3.78,165958.8,CCOc1ccc2sc(SCc3cc(/C=C(\C#N)C(N)=O)cc(OC)c3O)nc2c
1595,0.590573,0.0851,5.32,4840.0,CCN(CC)C(C)/C=C/C(=O)Nc1cc2c(Nc3ccc(F)c(Cl)c3)c(C#
1596,0.971636,0.0776,8.74,1.8,Cc1cc(C(=O)N2CCOCC2)[nH]c1/C=C1\C(=O)Nc2ncnc(Nc3cc
1597,0.590973,0.0818,5.32,4800.0,CO[C@H]1[C@@H](N(C)C(=O)c2cccc([N+](=O)[O-])c2)C[C
1598,0.606215,0.0751,5.46,3500.0,CO[C@H]1[C@@H](N(C)C(=O)CNC(=O)OC(C)(C)C)C[C@@H]2O
1599,1.000000,0.0861,9.35,0.5,CCN(CC)CC(O)CNC(=O)c1cc(C)c(/C=C2\C(=O)Nc3ncnc(Nc4
1600,1.000000,0.0770,9.35,0.5,CCN(CC)CC(O)CNC(=O)c1cc(C)c(/C=C2\C(=O)Nc3ncnc(Nc4
1601,0.696401,0.0808,6.27,540.0,CS(=O)(=O)CCNc1nc(-c2ccc3ncnc(Nc4ccc(OCc5cccc(C(F)
1602,0.606215,0.0796,5.46,3500.0,CO[C@H]1[C@@H](N(C)C(=O)CNC(=O)OC(C)(C)C)C[C@@H]2O
1603,0.444444,0.0808,4.00,100000.0,CO[C@H]1[C@@H](N(C)C(=O)c2ccccc2)C[C@@H]2O[C@@]1(C
1604,0.696401,0.0838,6.27,540.0,CS(=O)(=O)CCNc1nc(-c2ccc3ncnc(Nc4ccc(OCc5cccc(C(F)
1605,0.696401,0.0765,6.27,540.0,CS(=O)(=O)CCNc1nc(-c2ccc3ncnc(Nc4ccc(OCc5cccc(C(F)
1606,0.444444,0.0824,4.00,100000.0,COC(=O)CN1Cc2c(c3c4ccccc4n4c3c3c2c2ccccc2n3[C@]2(C
1607,0.654006,0.0788,5.89,1300.0,CCCCC(O)CN(C)[C@H]1C[C@@H]2O[C@](C)([C@H]1OC)n1c3c
1608,0.654006,0.0792,5.89,1300.0,CCCCC(O)CN(C)[C@H]1C[C@@H]2O[C@](C)([C@H]1OC)n1c3c
1609,0.995401,0.0783,8.96,1.1,Cc1cc(C(=O)NCCN2CCOCC2)[nH]c1/C=C1\C(=O)Nc2ncnc(Nc
1610,0.680549,0.0795,6.12,750.0,COc1cccc(-c2cn(C3CCN(CC(=O)N(C)C)CC3)c3ncnc(N)c23)
1611,0.606215,0.0885,5.46,3500.0,CO[C@H]1[C@@H](N(C)C(=O)CNC(=O)OC(C)(C)C)C[C@@H]2O
1612,0.888889,0.0757,8.00,10.0,CS(=O)(=O)CCNCc1ccc(-c2ccc3ncnc(Nc4ccc(OCc5cccc(F)
1613,0.995401,0.0791,8.96,1.1,Cc1cc(C(=O)NCCN2CCOCC2)[nH]c1/C=C1\C(=O)Nc2ncnc(Nc
1614,0.619822,0.0889,5.58,2640.0,CN(C)C/C=C/C(=O)Nc1cc2c(Nc3ccc(F)c(Cl)c3)c(C#N)cnc
1615,0.654006,0.0799,5.89,1300.0,CCCCC(O)CN(C)[C@H]1C[C@@H]2O[C@](C)([C@H]1OC)n1c3c
1616,0.654006,0.0716,5.89,1300.0,CCCCC(O)CN(C)[C@H]1C[C@@H]2O[C@](C)([C@H]1OC)n1c3c
1617,0.606215,0.0703,5.46,3500.0,CO[C@H]1[C@@H](N(C)C(=O)CNC(=O)OC(C)(C)C)C[C@@H]2O
1618,0.606215,0.0764,5.46,3500.0,CO[C@H]1[C@@H](N(C)C(=O)CNC(=O)OC(C)(C)C)C[C@@H]2O
1619,0.696401,0.0790,6.27,540.0,CS(=O)(=O)CCNc1nc(-c2ccc3ncnc(Nc4ccc(OCc5cccc(C(F)
1620,0.552789,0.0784,4.98,10590.0,COc1cc2ncc(C#N)c(Nc3ccc(F)c(Cl)c3)c2cc1NC(=O)/C=C/
1621,0.606215,0.0835,5.46,3500.0,CO[C@H]1[C@@H](N(C)C(=O)CNC(=O)OC(C)(C)C)C[C@@H]2O
1622,0.552789,0.0840,4.98,10590.0,COc1cc2ncc(C#N)c(Nc3ccc(F)c(Cl)c3)c2cc1NC(=O)/C=C/
1623,0.590973,0.0805,5.32,4800.0,CO[C@H]1[C@@H](N(C)C(=O)c2cccc([N+](=O)[O-])c2)C[C
1624,0.444444,0.0879,4.00,100000.0,CO[C@H]1[C@@H](N(C)C(=O)c2ccccc2)C[C@@H]2O[C@@]1(C
1625,1.000000,0.0743,9.35,0.5,CCN(CC)CC(O)CNC(=O)c1cc(C)c(/C=C2\C(=O)Nc3ncnc(Nc4
1626,0.606215,0.0846,5.46,3500.0,CO[C@H]1[C@@H](N(C)C(=O)CNC(=O)OC(C)(C)C)C[C@@H]2O
1627,0.888889,0.0849,8.00,10.0,CS(=O)(=O)CCNc1nc(-c2ccc3ncnc(Nc4ccc(OCc5cccc(F)c5
1628,0.654006,0.0894,5.89,1300.0,CCCCC(O)CN(C)[C@H]1C[C@@H]2O[C@](C)([C@H]1OC)n1c3c
1629,0.696401,0.0799,6.27,540.0,CS(=O)(=O)CCNc1nc(-c2ccc3ncnc(Nc4ccc(OCc5cccc(C(F)
1630,0.552789,0.0785,4.98,10590.0,COc1cc2ncc(C#N)c(Nc3ccc(F)c(Cl)c3)c2cc1NC(=O)/C=C/
1631,0.552789,0.0827,4.98,10590.0,COc1cc2ncc(C#N)c(Nc3ccc(F)c(Cl)c3)c2cc1NC(=O)/C=C/
1632,0.552789,0.0778,4.98,10590.0,COc1cc2ncc(C#N)c(Nc3ccc(F)c(Cl)c3)c2cc1NC(=O)/C=C/
1633,0.613653,0.0761,5.52,3000.0,COc1cc(Nc2c(C#N)cnc3cc(-c4ccc(CN5CCOCC5)cc4)ccc23)
1634,0.606215,0.0762,5.46,3500.0,CO[C@H]1[C@@H](N(C)C(=O)CNC(=O)OC(C)(C)C)C[C@@H]2O
1635,0.696401,0.0795,6.27,540.0,CS(=O)(=O)CCNc1nc(-c2ccc3ncnc(Nc4ccc(OCc5cccc(C(F)
1636,0.654006,0.0802,5.89,1300.0,CCCCC(O)CN(C)[C@H]1C[C@@H]2O[C@](C)([C@H]1OC)n1c3c
1637,0.670169,0.0827,6.03,930.0,COCCN(C)CCN1CCC(n2cc(-c3cccc(OC)c3)c3c(N)ncnc32)CC
1638,0.606215,0.0825,5.46,3500.0,CO[C@H]1[C@@H](N(C)C(=O)CNC(=O)OC(C)(C)C)C[C@@H]2O
1639,0.606215,0.0780,5.46,3500.0,CO[C@H]1[C@@H](N(C)C(=O)CNC(=O)OC(C)(C)C)C[C@@H]2O
1640,0.606215,0.0893,5.46,3500.0,CO[C@H]1[C@@H](N(C)C(=O)CNC(=O)OC(C)(C)C)C[C@@H]2O
1641,0.606215,0.0807,5.46,3500.0,CO[C@H]1[C@@H](N(C)C(=O)CNC(=O)OC(C)(C)C)C[C@@H]2O
1642,0.606215,0.0818,5.46,3500.0,CO[C@H]1[C@@H](N(C)C(=O)CNC(=O)OC(C)(C)C)C[C@@H]2O
1643,0.681196,0.0759,6.13,740.0,COC(=O)CN1CCC(n2cc(-c3cccc(O)c3)c3c(N)ncnc32)C1
1644,0.680549,0.0812,6.12,750.0,COc1cccc(-c2cn(C3CCN(CC(=O)N(C)C)CC3)c3ncnc(N)c23)
1645,0.453333,0.0744,4.08,83176.4,COc1cc(/C=C(\C#N)C(N)=O)cc(CSc2nc3cc(Cl)ccc3s2)c1O
1646,0.606215,0.0707,5.46,3500.0,CO[C@H]1[C@@H](N(C)C(=O)CNC(=O)OC(C)(C)C)C[C@@H]2O
1647,0.606215,0.0796,5.46,3500.0,CO[C@H]1[C@@H](N(C)C(=O)CNC(=O)OC(C)(C)C)C[C@@H]2O
1648,0.794305,0.0794,7.15,71.0,CS(=O)(=O)CCNc1nc(-c2ccc3ncnc(Nc4ccc5c(cnn5Cc5cccc
1649,0.444444,0.0723,4.00,100000.0,COC(=O)CN1Cc2c(c3c4ccccc4n4c3c3c2c2ccccc2n3[C@]2(C
1650,0.927421,0.0771,8.35,4.5,Cc1cc(C(=O)N2CCOCC2)[nH]c1/C=C1\C(=O)Nc2ncnc(Nc3cc
1651,0.995401,0.0804,8.96,1.1,Cc1cc(C(=O)NCCN2CCOCC2)[nH]c1/C=C1\C(=O)Nc2ncnc(Nc
1652,0.606215,0.0836,5.46,3500.0,CO[C@H]1[C@@H](N(C)C(=O)CNC(=O)OC(C)(C)C)C[C@@H]2O
1653,0.606215,0.0841,5.46,3500.0,CO[C@H]1[C@@H](N(C)C(=O)CNC(=O)OC(C)(C)C)C[C@@H]2O
1654,0.565250,0.0825,5.09,8180.0,CO[C@H]1[C@@H](N(C)C(=O)c2cccnc2)C[C@@H]2O[C@@]1(C
1655,0.654006,0.0874,5.89,1300.0,CCCCC(O)CN(C)[C@H]1C[C@@H]2O[C@](C)([C@H]1OC)n1c3c
1656,1.000000,0.0809,9.35,0.5,CCN(CC)CC(O)CNC(=O)c1cc(C)c(/C=C2\C(=O)Nc3ncnc(Nc4
1657,0.606215,0.0896,5.46,3500.0,CO[C@H]1[C@@H](N(C)C(=O)CNC(=O)OC(C)(C)C)C[C@@H]2O
1658,0.680549,0.0771,6.12,750.0,COc1cccc(-c2cn(C3CCN(CC(=O)N(C)C)CC3)c3ncnc(N)c23)
1659,0.606215,0.0809,5.46,3500.0,CO[C@H]1[C@@H](N(C)C(=O)CNC(=O)OC(C)(C)C)C[C@@H]2O
1660,0.444444,0.0795,4.00,100000.0,COC(=O)CN1Cc2c(c3c4ccccc4n4c3c3c2c2ccccc2n3[C@]2(C
1661,0.444444,0.0749,4.00,100000.0,COC(=O)CN1Cc2c(c3c4ccccc4n4c3c3c2c2ccccc2n3[C@]2(C
1662,0.590573,0.0784,5.32,4840.0,CCN(CC)C(C)/C=C/C(=O)Nc1cc2c(Nc3ccc(F)c(Cl)c3)c(C#
1663,0.888889,0.0757,8.00,10.0,CS(=O)(=O)CCNCc1ccc(-c2ccc3ncnc(Nc4ccc(OCc5cccc(F)
1664,0.606215,0.0758,5.46,3500.0,CO[C@H]1[C@@H](N(C)C(=O)CNC(=O)OC(C)(C)C)C[C@@H]2O
1665,0.606215,0.0875,5.46,3500.0,CO[C@H]1[C@@H](N(C)C(=O)CNC(=O)OC(C)(C)C)C[C@@H]2O
1666,0.606215,0.0980,5.46,3500.0,CO[C@H]1[C@@H](N(C)C(=O)CNC(=O)OC(C)(C)C)C[C@@H]2O
1667,0.606215,0.0836,5.46,3500.0,CO[C@H]1[C@@H](N(C)C(=O)CNC(=O)OC(C)(C)C)C[C@@H]2O
1668,0.725575,0.0690,6.53,295.0,COc1cccc(-c2cn(C3CCN(CCN(C)CCO)CC3)c3ncnc(N)c23)c1
1669,0.971636,0.0778,8.74,1.8,Cc1cc(C(=O)N2CCOCC2)[nH]c1/C=C1\C(=O)Nc2ncnc(Nc3cc
1670,0.995401,0.0836,8.96,1.1,Cc1cc(C(=O)NCCN2CCOCC2)[nH]c1/C=C1\C(=O)Nc2ncnc(Nc
1671,0.606215,0.0873,5.46,3500.0,CO[C@H]1[C@@H](N(C)C(=O)CNC(=O)OC(C)(C)C)C[C@@H]2O
1672,0.980434,0.0784,8.82,1.5,C=CC(=O)Nc1cc2c(Nc3ccc(F)c(Cl)c3)ncnc2cc1OCCCN1CCO
1673,0.552789,0.0707,4.98,10590.0,COc1cc2ncc(C#N)c(Nc3ccc(F)c(Cl)c3)c2cc1NC(=O)/C=C/
1674,0.606215,0.0878,5.46,3500.0,CO[C@H]1[C@@H](N(C)C(=O)CNC(=O)OC(C)(C)C)C[C@@H]2O
1675,0.694646,0.0794,6.25,560.0,C=C(CN(C)C)C(=O)Nc1cc2c(Nc3ccc(F)c(Cl)c3)c(C#N)cnc
1676,0.654006,0.0813,5.89,1300.0,CCCCC(O)CN(C)[C@H]1C[C@@H]2O[C@](C)([C@H]1OC)n1c3c
1677,0.606215,0.0893,5.46,3500.0,CO[C@H]1[C@@H](N(C)C(=O)CNC(=O)OC(C)(C)C)C[C@@H]2O
1678,0.777778,0.0725,7.00,100.0,COc1cc2c(Nc3ccc(Cl)cc3F)ncnc2cc1OCC1CCN(C)CC1.Cl
1679,0.794305,0.0853,7.15,71.0,CS(=O)(=O)CCNc1nc(-c2ccc3ncnc(Nc4ccc5c(cnn5Cc5cccc
1680,0.995401,0.0828,8.96,1.1,Cc1cc(C(=O)NCCN2CCOCC2)[nH]c1/C=C1\C(=O)Nc2ncnc(Nc
1681,0.654006,0.0804,5.89,1300.0,CCCCC(O)CN(C)[C@H]1C[C@@H]2O[C@](C)([C@H]1OC)n1c3c
1682,0.461656,0.0801,4.15,70000.0,CO[C@H]1[C@@H](N(C)C(=O)c2cc([N+](=O)[O-])cc([N+](
1683,0.888889,0.0744,8.00,10.0,CS(=O)(=O)CCNc1nc(-c2ccc3ncnc(Nc4ccc(OCc5cccc(F)c5
1684,0.586101,0.0806,5.27,5310.0,Cc1cc(C(=O)NCCN2CCOCC2)[nH]c1/C=C1\C(=O)N(C)c2ncnc
1685,0.606215,0.0869,5.46,3500.0,CO[C@H]1[C@@H](N(C)C(=O)CNC(=O)OC(C)(C)C)C[C@@H]2O
1686,0.619822,0.0836,5.58,2640.0,CN(C)C/C=C/C(=O)Nc1cc2c(Nc3ccc(F)c(Cl)c3)c(C#N)cnc
1687,0.654006,0.0826,5.89,1300.0,CCCCC(O)CN(C)[C@H]1C[C@@H]2O[C@](C)([C@H]1OC)n1c3c
1688,0.552789,0.0804,4.98,10590.0,COc1cc2ncc(C#N)c(Nc3ccc(F)c(Cl)c3)c2cc1NC(=O)/C=C/
1689,0.477892,0.0758,4.30,50000.0,CN1CC[C@H](c2c(O)cc(O)c3c(=O)cc(Oc4ccccc4Cl)oc23)[
1690,0.995401,0.0786,8.96,1.1,Cc1cc(C(=O)NCCN2CCOCC2)[nH]c1/C=C1\C(=O)Nc2ncnc(Nc
1691,0.654006,0.0846,5.89,1300.0,CCCCC(O)CN(C)[C@H]1C[C@@H]2O[C@](C)([C@H]1OC)n1c3c
1692,0.606215,0.0826,5.46,3500.0,CO[C@H]1[C@@H](N(C)C(=O)CNC(=O)OC(C)(C)C)C[C@@H]2O
1693,0.654006,0.0830,5.89,1300.0,CCCCC(O)CN(C)[C@H]1C[C@@H]2O[C@](C)([C@H]1OC)n1c3c
1694,0.606215,0.0943,5.46,3500.0,CO[C@H]1[C@@H](N(C)C(=O)CNC(=O)OC(C)(C)C)C[C@@H]2O
1695,0.606215,0.0781,5.46,3500.0,CO[C@H]1[C@@H](N(C)C(=O)CNC(=O)OC(C)(C)C)C[C@@H]2O
1696,0.590973,0.0771,5.32,4800.0,CO[C@H]1[C@@H](N(C)C(=O)c2cccc([N+](=O)[O-])c2)C[C
1697,0.606215,0.0877,5.46,3500.0,CO[C@H]1[C@@H](N(C)C(=O)CNC(=O)OC(C)(C)C)C[C@@H]2O
1698,0.995401,0.0860,8.96,1.1,Cc1cc(C(=O)NCCN2CCOCC2)[nH]c1/C=C1\C(=O)Nc2ncnc(Nc
1699,0.606215,0.0810,5.46,3500.0,CO[C@H]1[C@@H](N(C)C(=O)CNC(=O)OC(C)(C)C)C[C@@H]2O
1700,0.606215,0.0789,5.46,3500.0,CO[C@H]1[C@@H](N(C)C(=O)CNC(=O)OC(C)(C)C)C[C@@H]2O
1701,0.777778,0.0815,7.00,100.0,COc1cc2c(Nc3ccc(Cl)cc3F)ncnc2cc1OC[C@@H]1CCCN(C)C1
1702,0.586926,0.0707,5.28,5220.0,COc1cc2ncc(C#N)c(Nc3ccc(F)c(Cl)c3)c2cc1NC(=O)/C=C/
1703,0.590973,0.0924,5.32,4800.0,CO[C@H]1[C@@H](N(C)C(=O)c2cccc([N+](=O)[O-])c2)C[C
1704,0.606215,0.0765,5.46,3500.0,CO[C@H]1[C@@H](N(C)C(=O)CNC(=O)OC(C)(C)C)C[C@@H]2O
1705,0.971636,0.0764,8.74,1.8,Cc1cc(C(=O)N2CCOCC2)[nH]c1/C=C1\C(=O)Nc2ncnc(Nc3cc
1706,0.444444,0.0794,4.00,100000.0,COC(=O)CN1Cc2c(c3c4ccccc4n4c3c3c2c2ccccc2n3[C@]2(C
1707,0.590573,0.0713,5.32,4840.0,CCN(CC)C(C)/C=C/C(=O)Nc1cc2c(Nc3ccc(F)c(Cl)c3)c(C#
1708,0.860525,0.0796,7.74,18.0,C#Cc1cccc(Nc2ncnc3c2/C(=C/c2[nH]c(C(=O)NCCN4CCOCC4
1709,0.794305,0.0805,7.15,71.0,CS(=O)(=O)CCNc1nc(-c2ccc3ncnc(Nc4ccc5c(cnn5Cc5cccc
1710,0.971636,0.0739,8.74,1.8,Cc1cc(C(=O)N2CCOCC2)[nH]c1/C=C1\C(=O)Nc2ncnc(Nc3cc
1711,0.606215,0.0948,5.46,3500.0,CO[C@H]1[C@@H](N(C)C(=O)CNC(=O)OC(C)(C)C)C[C@@H]2O
1712,0.453333,0.0826,4.08,83176.4,COc1cc(/C=C(\C#N)C(N)=O)cc(CSc2nc3cc(Cl)ccc3s2)c1O
1713,0.606215,0.0911,5.46,3500.0,CO[C@H]1[C@@H](N(C)C(=O)CNC(=O)OC(C)(C)C)C[C@@H]2O
1714,0.606215,0.0787,5.46,3500.0,CO[C@H]1[C@@H](N(C)C(=O)CNC(=O)OC(C)(C)C)C[C@@H]2O
1715,0.606215,0.0825,5.46,3500.0,CO[C@H]1[C@@H](N(C)C(=O)CNC(=O)OC(C)(C)C)C[C@@H]2O
1716,0.444444,0.0888,4.00,100000.0,CO[C@H]1[C@@H](N(C)C(=O)c2ccccc2)C[C@@H]2O[C@@]1(C
1717,0.927421,0.0779,8.35,4.5,Cc1cc(C(=O)N2CCOCC2)[nH]c1/C=C1\C(=O)Nc2ncnc(Nc3cc
1718,0.654006,0.0773,5.89,1300.0,CCCCC(O)CN(C)[C@H]1C[C@@H]2O[C@](C)([C@H]1OC)n1c3c
1719,0.606215,0.0786,5.46,3500.0,CO[C@H]1[C@@H](N(C)C(=O)CNC(=O)OC(C)(C)C)C[C@@H]2O
1720,0.888889,0.0789,8.00,10.0,CS(=O)(=O)CCNCc1ccc(-c2ccc3ncnc(Nc4ccc(OCc5cccc(F)
1721,0.552789,0.0860,4.98,10590.0,COc1cc2ncc(C#N)c(Nc3ccc(F)c(Cl)c3)c2cc1NC(=O)/C=C/
1722,0.995401,0.0852,8.96,1.1,Cc1cc(C(=O)NCCN2CCOCC2)[nH]c1/C=C1\C(=O)Nc2ncnc(Nc
1723,0.606215,0.0797,5.46,3500.0,CO[C@H]1[C@@H](N(C)C(=O)CNC(=O)OC(C)(C)C)C[C@@H]2O
1724,0.552789,0.0818,4.98,10590.0,COc1cc2ncc(C#N)c(Nc3ccc(F)c(Cl)c3)c2cc1NC(=O)/C=C/
1725,0.444444,0.0775,4.00,100000.0,COC(=O)CN1Cc2c(c3c4ccccc4n4c3c3c2c2ccccc2n3[C@]2(C
1726,0.606215,0.0814,5.46,3500.0,CO[C@H]1[C@@H](N(C)C(=O)CNC(=O)OC(C)(C)C)C[C@@H]2O
1727,0.696401,0.0730,6.27,540.0,CS(=O)(=O)CCNc1nc(-c2ccc3ncnc(Nc4ccc(OCc5cccc(C(F)
1728,0.606215,0.0772,5.46,3500.0,CO[C@H]1[C@@H](N(C)C(=O)CNC(=O)OC(C)(C)C)C[C@@H]2O
1729,0.794305,0.0766,7.15,71.0,CS(=O)(=O)CCNc1nc(-c2ccc3ncnc(Nc4ccc5c(cnn5Cc5cccc
1730,0.606215,0.0725,5.46,3500.0,CO[C@H]1[C@@H](N(C)C(=O)CNC(=O)OC(C)(C)C)C[C@@H]2O
1731,0.606215,0.0801,5.46,3500.0,CO[C@H]1[C@@H](N(C)C(=O)CNC(=O)OC(C)(C)C)C[C@@H]2O
1732,0.606215,0.0813,5.46,3500.0,CO[C@H]1[C@@H](N(C)C(=O)CNC(=O)OC(C)(C)C)C[C@@H]2O
1733,0.654006,0.0772,5.89,1300.0,CCCCC(O)CN(C)[C@H]1C[C@@H]2O[C@](C)([C@H]1OC)n1c3c
1734,0.552789,0.0782,4.98,10590.0,COc1cc2ncc(C#N)c(Nc3ccc(F)c(Cl)c3)c2cc1NC(=O)/C=C/
1735,0.606215,0.0812,5.46,3500.0,CO[C@H]1[C@@H](N(C)C(=O)CNC(=O)OC(C)(C)C)C[C@@H]2O
1736,0.606215,0.0808,5.46,3500.0,CO[C@H]1[C@@H](N(C)C(=O)CNC(=O)OC(C)(C)C)C[C@@H]2O
1737,0.654006,0.0799,5.89,1300.0,CCCCC(O)CN(C)[C@H]1C[C@@H]2O[C@](C)([C@H]1OC)n1c3c
1738,0.444444,0.0720,4.00,100000.0,COC(=O)CN1Cc2c(c3c4ccccc4n4c3c3c2c2ccccc2n3[C@]2(C
1739,0.606215,0.0772,5.46,3500.0,CO[C@H]1[C@@H](N(C)C(=O)CNC(=O)OC(C)(C)C)C[C@@H]2O
1740,0.888889,0.0743,8.00,10.0,CS(=O)(=O)CCNc1nc(-c2ccc3ncnc(Nc4ccc(OCc5cccc(F)c5
1741,0.654006,0.0860,5.89,1300.0,CCCCC(O)CN(C)[C@H]1C[C@@H]2O[C@](C)([C@H]1OC)n1c3c
1742,0.696401,0.0799,6.27,540.0,CS(=O)(=O)CCNc1nc(-c2ccc3ncnc(Nc4ccc(OCc5cccc(C(F)
1743,0.794305,0.0819,7.15,71.0,CS(=O)(=O)CCNc1nc(-c2ccc3ncnc(Nc4ccc5c(cnn5Cc5cccc
1744,0.606215,0.0865,5.46,3500.0,CO[C@H]1[C@@H](N(C)C(=O)CNC(=O)OC(C)(C)C)C[C@@H]2O
1745,0.606215,0.0892,5.46,3500.0,CO[C@H]1[C@@H](N(C)C(=O)CNC(=O)OC(C)(C)C)C[C@@H]2O
1746,0.927421,0.0818,8.35,4.5,Cc1cc(C(=O)N2CCOCC2)[nH]c1/C=C1\C(=O)Nc2ncnc(Nc3cc
1747,0.654006,0.0891,5.89,1300.0,CCCCC(O)CN(C)[C@H]1C[C@@H]2O[C@](C)([C@H]1OC)n1c3c
1748,0.606215,0.0906,5.46,3500.0,CO[C@H]1[C@@H](N(C)C(=O)CNC(=O)OC(C)(C)C)C[C@@H]2O
1749,0.654006,0.0816,5.89,1300.0,CCCCC(O)CN(C)[C@H]1C[C@@H]2O[C@](C)([C@H]1OC)n1c3c
1750,0.590973,0.0835,5.32,4800.0,CO[C@H]1[C@@H](N(C)C(=O)c2cccc([N+](=O)[O-])c2)C[C
1751,0.606215,0.0768,5.46,3500.0,CO[C@H]1[C@@H](N(C)C(=O)CNC(=O)OC(C)(C)C)C[C@@H]2O
1752,0.606215,0.0814,5.46,3500.0,CO[C@H]1[C@@H](N(C)C(=O)CNC(=O)OC(C)(C)C)C[C@@H]2O
1753,0.794305,0.0805,7.15,71.0,CS(=O)(=O)CCNc1nc(-c2ccc3ncnc(Nc4ccc5c(cnn5Cc5cccc
1754,0.606215,0.0793,5.46,3500.0,CO[C@H]1[C@@H](N(C)C(=O)CNC(=O)OC(C)(C)C)C[C@@H]2O
1755,0.590973,0.0778,5.32,4800.0,CO[C@H]1[C@@H](N(C)C(=O)c2cccc([N+](=O)[O-])c2)C[C
1756,0.606215,0.0799,5.46,3500.0,CO[C@H]1[C@@H](N(C)C(=O)CNC(=O)OC(C)(C)C)C[C@@H]2O
1757,0.654006,0.0879,5.89,1300.0,CCCCC(O)CN(C)[C@H]1C[C@@H]2O[C@](C)([C@H]1OC)n1c3c
1758,0.606215,0.0817,5.46,3500.0,CO[C@H]1[C@@H](N(C)C(=O)CNC(=O)OC(C)(C)C)C[C@@H]2O
1759,0.794305,0.0833,7.15,71.0,CS(=O)(=O)CCNc1nc(-c2ccc3ncnc(Nc4ccc5c(cnn5Cc5cccc
1760,0.654006,0.0784,5.89,1300.0,CCCCC(O)CN(C)[C@H]1C[C@@H]2O[C@](C)([C@H]1OC)n1c3c
1761,0.654006,0.0799,5.89,1300.0,CCCCC(O)CN(C)[C@H]1C[C@@H]2O[C@](C)([C@H]1OC)n1c3c
1762,0.619822,0.0708,5.58,2640.0,CN(C)C/C=C/C(=O)Nc1cc2c(Nc3ccc(F)c(Cl)c3)c(C#N)cnc
1763,0.654006,0.0864,5.89,1300.0,CCCCC(O)CN(C)[C@H]1C[C@@H]2O[C@](C)([C@H]1OC)n1c3c
1764,0.552789,0.0768,4.98,10590.0,COc1cc2ncc(C#N)c(Nc3ccc(F)c(Cl)c3)c2cc1NC(=O)/C=C/
1765,0.680549,0.0729,6.12,750.0,COc1cccc(-c2cn(C3CCN(CC(=O)N(C)C)CC3)c3ncnc(N)c23)
1766,0.606215,0.0835,5.46,3500.0,CO[C@H]1[C@@H](N(C)C(=O)CNC(=O)OC(C)(C)C)C[C@@H]2O
1767,0.552789,0.0778,4.98,10590.0,COc1cc2ncc(C#N)c(Nc3ccc(F)c(Cl)c3)c2cc1NC(=O)/C=C/
1768,0.654006,0.0803,5.89,1300.0,CCCCC(O)CN(C)[C@H]1C[C@@H]2O[C@](C)([C@H]1OC)n1c3c
1769,0.995401,0.0803,8.96,1.1,Cc1cc(C(=O)NCCN2CCOCC2)[nH]c1/C=C1\C(=O)Nc2ncnc(Nc
1770,0.995401,0.0806,8.96,1.1,Cc1cc(C(=O)NCCN2CCOCC2)[nH]c1/C=C1\C(=O)Nc2ncnc(Nc
1771,0.590973,0.0743,5.32,4800.0,CO[C@H]1[C@@H](N(C)C(=O)c2cccc([N+](=O)[O-])c2)C[C
1772,0.654006,0.0843,5.89,1300.0,CCCCC(O)CN(C)[C@H]1C[C@@H]2O[C@](C)([C@H]1OC)n1c3c
1773,0.590573,0.0786,5.32,4840.0,CCN(CC)C(C)/C=C/C(=O)Nc1cc2c(Nc3ccc(F)c(Cl)c3)c(C#
1774,0.606215,0.0856,5.46,3500.0,CO[C@H]1[C@@H](N(C)C(=O)CNC(=O)OC(C)(C)C)C[C@@H]2O
1775,0.995401,0.0814,8.96,1.1,Cc1cc(C(=O)NCCN2CCOCC2)[nH]c1/C=C1\C(=O)Nc2ncnc(Nc
1776,0.606215,0.0822,5.46,3500.0,CO[C@H]1[C@@H](N(C)C(=O)CNC(=O)OC(C)(C)C)C[C@@H]2O
1777,0.654006,0.0802,5.89,1300.0,CCCCC(O)CN(C)[C@H]1C[C@@H]2O[C@](C)([C@H]1OC)n1c3c
1778,0.590973,0.0819,5.32,4800.0,CO[C@H]1[C@@H](N(C)C(=O)c2cccc([N+](=O)[O-])c2)C[C
1779,0.590573,0.0808,5.32,4840.0,CCN(CC)C(C)/C=C/C(=O)Nc1cc2c(Nc3ccc(F)c(Cl)c3)c(C#
1780,0.444444,0.0750,4.00,100000.0,CO[C@H]1[C@@H](N(C)C(=O)c2ccccc2)C[C@@H]2O[C@@]1(C
1781,0.590973,0.0869,5.32,4800.0,CO[C@H]1[C@@H](N(C)C(=O)c2cccc([N+](=O)[O-])c2)C[C
1782,0.606215,0.0895,5.46,3500.0,CO[C@H]1[C@@H](N(C)C(=O)CNC(=O)OC(C)(C)C)C[C@@H]2O
1783,0.606215,0.0807,5.46,3500.0,CO[C@H]1[C@@H](N(C)C(=O)CNC(=O)OC(C)(C)C)C[C@@H]2O
1784,0.606215,0.0742,5.46,3500.0,CO[C@H]1[C@@H](N(C)C(=O)CNC(=O)OC(C)(C)C)C[C@@H]2O
1785,0.586101,0.0796,5.27,5310.0,Cc1cc(C(=O)NCCN2CCOCC2)[nH]c1/C=C1\C(=O)N(C)c2ncnc
1786,0.590573,0.0866,5.32,4840.0,CCN(CC)C(C)/C=C/C(=O)Nc1cc2c(Nc3ccc(F)c(Cl)c3)c(C#
1787,0.995401,0.0781,8.96,1.1,Cc1cc(C(=O)NCCN2CCOCC2)[nH]c1/C=C1\C(=O)Nc2ncnc(Nc
1788,0.654006,0.0847,5.89,1300.0,CCCCC(O)CN(C)[C@H]1C[C@@H]2O[C@](C)([C@H]1OC)n1c3c
1789,0.888889,0.0789,8.00,10.0,CS(=O)(=O)CCNCc1ccc(-c2ccc3ncnc(Nc4ccc(OCc5cccc(F)
1790,0.654006,0.0813,5.89,1300.0,CCCCC(O)CN(C)[C@H]1C[C@@H]2O[C@](C)([C@H]1OC)n1c3c
1791,0.654006,0.0776,5.89,1300.0,CCCCC(O)CN(C)[C@H]1C[C@@H]2O[C@](C)([C@H]1OC)n1c3c
1792,0.565250,0.0786,5.09,8180.0,CO[C@H]1[C@@H](N(C)C(=O)c2cnccn2)C[C@@H]2O[C@@]1(C
1793,0.606215,0.0855,5.46,3500.0,CO[C@H]1[C@@H](N(C)C(=O)CNC(=O)OC(C)(C)C)C[C@@H]2O
1794,0.453333,0.0758,4.08,83176.4,COc1cc(/C=C(\C#N)C(N)=O)cc(CSc2nc3cc(Cl)ccc3s2)c1O
1795,0.606215,0.0805,5.46,3500.0,CO[C@H]1[C@@H](N(C)C(=O)CNC(=O)OC(C)(C)C)C[C@@H]2O
1796,0.654006,0.0825,5.89,1300.0,CCCCC(O)CN(C)[C@H]1C[C@@H]2O[C@](C)([C@H]1OC)n1c3c
1797,0.453333,0.0727,4.08,83176.4,COc1cc(/C=C(\C#N)C(N)=O)cc(CSc2nc3cc(Cl)ccc3s2)c1O
1798,0.846643,0.0819,7.62,24.0,CS(=O)(=O)CCNCCCCOc1ccc2ncnc(Nc3ccc4c(cnn4Cc4cccc(
1799,0.606215,0.0762,5.46,3500.0,CO[C@H]1[C@@H](N(C)C(=O)CNC(=O)OC(C)(C)C)C[C@@H]2O
1800,0.590573,0.0739,5.32,4840.0,CCN(CC)C(C)/C=C/C(=O)Nc1cc2c(Nc3ccc(F)c(Cl)c3)c(C#
1801,0.590573,0.0778,5.32,4840.0,CCN(CC)C(C)/C=C/C(=O)Nc1cc2c(Nc3ccc(F)c(Cl)c3)c(C#
1802,0.606215,0.0906,5.46,3500.0,CO[C@H]1[C@@H](N(C)C(=O)CNC(=O)OC(C)(C)C)C[C@@H]2O
1803,0.654006,0.0739,5.89,1300.0,CCCCC(O)CN(C)[C@H]1C[C@@H]2O[C@](C)([C@H]1OC)n1c3c
1804,0.654006,0.0823,5.89,1300.0,CCCCC(O)CN(C)[C@H]1C[C@@H]2O[C@](C)([C@H]1OC)n1c3c
1805,0.876229,0.0818,7.89,13.0,CCN1CCN(C(=O)c2cc(C)c(/C=C3\C(=O)Nc4ncnc(Nc5ccc(F)
1806,0.995401,0.0753,8.96,1.1,Cc1cc(C(=O)NCCN2CCOCC2)[nH]c1/C=C1\C(=O)Nc2ncnc(Nc
1807,0.696401,0.0799,6.27,540.0,CS(=O)(=O)CCNc1nc(-c2ccc3ncnc(Nc4ccc(OCc5cccc(C(F)
1808,0.654006,0.0902,5.89,1300.0,CCCCC(O)CN(C)[C@H]1C[C@@H]2O[C@](C)([C@H]1OC)n1c3c
1809,0.590973,0.0812,5.32,4800.0,CO[C@H]1[C@@H](N(C)C(=O)c2cccc([N+](=O)[O-])c2)C[C
1810,0.606215,0.0846,5.46,3500.0,CO[C@H]1[C@@H](N(C)C(=O)CNC(=O)OC(C)(C)C)C[C@@H]2O
1811,0.590973,0.0822,5.32,4800.0,CO[C@H]1[C@@H](N(C)C(=O)c2cccc([N+](=O)[O-])c2)C[C
1812,0.540824,0.0813,4.87,13570.0,COc1cc2ncc(C#N)c(Nc3ccc(F)c(Cl)c3)c2cc1NC(=O)/C=C/
1813,0.888889,0.0783,8.00,10.0,CS(=O)(=O)CCNCc1ccc(-c2ccc3ncnc(Nc4ccc(OCc5cccc(F)
1814,0.606215,0.0893,5.46,3500.0,CO[C@H]1[C@@H](N(C)C(=O)CNC(=O)OC(C)(C)C)C[C@@H]2O
1815,0.606215,0.0789,5.46,3500.0,CO[C@H]1[C@@H](N(C)C(=O)CNC(=O)OC(C)(C)C)C[C@@H]2O
1816,0.606215,0.0798,5.46,3500.0,CO[C@H]1[C@@H](N(C)C(=O)CNC(=O)OC(C)(C)C)C[C@@H]2O
1817,0.696401,0.0771,6.27,540.0,CS(=O)(=O)CCNc1nc(-c2ccc3ncnc(Nc4ccc(OCc5cccc(C(F)
1818,0.654006,0.0796,5.89,1300.0,CCCCC(O)CN(C)[C@H]1C[C@@H]2O[C@](C)([C@H]1OC)n1c3c
1819,0.606215,0.0781,5.46,3500.0,CO[C@H]1[C@@H](N(C)C(=O)CNC(=O)OC(C)(C)C)C[C@@H]2O
1820,0.552789,0.0905,4.98,10590.0,COc1cc2ncc(C#N)c(Nc3ccc(F)c(Cl)c3)c2cc1NC(=O)/C=C/
1821,0.590973,0.0799,5.32,4800.0,CO[C@H]1[C@@H](N(C)C(=O)c2cccc([N+](=O)[O-])c2)C[C
1822,0.586101,0.0779,5.27,5310.0,Cc1cc(C(=O)NCCN2CCOCC2)[nH]c1/C=C1\C(=O)N(C)c2ncnc
1823,0.888889,0.0830,8.00,10.0,CS(=O)(=O)CCNc1nc(-c2ccc3ncnc(Nc4ccc(OCc5cccc(F)c5
1824,0.606215,0.0794,5.46,3500.0,CO[C@H]1[C@@H](N(C)C(=O)CNC(=O)OC(C)(C)C)C[C@@H]2O
1825,0.794305,0.0787,7.15,71.0,CS(=O)(=O)CCNc1nc(-c2ccc3ncnc(Nc4ccc5c(cnn5Cc5cccc
1826,0.654006,0.0904,5.89,1300.0,CCCCC(O)CN(C)[C@H]1C[C@@H]2O[C@](C)([C@H]1OC)n1c3c
1827,0.971636,0.0772,8.74,1.8,Cc1cc(C(=O)N2CCOCC2)[nH]c1/C=C1\C(=O)Nc2ncnc(Nc3cc
1828,0.654006,0.0803,5.89,1300.0,CCCCC(O)CN(C)[C@H]1C[C@@H]2O[C@](C)([C@H]1OC)n1c3c
1829,0.590573,0.0790,5.32,4840.0,CCN(CC)C(C)/C=C/C(=O)Nc1cc2c(Nc3ccc(F)c(Cl)c3)c(C#
1830,0.971636,0.0750,8.74,1.8,Cc1cc(C(=O)N2CCOCC2)[nH]c1/C=C1\C(=O)Nc2ncnc(Nc3cc
1831,0.606215,0.0756,5.46,3500.0,CO[C@H]1[C@@H](N(C)C(=O)CNC(=O)OC(C)(C)C)C[C@@H]2O
1832,0.995401,0.0798,8.96,1.1,Cc1cc(C(=O)NCCN2CCOCC2)[nH]c1/C=C1\C(=O)Nc2ncnc(Nc
1833,0.461656,0.0766,4.15,70000.0,CO[C@H]1[C@@H](N(C)C(=O)c2cc([N+](=O)[O-])cc([N+](
1834,0.927421,0.0728,8.35,4.5,Cc1cc(C(=O)N2CCOCC2)[nH]c1/C=C1\C(=O)Nc2ncnc(Nc3cc
1835,0.927421,0.0761,8.35,4.5,Cc1cc(C(=O)N2CCOCC2)[nH]c1/C=C1\C(=O)Nc2ncnc(Nc3cc
1836,0.680549,0.0801,6.12,750.0,COc1cccc(-c2cn(C3CCN(CC(=O)N(C)C)CC3)c3ncnc(N)c23)
1837,0.606215,0.0823,5.46,3500.0,CO[C@H]1[C@@H](N(C)C(=O)CNC(=O)OC(C)(C)C)C[C@@H]2O
1838,0.654006,0.0851,5.89,1300.0,CCCCC(O)CN(C)[C@H]1C[C@@H]2O[C@](C)([C@H]1OC)n1c3c
1839,0.606215,0.0907,5.46,3500.0,CO[C@H]1[C@@H](N(C)C(=O)CNC(=O)OC(C)(C)C)C[C@@H]2O
1840,0.606215,0.0790,5.46,3500.0,CO[C@H]1[C@@H](N(C)C(=O)CNC(=O)OC(C)(C)C)C[C@@H]2O
1841,0.453333,0.0745,4.08,83176.4,COc1cc(/C=C(\C#N)C(N)=O)cc(CSc2nc3cc(Cl)ccc3s2)c1O
1842,0.552789,0.0801,4.98,10590.0,COc1cc2ncc(C#N)c(Nc3ccc(F)c(Cl)c3)c2cc1NC(=O)/C=C/
1843,0.590573,0.0804,5.32,4840.0,CCN(CC)C(C)/C=C/C(=O)Nc1cc2c(Nc3ccc(F)c(Cl)c3)c(C#
1844,0.744330,0.0710,6.70,200.0,CCN(CC)CCNC(=O)c1c(C)[nH]c(/C=C2\C(=O)Nc3ncnc(Nc4c
1845,0.696401,0.0765,6.27,540.0,CS(=O)(=O)CCNc1nc(-c2ccc3ncnc(Nc4ccc(OCc5cccc(C(F)
1846,0.606215,0.0769,5.46,3500.0,CO[C@H]1[C@@H](N(C)C(=O)CNC(=O)OC(C)(C)C)C[C@@H]2O
1847,0.606215,0.0900,5.46,3500.0,CO[C@H]1[C@@H](N(C)C(=O)CNC(=O)OC(C)(C)C)C[C@@H]2O
1848,0.590573,0.0787,5.32,4840.0,CCN(CC)C(C)/C=C/C(=O)Nc1cc2c(Nc3ccc(F)c(Cl)c3)c(C#
1849,0.590973,0.0764,5.32,4800.0,CO[C@H]1[C@@H](N(C)C(=O)c2cccc([N+](=O)[O-])c2)C[C
1850,0.590973,0.0885,5.32,4800.0,CO[C@H]1[C@@H](N(C)C(=O)c2cccc([N+](=O)[O-])c2)C[C
1851,0.654006,0.0844,5.89,1300.0,CCCCC(O)CN(C)[C@H]1C[C@@H]2O[C@](C)([C@H]1OC)n1c3c
1852,0.723182,0.0804,6.51,310.0,COCCNCCN1CCC(n2cc(-c3cccc(OC)c3)c3c(N)ncnc32)CC1
1853,0.552789,0.0872,4.98,10590.0,COc1cc2ncc(C#N)c(Nc3ccc(F)c(Cl)c3)c2cc1NC(=O)/C=C/
1854,0.606215,0.0821,5.46,3500.0,CO[C@H]1[C@@H](N(C)C(=O)CNC(=O)OC(C)(C)C)C[C@@H]2O
1855,0.794305,0.0754,7.15,71.0,CS(=O)(=O)CCNc1nc(-c2ccc3ncnc(Nc4ccc5c(cnn5Cc5cccc
1856,0.696401,0.0811,6.27,540.0,CS(=O)(=O)CCNc1nc(-c2ccc3ncnc(Nc4ccc(OCc5cccc(C(F)
1857,0.909676,0.0815,8.19,6.5,Cc1cc(C(=O)NCCN2CCOCC2)[nH]c1/C=C1\C(=O)Nc2ncnc(Nc
1858,0.606215,0.0722,5.46,3500.0,CO[C@H]1[C@@H](N(C)C(=O)CNC(=O)OC(C)(C)C)C[C@@H]2O
1859,0.552789,0.0802,4.98,10590.0,COc1cc2ncc(C#N)c(Nc3ccc(F)c(Cl)c3)c2cc1NC(=O)/C=C/
1860,0.696401,0.0772,6.27,540.0,CS(=O)(=O)CCNc1nc(-c2ccc3ncnc(Nc4ccc(OCc5cccc(C(F)
1861,0.552789,0.0827,4.98,10590.0,COc1cc2ncc(C#N)c(Nc3ccc(F)c(Cl)c3)c2cc1NC(=O)/C=C/
1862,0.654006,0.0719,5.89,1300.0,CCCCC(O)CN(C)[C@H]1C[C@@H]2O[C@](C)([C@H]1OC)n1c3c
1863,0.552789,0.0790,4.98,10590.0,COc1cc2ncc(C#N)c(Nc3ccc(F)c(Cl)c3)c2cc1NC(=O)/C=C/
1864,0.606215,0.0857,5.46,3500.0,CO[C@H]1[C@@H](N(C)C(=O)CNC(=O)OC(C)(C)C)C[C@@H]2O
1865,0.590973,0.0836,5.32,4800.0,CO[C@H]1[C@@H](N(C)C(=O)c2cccc([N+](=O)[O-])c2)C[C
1866,0.552789,0.0771,4.98,10590.0,COc1cc2ncc(C#N)c(Nc3ccc(F)c(Cl)c3)c2cc1NC(=O)/C=C/
1867,0.590973,0.0839,5.32,4800.0,CO[C@H]1[C@@H](N(C)C(=O)c2cccc([N+](=O)[O-])c2)C[C
1868,0.654006,0.0797,5.89,1300.0,CCCCC(O)CN(C)[C@H]1C[C@@H]2O[C@](C)([C@H]1OC)n1c3c
1869,0.654006,0.0838,5.89,1300.0,CCCCC(O)CN(C)[C@H]1C[C@@H]2O[C@](C)([C@H]1OC)n1c3c
1870,0.654006,0.0832,5.89,1300.0,CCCCC(O)CN(C)[C@H]1C[C@@H]2O[C@](C)([C@H]1OC)n1c3c
1871,0.654006,0.0791,5.89,1300.0,CCCCC(O)CN(C)[C@H]1C[C@@H]2O[C@](C)([C@H]1OC)n1c3c
1872,0.590973,0.0773,5.32,4800.0,CO[C@H]1[C@@H](N(C)C(=O)c2cccc([N+](=O)[O-])c2)C[C
1873,0.606215,0.0871,5.46,3500.0,CO[C@H]1[C@@H](N(C)C(=O)CNC(=O)OC(C)(C)C)C[C@@H]2O
1874,0.606215,0.0798,5.46,3500.0,CO[C@H]1[C@@H](N(C)C(=O)CNC(=O)OC(C)(C)C)C[C@@H]2O
1875,0.606215,0.0809,5.46,3500.0,CO[C@H]1[C@@H](N(C)C(=O)CNC(=O)OC(C)(C)C)C[C@@H]2O
1876,0.552789,0.0868,4.98,10590.0,COc1cc2ncc(C#N)c(Nc3ccc(F)c(Cl)c3)c2cc1NC(=O)/C=C/
1877,0.654006,0.0794,5.89,1300.0,CCCCC(O)CN(C)[C@H]1C[C@@H]2O[C@](C)([C@H]1OC)n1c3c
1878,0.696401,0.0760,6.27,540.0,CS(=O)(=O)CCNc1nc(-c2ccc3ncnc(Nc4ccc(OCc5cccc(C(F)
1879,0.565250,0.0833,5.09,8180.0,CO[C@H]1[C@@H](N(C)C(=O)c2cccnc2)C[C@@H]2O[C@@]1(C
1880,1.000000,0.0742,9.35,0.5,CCN(CC)CC(O)CNC(=O)c1cc(C)c(/C=C2\C(=O)Nc3ncnc(Nc4
1881,0.606215,0.0888,5.46,3500.0,CO[C@H]1[C@@H](N(C)C(=O)CNC(=O)OC(C)(C)C)C[C@@H]2O
1882,0.654006,0.0848,5.89,1300.0,CCCCC(O)CN(C)[C@H]1C[C@@H]2O[C@](C)([C@H]1OC)n1c3c
1883,0.846643,0.0852,7.62,24.0,CS(=O)(=O)CCNCCCCOc1ccc2ncnc(Nc3ccc4c(cnn4Cc4cccc(
1884,0.696401,0.0859,6.27,540.0,CS(=O)(=O)CCNc1nc(-c2ccc3ncnc(Nc4ccc(OCc5cccc(C(F)
1885,0.565250,0.0775,5.09,8180.0,CO[C@H]1[C@@H](N(C)C(=O)c2cccnc2)C[C@@H]2O[C@@]1(C
1886,0.927421,0.0808,8.35,4.5,Cc1cc(C(=O)N2CCOCC2)[nH]c1/C=C1\C(=O)Nc2ncnc(Nc3cc
1887,0.995401,0.0800,8.96,1.1,Cc1cc(C(=O)NCCN2CCOCC2)[nH]c1/C=C1\C(=O)Nc2ncnc(Nc
1888,0.995401,0.0833,8.96,1.1,Cc1cc(C(=O)NCCN2CCOCC2)[nH]c1/C=C1\C(=O)Nc2ncnc(Nc
1889,0.654006,0.0814,5.89,1300.0,CCCCC(O)CN(C)[C@H]1C[C@@H]2O[C@](C)([C@H]1OC)n1c3c
1890,0.654006,0.0800,5.89,1300.0,CCCCC(O)CN(C)[C@H]1C[C@@H]2O[C@](C)([C@H]1OC)n1c3c
1891,0.696401,0.0827,6.27,540.0,CS(=O)(=O)CCNc1nc(-c2ccc3ncnc(Nc4ccc(OCc5cccc(C(F)
1892,0.888889,0.0760,8.00,10.0,CS(=O)(=O)CCNc1nc(-c2ccc3ncnc(Nc4ccc(OCc5cccc(F)c5
1893,0.995401,0.0797,8.96,1.1,Cc1cc(C(=O)NCCN2CCOCC2)[nH]c1/C=C1\C(=O)Nc2ncnc(Nc
1894,0.995401,0.0779,8.96,1.1,Cc1cc(C(=O)NCCN2CCOCC2)[nH]c1/C=C1\C(=O)Nc2ncnc(Nc
1895,0.453333,0.0845,4.08,83176.4,COc1cc(/C=C(\C#N)C(N)=O)cc(CSc2nc3cc(Cl)ccc3s2)c1O
1896,0.888889,0.0770,8.00,10.0,CS(=O)(=O)CCNc1nc(-c2ccc3ncnc(Nc4ccc(OCc5cccc(F)c5
1897,0.654006,0.0820,5.89,1300.0,CCCCC(O)CN(C)[C@H]1C[C@@H]2O[C@](C)([C@H]1OC)n1c3c
1898,0.606215,0.0909,5.46,3500.0,CO[C@H]1[C@@H](N(C)C(=O)CNC(=O)OC(C)(C)C)C[C@@H]2O
1899,0.654006,0.0744,5.89,1300.0,CCCCC(O)CN(C)[C@H]1C[C@@H]2O[C@](C)([C@H]1OC)n1c3c
1900,0.696401,0.0796,6.27,540.0,CS(=O)(=O)CCNc1nc(-c2ccc3ncnc(Nc4ccc(OCc5cccc(C(F)
1901,0.606215,0.0817,5.46,3500.0,CO[C@H]1[C@@H](N(C)C(=O)CNC(=O)OC(C)(C)C)C[C@@H]2O
1902,0.606215,0.0809,5.46,3500.0,CO[C@H]1[C@@H](N(C)C(=O)CNC(=O)OC(C)(C)C)C[C@@H]2O
1903,0.606215,0.0899,5.46,3500.0,CO[C@H]1[C@@H](N(C)C(=O)CNC(=O)OC(C)(C)C)C[C@@H]2O
1904,0.606215,0.0796,5.46,3500.0,CO[C@H]1[C@@H](N(C)C(=O)CNC(=O)OC(C)(C)C)C[C@@H]2O
1905,0.888889,0.0877,8.00,10.0,CS(=O)(=O)CCNc1nc(-c2ccc3ncnc(Nc4ccc(OCc5cccc(F)c5
1906,0.675658,0.0789,6.08,830.0,COC(=O)CN1CCC(n2cc(-c3cccc(OC)c3)c3c(N)ncnc32)C1
1907,0.888889,0.0739,8.00,10.0,CS(=O)(=O)CCNCc1ccc(-c2ccc3ncnc(Nc4ccc(OCc5cccc(F)
1908,0.654006,0.0847,5.89,1300.0,CCCCC(O)CN(C)[C@H]1C[C@@H]2O[C@](C)([C@H]1OC)n1c3c
1909,0.654006,0.0840,5.89,1300.0,CCCCC(O)CN(C)[C@H]1C[C@@H]2O[C@](C)([C@H]1OC)n1c3c
1910,0.971636,0.0772,8.74,1.8,Cc1cc(C(=O)N2CCOCC2)[nH]c1/C=C1\C(=O)Nc2ncnc(Nc3cc
1911,0.654006,0.0747,5.89,1300.0,CCCCC(O)CN(C)[C@H]1C[C@@H]2O[C@](C)([C@H]1OC)n1c3c
1912,0.749414,0.0737,6.74,180.0,Cc1[nH]c(/C=C2\C(=O)Nc3ncnc(Nc4ccc(F)c(Cl)c4)c32)c
1913,0.696401,0.0754,6.27,540.0,CS(=O)(=O)CCNc1nc(-c2ccc3ncnc(Nc4ccc(OCc5cccc(C(F)
1914,0.552789,0.0773,4.98,10590.0,COc1cc2ncc(C#N)c(Nc3ccc(F)c(Cl)c3)c2cc1NC(=O)/C=C/
1915,0.619822,0.0832,5.58,2640.0,CN(C)C/C=C/C(=O)Nc1cc2c(Nc3ccc(F)c(Cl)c3)c(C#N)cnc
1916,0.995401,0.0719,8.96,1.1,Cc1cc(C(=O)NCCN2CCOCC2)[nH]c1/C=C1\C(=O)Nc2ncnc(Nc
1917,0.794305,0.0714,7.15,71.0,CS(=O)(=O)CCNc1nc(-c2ccc3ncnc(Nc4ccc5c(cnn5Cc5cccc
1918,0.654006,0.0737,5.89,1300.0,CCCCC(O)CN(C)[C@H]1C[C@@H]2O[C@](C)([C@H]1OC)n1c3c
1919,0.696401,0.0754,6.27,540.0,CS(=O)(=O)CCNc1nc(-c2ccc3ncnc(Nc4ccc(OCc5cccc(C(F)
1920,0.654006,0.0815,5.89,1300.0,CCCCC(O)CN(C)[C@H]1C[C@@H]2O[C@](C)([C@H]1OC)n1c3c
1921,0.606215,0.0944,5.46,3500.0,CO[C@H]1[C@@H](N(C)C(=O)CNC(=O)OC(C)(C)C)C[C@@H]2O
1922,0.696401,0.0804,6.27,540.0,CS(=O)(=O)CCNc1nc(-c2ccc3ncnc(Nc4ccc(OCc5cccc(C(F)
1923,0.552789,0.0883,4.98,10590.0,COc1cc2ncc(C#N)c(Nc3ccc(F)c(Cl)c3)c2cc1NC(=O)/C=C/
1924,0.670169,0.0806,6.03,930.0,COCCN(C)CCN1CCC(n2cc(-c3cccc(OC)c3)c3c(N)ncnc32)CC
1925,0.654006,0.0843,5.89,1300.0,CCCCC(O)CN(C)[C@H]1C[C@@H]2O[C@](C)([C@H]1OC)n1c3c
1926,0.590973,0.0772,5.32,4800.0,CO[C@H]1[C@@H](N(C)C(=O)c2cccc([N+](=O)[O-])c2)C[C
1927,0.696401,0.0788,6.27,540.0,CS(=O)(=O)CCNc1nc(-c2ccc3ncnc(Nc4ccc(OCc5cccc(C(F)
1928,0.720165,0.0782,6.48,330.0,COc1cccc(-c2cn(C3CC(C(=O)NCCO)C3)c3ncnc(N)c23)c1
1929,0.846643,0.0788,7.62,24.0,CS(=O)(=O)CCNCCCCOc1ccc2ncnc(Nc3ccc4c(cnn4Cc4cccc(
1930,0.654006,0.0786,5.89,1300.0,CCCCC(O)CN(C)[C@H]1C[C@@H]2O[C@](C)([C@H]1OC)n1c3c
1931,0.590573,0.0833,5.32,4840.0,CCN(CC)C(C)/C=C/C(=O)Nc1cc2c(Nc3ccc(F)c(Cl)c3)c(C#
1932,0.552789,0.0771,4.98,10590.0,COc1cc2ncc(C#N)c(Nc3ccc(F)c(Cl)c3)c2cc1NC(=O)/C=C/
1933,0.537778,0.0808,4.84,14454.4,COc1cc(/C=C(\C#N)C(N)=O)cc(CSc2nc3ccccc3[nH]2)c1O
1934,0.696401,0.0796,6.27,540.0,CS(=O)(=O)CCNc1nc(-c2ccc3ncnc(Nc4ccc(OCc5cccc(C(F)
1935,0.927421,0.0753,8.35,4.5,Cc1cc(C(=O)N2CCOCC2)[nH]c1/C=C1\C(=O)Nc2ncnc(Nc3cc
1936,0.606215,0.0849,5.46,3500.0,CO[C@H]1[C@@H](N(C)C(=O)CNC(=O)OC(C)(C)C)C[C@@H]2O
1937,0.888889,0.0822,8.00,10.0,CS(=O)(=O)CCNCc1ccc(-c2ccc3ncnc(Nc4ccc(OCc5cccc(F)
1938,0.552789,0.0793,4.98,10590.0,COc1cc2ncc(C#N)c(Nc3ccc(F)c(Cl)c3)c2cc1NC(=O)/C=C/
1939,0.593027,0.0784,5.34,4600.0,CO[C@H]1[C@@H](N(C)C(=O)c2cccc(Cl)c2)C[C@@H]2O[C@@
1940,0.971636,0.0808,8.74,1.8,Cc1cc(C(=O)N2CCOCC2)[nH]c1/C=C1\C(=O)Nc2ncnc(Nc3cc
1941,0.846643,0.0786,7.62,24.0,CS(=O)(=O)CCNCCCCOc1ccc2ncnc(Nc3ccc4c(cnn4Cc4cccc(
1942,0.606215,0.0825,5.46,3500.0,CO[C@H]1[C@@H](N(C)C(=O)CNC(=O)OC(C)(C)C)C[C@@H]2O
1943,0.606215,0.0758,5.46,3500.0,CO[C@H]1[C@@H](N(C)C(=O)CNC(=O)OC(C)(C)C)C[C@@H]2O
1944,0.590973,0.0814,5.32,4800.0,CO[C@H]1[C@@H](N(C)C(=O)c2cccc([N+](=O)[O-])c2)C[C
1945,0.680549,0.0717,6.12,750.0,COc1cccc(-c2cn(C3CCN(CC(=O)N(C)C)CC3)c3ncnc(N)c23)
1946,0.590973,0.0792,5.32,4800.0,CO[C@H]1[C@@H](N(C)C(=O)c2cccc([N+](=O)[O-])c2)C[C
1947,0.590573,0.0803,5.32,4840.0,CCN(CC)C(C)/C=C/C(=O)Nc1cc2c(Nc3ccc(F)c(Cl)c3)c(C#
1948,0.590573,0.0768,5.32,4840.0,CCN(CC)C(C)/C=C/C(=O)Nc1cc2c(Nc3ccc(F)c(Cl)c3)c(C#
1949,0.606215,0.0729,5.46,3500.0,CO[C@H]1[C@@H](N(C)C(=O)CNC(=O)OC(C)(C)C)C[C@@H]2O
1950,0.565250,0.0760,5.09,8180.0,CO[C@H]1[C@@H](N(C)C(=O)c2cccnc2)C[C@@H]2O[C@@]1(C
1951,0.606215,0.0779,5.46,3500.0,CO[C@H]1[C@@H](N(C)C(=O)CNC(=O)OC(C)(C)C)C[C@@H]2O
1952,0.606215,0.0881,5.46,3500.0,CO[C@H]1[C@@H](N(C)C(=O)CNC(=O)OC(C)(C)C)C[C@@H]2O
1953,0.675658,0.0755,6.08,830.0,COC(=O)CN1CCC(n2cc(-c3cccc(OC)c3)c3c(N)ncnc32)C1
1954,0.696401,0.0801,6.27,540.0,CS(=O)(=O)CCNc1nc(-c2ccc3ncnc(Nc4ccc(OCc5cccc(C(F)
1955,0.590573,0.0796,5.32,4840.0,CCN(CC)C(C)/C=C/C(=O)Nc1cc2c(Nc3ccc(F)c(Cl)c3)c(C#
1956,0.606215,0.0794,5.46,3500.0,CO[C@H]1[C@@H](N(C)C(=O)CNC(=O)OC(C)(C)C)C[C@@H]2O
1957,0.606215,0.0848,5.46,3500.0,CO[C@H]1[C@@H](N(C)C(=O)CNC(=O)OC(C)(C)C)C[C@@H]2O
1958,0.552789,0.0781,4.98,10590.0,COc1cc2ncc(C#N)c(Nc3ccc(F)c(Cl)c3)c2cc1NC(=O)/C=C/
1959,0.696401,0.0718,6.27,540.0,CS(=O)(=O)CCNc1nc(-c2ccc3ncnc(Nc4ccc(OCc5cccc(C(F)
1960,0.444444,0.0844,4.00,100000.0,COC(=O)CN1Cc2c(c3c4ccccc4n4c3c3c2c2ccccc2n3[C@]2(C
1961,0.606215,0.0768,5.46,3500.0,CO[C@H]1[C@@H](N(C)C(=O)CNC(=O)OC(C)(C)C)C[C@@H]2O
1962,0.606215,0.0748,5.46,3500.0,CO[C@H]1[C@@H](N(C)C(=O)CNC(=O)OC(C)(C)C)C[C@@H]2O
1963,0.444444,0.0735,4.00,100000.0,COC(=O)CN1Cc2c(c3c4ccccc4n4c3c3c2c2ccccc2n3[C@]2(C
1964,0.444444,0.0838,4.00,100000.0,COC(=O)CN1Cc2c(c3c4ccccc4n4c3c3c2c2ccccc2n3[C@]2(C
1965,0.696401,0.0748,6.27,540.0,CS(=O)(=O)CCNc1nc(-c2ccc3ncnc(Nc4ccc(OCc5cccc(C(F)
1966,0.696401,0.0792,6.27,540.0,CS(=O)(=O)CCNc1nc(-c2ccc3ncnc(Nc4ccc(OCc5cccc(C(F)
1967,0.593027,0.0732,5.34,4600.0,CO[C@H]1[C@@H](N(C)C(=O)c2cccc(Cl)c2)C[C@@H]2O[C@@
1968,0.888889,0.0745,8.00,10.0,CS(=O)(=O)CCNc1nc(-c2ccc3ncnc(Nc4ccc(OCc5cccc(F)c5
1969,0.586101,0.0836,5.27,5310.0,Cc1cc(C(=O)NCCN2CCOCC2)[nH]c1/C=C1\C(=O)N(C)c2ncnc
1970,0.552789,0.0785,4.98,10590.0,COc1cc2ncc(C#N)c(Nc3ccc(F)c(Cl)c3)c2cc1NC(=O)/C=C/
1971,0.606215,0.0917,5.46,3500.0,CO[C@H]1[C@@H](N(C)C(=O)CNC(=O)OC(C)(C)C)C[C@@H]2O
1972,0.586101,0.0880,5.27,5310.0,Cc1cc(C(=O)NCCN2CCOCC2)[nH]c1/C=C1\C(=O)N(C)c2ncnc
1973,0.606215,0.0790,5.46,3500.0,CO[C@H]1[C@@H](N(C)C(=O)CNC(=O)OC(C)(C)C)C[C@@H]2O
1974,0.606215,0.0848,5.46,3500.0,CO[C@H]1[C@@H](N(C)C(=O)CNC(=O)OC(C)(C)C)C[C@@H]2O
1975,1.000000,0.0772,9.35,0.5,CCN(CC)CC(O)CNC(=O)c1cc(C)c(/C=C2\C(=O)Nc3ncnc(Nc4
1976,0.696401,0.0773,6.27,540.0,CS(=O)(=O)CCNc1nc(-c2ccc3ncnc(Nc4ccc(OCc5cccc(C(F)
1977,0.606215,0.0737,5.46,3500.0,CO[C@H]1[C@@H](N(C)C(=O)CNC(=O)OC(C)(C)C)C[C@@H]2O
1978,0.696401,0.0777,6.27,540.0,CS(=O)(=O)CCNc1nc(-c2ccc3ncnc(Nc4ccc(OCc5cccc(C(F)
1979,0.654006,0.0830,5.89,1300.0,CCCCC(O)CN(C)[C@H]1C[C@@H]2O[C@](C)([C@H]1OC)n1c3c
1980,0.606215,0.0794,5.46,3500.0,CO[C@H]1[C@@H](N(C)C(=O)CNC(=O)OC(C)(C)C)C[C@@H]2O
1981,0.606215,0.0844,5.46,3500.0,CO[C@H]1[C@@H](N(C)C(=O)CNC(=O)OC(C)(C)C)C[C@@H]2O
1982,0.606215,0.0844,5.46,3500.0,CO[C@H]1[C@@H](N(C)C(=O)CNC(=O)OC(C)(C)C)C[C@@H]2O
1983,0.606215,0.0919,5.46,3500.0,CO[C@H]1[C@@H](N(C)C(=O)CNC(=O)OC(C)(C)C)C[C@@H]2O
1984,0.590973,0.0733,5.32,4800.0,CO[C@H]1[C@@H](N(C)C(=O)c2cccc([N+](=O)[O-])c2)C[C
1985,0.606215,0.0777,5.46,3500.0,CO[C@H]1[C@@H](N(C)C(=O)CNC(=O)OC(C)(C)C)C[C@@H]2O
1986,0.696401,0.0801,6.27,540.0,CS(=O)(=O)CCNc1nc(-c2ccc3ncnc(Nc4ccc(OCc5cccc(C(F)
1987,0.606215,0.0889,5.46,3500.0,CO[C@H]1[C@@H](N(C)C(=O)CNC(=O)OC(C)(C)C)C[C@@H]2O
1988,0.590573,0.0797,5.32,4840.0,CCN(CC)C(C)/C=C/C(=O)Nc1cc2c(Nc3ccc(F)c(Cl)c3)c(C#
1989,0.888889,0.0759,8.00,10.0,CS(=O)(=O)CCNCc1ccc(-c2ccc3ncnc(Nc4ccc(OCc5cccc(F)
1990,0.444444,0.0819,4.00,100000.0,COC(=O)CN1Cc2c(c3c4ccccc4n4c3c3c2c2ccccc2n3[C@]2(C
1991,0.654006,0.0798,5.89,1300.0,CCCCC(O)CN(C)[C@H]1C[C@@H]2O[C@](C)([C@H]1OC)n1c3c
1992,0.971636,0.0817,8.74,1.8,Cc1cc(C(=O)N2CCOCC2)[nH]c1/C=C1\C(=O)Nc2ncnc(Nc3cc
1993,0.654006,0.0781,5.89,1300.0,CCCCC(O)CN(C)[C@H]1C[C@@H]2O[C@](C)([C@H]1OC)n1c3c
1994,0.453333,0.0768,4.08,83176.4,COc1cc(/C=C(\C#N)C(N)=O)cc(CSc2nc3cc(Cl)ccc3s2)c1O
1995,0.606215,0.0756,5.46,3500.0,CO[C@H]1[C@@H](N(C)C(=O)CNC(=O)OC(C)(C)C)C[C@@H]2O
1996,0.593027,0.0779,5.34,4600.0,CO[C@H]1[C@@H](N(C)C(=O)c2cccc(Cl)c2)C[C@@H]2O[C@@
1997,0.654006,0.0825,5.89,1300.0,CCCCC(O)CN(C)[C@H]1C[C@@H]2O[C@](C)([C@H]1OC)n1c3c
1998,0.586101,0.0775,5.27,5310.0,Cc1cc(C(=O)NCCN2CCOCC2)[nH]c1/C=C1\C(=O)N(C)c2ncnc
1999,0.701089,0.0723,6.31,490.0,COc1cccc(-c2cn(C3CC(CNCCO)C3)c3ncnc(N)c23)c1
2000,0.654006,0.0818,5.89,1300.0,CCCCC(O)CN(C)[C@H]1C[C@@H]2O[C@](C)([C@H]1OC)n1c3c
2001,0.696401,0.0782,6.27,540.0,CS(=O)(=O)CCNc1nc(-c2ccc3ncnc(Nc4ccc(OCc5cccc(C(F)
2002,0.552789,0.0736,4.98,10590.0,COc1cc2ncc(C#N)c(Nc3ccc(F)c(Cl)c3)c2cc1NC(=O)/C=C/
2003,0.590973,0.0797,5.32,4800.0,CO[C@H]1[C@@H](N(C)C(=O)c2cccc([N+](=O)[O-])c2)C[C
2004,0.606215,0.0845,5.46,3500.0,CO[C@H]1[C@@H](N(C)C(=O)CNC(=O)OC(C)(C)C)C[C@@H]2O
2005,0.606215,0.0922,5.46,3500.0,CO[C@H]1[C@@H](N(C)C(=O)CNC(=O)OC(C)(C)C)C[C@@H]2O
2006,0.590973,0.0866,5.32,4800.0,CO[C@H]1[C@@H](N(C)C(=O)c2cccc([N+](=O)[O-])c2)C[C
2007,0.971636,0.0793,8.74,1.8,Cc1cc(C(=O)N2CCOCC2)[nH]c1/C=C1\C(=O)Nc2ncnc(Nc3cc
2008,0.606215,0.0842,5.46,3500.0,CO[C@H]1[C@@H](N(C)C(=O)CNC(=O)OC(C)(C)C)C[C@@H]2O
2009,0.606215,0.0815,5.46,3500.0,CO[C@H]1[C@@H](N(C)C(=O)CNC(=O)OC(C)(C)C)C[C@@H]2O
2010,0.606215,0.0728,5.46,3500.0,CO[C@H]1[C@@H](N(C)C(=O)CNC(=O)OC(C)(C)C)C[C@@H]2O
2011,0.606215,0.0944,5.46,3500.0,CO[C@H]1[C@@H](N(C)C(=O)CNC(=O)OC(C)(C)C)C[C@@H]2O
2012,0.606215,0.0829,5.46,3500.0,CO[C@H]1[C@@H](N(C)C(=O)CNC(=O)OC(C)(C)C)C[C@@H]2O
2013,0.654006,0.0931,5.89,1300.0,CCCCC(O)CN(C)[C@H]1C[C@@H]2O[C@](C)([C@H]1OC)n1c3c
2014,0.586101,0.0787,5.27,5310.0,Cc1cc(C(=O)NCCN2CCOCC2)[nH]c1/C=C1\C(=O)N(C)c2ncnc
2015,0.606215,0.0848,5.46,3500.0,CO[C@H]1[C@@H](N(C)C(=O)CNC(=O)OC(C)(C)C)C[C@@H]2O
2016,0.720165,0.0737,6.48,330.0,COc1cccc(-c2cn(C3CC(C(=O)NCCO)C3)c3ncnc(N)c23)c1
2017,0.606215,0.0809,5.46,3500.0,CO[C@H]1[C@@H](N(C)C(=O)CNC(=O)OC(C)(C)C)C[C@@H]2O
2018,0.654006,0.0795,5.89,1300.0,CCCCC(O)CN(C)[C@H]1C[C@@H]2O[C@](C)([C@H]1OC)n1c3c
2019,0.552789,0.0798,4.98,10590.0,COc1cc2ncc(C#N)c(Nc3ccc(F)c(Cl)c3)c2cc1NC(=O)/C=C/
2020,0.552789,0.0811,4.98,10590.0,COc1cc2ncc(C#N)c(Nc3ccc(F)c(Cl)c3)c2cc1NC(=O)/C=C/
2021,0.606215,0.0709,5.46,3500.0,CO[C@H]1[C@@H](N(C)C(=O)CNC(=O)OC(C)(C)C)C[C@@H]2O
2022,0.590573,0.0743,5.32,4840.0,CCN(CC)C(C)/C=C/C(=O)Nc1cc2c(Nc3ccc(F)c(Cl)c3)c(C#
2023,0.995401,0.0741,8.96,1.1,Cc1cc(C(=O)NCCN2CCOCC2)[nH]c1/C=C1\C(=O)Nc2ncnc(Nc
2024,0.927421,0.0808,8.35,4.5,Cc1cc(C(=O)N2CCOCC2)[nH]c1/C=C1\C(=O)Nc2ncnc(Nc3cc
2025,0.606215,0.0911,5.46,3500.0,CO[C@H]1[C@@H](N(C)C(=O)CNC(=O)OC(C)(C)C)C[C@@H]2O
2026,0.995401,0.0756,8.96,1.1,Cc1cc(C(=O)NCCN2CCOCC2)[nH]c1/C=C1\C(=O)Nc2ncnc(Nc
2027,0.590973,0.0880,5.32,4800.0,CO[C@H]1[C@@H](N(C)C(=O)c2cccc([N+](=O)[O-])c2)C[C
2028,0.552789,0.0847,4.98,10590.0,COc1cc2ncc(C#N)c(Nc3ccc(F)c(Cl)c3)c2cc1NC(=O)/C=C/
2029,0.696401,0.0735,6.27,540.0,CS(=O)(=O)CCNc1nc(-c2ccc3ncnc(Nc4ccc(OCc5cccc(C(F)
2030,0.606215,0.0822,5.46,3500.0,CO[C@H]1[C@@H](N(C)C(=O)CNC(=O)OC(C)(C)C)C[C@@H]2O
2031,0.606215,0.0765,5.46,3500.0,CO[C@H]1[C@@H](N(C)C(=O)CNC(=O)OC(C)(C)C)C[C@@H]2O
2032,0.888889,0.0773,8.00,10.0,CS(=O)(=O)CCNc1nc(-c2ccc3ncnc(Nc4ccc(OCc5cccc(F)c5
2033,0.593027,0.0809,5.34,4600.0,CO[C@H]1[C@@H](N(C)C(=O)c2cccc(Cl)c2)C[C@@H]2O[C@@
2034,0.444444,0.0760,4.00,100000.0,COC(=O)CN1Cc2c(c3c4ccccc4n4c3c3c2c2ccccc2n3[C@]2(C
2035,0.654006,0.0820,5.89,1300.0,CCCCC(O)CN(C)[C@H]1C[C@@H]2O[C@](C)([C@H]1OC)n1c3c
2036,0.927421,0.0799,8.35,4.5,Cc1cc(C(=O)N2CCOCC2)[nH]c1/C=C1\C(=O)Nc2ncnc(Nc3cc
2037,0.654006,0.0801,5.89,1300.0,CCCCC(O)CN(C)[C@H]1C[C@@H]2O[C@](C)([C@H]1OC)n1c3c
2038,0.995401,0.0808,8.96,1.1,Cc1cc(C(=O)NCCN2CCOCC2)[nH]c1/C=C1\C(=O)Nc2ncnc(Nc
2039,0.927421,0.0801,8.35,4.5,Cc1cc(C(=O)N2CCOCC2)[nH]c1/C=C1\C(=O)Nc2ncnc(Nc3cc
2040,0.654006,0.0841,5.89,1300.0,CCCCC(O)CN(C)[C@H]1C[C@@H]2O[C@](C)([C@H]1OC)n1c3c
2041,0.670169,0.0727,6.03,930.0,COCCN(C)CCN1CCC(n2cc(-c3cccc(OC)c3)c3c(N)ncnc32)CC
2042,0.552789,0.0847,4.98,10590.0,COc1cc2ncc(C#N)c(Nc3ccc(F)c(Cl)c3)c2cc1NC(=O)/C=C/
2043,0.927421,0.0829,8.35,4.5,Cc1cc(C(=O)N2CCOCC2)[nH]c1/C=C1\C(=O)Nc2ncnc(Nc3cc
2044,0.654006,0.0817,5.89,1300.0,CCCCC(O)CN(C)[C@H]1C[C@@H]2O[C@](C)([C@H]1OC)n1c3c
2045,0.606215,0.0835,5.46,3500.0,CO[C@H]1[C@@H](N(C)C(=O)CNC(=O)OC(C)(C)C)C[C@@H]2O
2046,0.606215,0.0785,5.46,3500.0,CO[C@H]1[C@@H](N(C)C(=O)CNC(=O)OC(C)(C)C)C[C@@H]2O
2047,0.995401,0.0845,8.96,1.1,Cc1cc(C(=O)NCCN2CCOCC2)[nH]c1/C=C1\C(=O)Nc2ncnc(Nc
2048,0.654006,0.0820,5.89,1300.0,CCCCC(O)CN(C)[C@H]1C[C@@H]2O[C@](C)([C@H]1OC)n1c3c
2049,0.590973,0.0919,5.32,4800.0,CO[C@H]1[C@@H](N(C)C(=O)c2cccc([N+](=O)[O-])c2)C[C
2050,0.696401,0.0794,6.27,540.0,CS(=O)(=O)CCNc1nc(-c2ccc3ncnc(Nc4ccc(OCc5cccc(C(F)
2051,0.590973,0.0854,5.32,4800.0,CO[C@H]1[C@@H](N(C)C(=O)c2cccc([N+](=O)[O-])c2)C[C
2052,0.846643,0.0816,7.62,24.0,CS(=O)(=O)CCNCCCCOc1ccc2ncnc(Nc3ccc4c(cnn4Cc4cccc(
2053,0.590973,0.0773,5.32,4800.0,CO[C@H]1[C@@H](N(C)C(=O)c2cccc([N+](=O)[O-])c2)C[C
2054,0.552789,0.0718,4.98,10590.0,COc1cc2ncc(C#N)c(Nc3ccc(F)c(Cl)c3)c2cc1NC(=O)/C=C/
2055,0.654006,0.0818,5.89,1300.0,CCCCC(O)CN(C)[C@H]1C[C@@H]2O[C@](C)([C@H]1OC)n1c3c
2056,0.477892,0.0723,4.30,50000.0,CN1CC[C@H](c2c(O)cc(O)c3c(=O)cc(Oc4ccccc4Cl)oc23)[
2057,0.654006,0.0793,5.89,1300.0,CCCCC(O)CN(C)[C@H]1C[C@@H]2O[C@](C)([C@H]1OC)n1c3c
2058,0.696401,0.0731,6.27,540.0,CS(=O)(=O)CCNc1nc(-c2ccc3ncnc(Nc4ccc(OCc5cccc(C(F)
2059,0.675658,0.0730,6.08,830.0,COC(=O)CN1CCC(n2cc(-c3cccc(OC)c3)c3c(N)ncnc32)C1
2060,0.995401,0.0823,8.96,1.1,Cc1cc(C(=O)NCCN2CCOCC2)[nH]c1/C=C1\C(=O)Nc2ncnc(Nc
2061,0.888889,0.0777,8.00,10.0,CS(=O)(=O)CCNCc1ccc(-c2ccc3ncnc(Nc4ccc(OCc5cccc(F)
2062,0.590973,0.0839,5.32,4800.0,CO[C@H]1[C@@H](N(C)C(=O)c2cccc([N+](=O)[O-])c2)C[C
2063,0.606215,0.0853,5.46,3500.0,CO[C@H]1[C@@H](N(C)C(=O)CNC(=O)OC(C)(C)C)C[C@@H]2O
2064,0.654006,0.0862,5.89,1300.0,CCCCC(O)CN(C)[C@H]1C[C@@H]2O[C@](C)([C@H]1OC)n1c3c
2065,0.654006,0.0788,5.89,1300.0,CCCCC(O)CN(C)[C@H]1C[C@@H]2O[C@](C)([C@H]1OC)n1c3c
2066,0.606215,0.0949,5.46,3500.0,CO[C@H]1[C@@H](N(C)C(=O)CNC(=O)OC(C)(C)C)C[C@@H]2O
2067,0.696401,0.0796,6.27,540.0,CS(=O)(=O)CCNc1nc(-c2ccc3ncnc(Nc4ccc(OCc5cccc(C(F)
2068,0.696401,0.0773,6.27,540.0,CS(=O)(=O)CCNc1nc(-c2ccc3ncnc(Nc4ccc(OCc5cccc(C(F)
2069,0.995401,0.0767,8.96,1.1,Cc1cc(C(=O)NCCN2CCOCC2)[nH]c1/C=C1\C(=O)Nc2ncnc(Nc
2070,0.654006,0.0784,5.89,1300.0,CCCCC(O)CN(C)[C@H]1C[C@@H]2O[C@](C)([C@H]1OC)n1c3c
2071,0.606215,0.0717,5.46,3500.0,CO[C@H]1[C@@H](N(C)C(=O)CNC(=O)OC(C)(C)C)C[C@@H]2O
2072,0.606215,0.0790,5.46,3500.0,CO[C@H]1[C@@H](N(C)C(=O)CNC(=O)OC(C)(C)C)C[C@@H]2O
2073,0.696401,0.0735,6.27,540.0,CS(=O)(=O)CCNc1nc(-c2ccc3ncnc(Nc4ccc(OCc5cccc(C(F)
2074,0.590973,0.0851,5.32,4800.0,CO[C@H]1[C@@H](N(C)C(=O)c2cccc([N+](=O)[O-])c2)C[C
2075,0.606215,0.0744,5.46,3500.0,CO[C@H]1[C@@H](N(C)C(=O)CNC(=O)OC(C)(C)C)C[C@@H]2O
2076,0.995401,0.0753,8.96,1.1,Cc1cc(C(=O)NCCN2CCOCC2)[nH]c1/C=C1\C(=O)Nc2ncnc(Nc
2077,0.590973,0.0848,5.32,4800.0,CO[C@H]1[C@@H](N(C)C(=O)c2cccc([N+](=O)[O-])c2)C[C
2078,0.654006,0.0921,5.89,1300.0,CCCCC(O)CN(C)[C@H]1C[C@@H]2O[C@](C)([C@H]1OC)n1c3c
2079,0.552789,0.0847,4.98,10590.0,COc1cc2ncc(C#N)c(Nc3ccc(F)c(Cl)c3)c2cc1NC(=O)/C=C/
2080,0.590973,0.0846,5.32,4800.0,CO[C@H]1[C@@H](N(C)C(=O)c2cccc([N+](=O)[O-])c2)C[C
2081,0.606215,0.0876,5.46,3500.0,CO[C@H]1[C@@H](N(C)C(=O)CNC(=O)OC(C)(C)C)C[C@@H]2O
2082,0.606215,0.0774,5.46,3500.0,CO[C@H]1[C@@H](N(C)C(=O)CNC(=O)OC(C)(C)C)C[C@@H]2O
2083,0.654006,0.0755,5.89,1300.0,CCCCC(O)CN(C)[C@H]1C[C@@H]2O[C@](C)([C@H]1OC)n1c3c
2084,0.606215,0.0959,5.46,3500.0,CO[C@H]1[C@@H](N(C)C(=O)CNC(=O)OC(C)(C)C)C[C@@H]2O
2085,0.607613,0.0774,5.47,3400.0,COc1ccc(CC(CO)n2cc(-c3cccc(O)c3)c3c(N)ncnc32)cc1
2086,0.606215,0.0807,5.46,3500.0,CO[C@H]1[C@@H](N(C)C(=O)CNC(=O)OC(C)(C)C)C[C@@H]2O
2087,0.696401,0.0748,6.27,540.0,CS(=O)(=O)CCNc1nc(-c2ccc3ncnc(Nc4ccc(OCc5cccc(C(F)
2088,0.995401,0.0755,8.96,1.1,Cc1cc(C(=O)NCCN2CCOCC2)[nH]c1/C=C1\C(=O)Nc2ncnc(Nc
2089,0.453333,0.0849,4.08,83176.4,COc1cc(/C=C(\C#N)C(N)=O)cc(CSc2nc3cc(Cl)ccc3s2)c1O
2090,0.606215,0.0775,5.46,3500.0,CO[C@H]1[C@@H](N(C)C(=O)CNC(=O)OC(C)(C)C)C[C@@H]2O
2091,0.654006,0.0794,5.89,1300.0,CCCCC(O)CN(C)[C@H]1C[C@@H]2O[C@](C)([C@H]1OC)n1c3c
2092,0.888889,0.0697,8.00,10.0,CS(=O)(=O)CCNCc1ccc(-c2ccc3ncnc(Nc4ccc(OCc5cccc(F)
2093,0.701089,0.0788,6.31,490.0,COc1cccc(-c2cn(C3CC(CNCCO)C3)c3ncnc(N)c23)c1
2094,0.654006,0.0811,5.89,1300.0,CCCCC(O)CN(C)[C@H]1C[C@@H]2O[C@](C)([C@H]1OC)n1c3c
2095,0.995401,0.0773,8.96,1.1,Cc1cc(C(=O)NCCN2CCOCC2)[nH]c1/C=C1\C(=O)Nc2ncnc(Nc
2096,0.606215,0.0853,5.46,3500.0,CO[C@H]1[C@@H](N(C)C(=O)CNC(=O)OC(C)(C)C)C[C@@H]2O
2097,0.444444,0.0855,4.00,100000.0,CO[C@H]1[C@@H](N(C)C(=O)c2ccccc2)C[C@@H]2O[C@@]1(C
2098,0.606215,0.0783,5.46,3500.0,CO[C@H]1[C@@H](N(C)C(=O)CNC(=O)OC(C)(C)C)C[C@@H]2O
2099,0.552789,0.0768,4.98,10590.0,COc1cc2ncc(C#N)c(Nc3ccc(F)c(Cl)c3)c2cc1NC(=O)/C=C/
2100,0.590973,0.0810,5.32,4800.0,CO[C@H]1[C@@H](N(C)C(=O)c2cccc([N+](=O)[O-])c2)C[C
2101,0.971636,0.0785,8.74,1.8,Cc1cc(C(=O)N2CCOCC2)[nH]c1/C=C1\C(=O)Nc2ncnc(Nc3cc
2102,0.552789,0.0796,4.98,10590.0,COc1cc2ncc(C#N)c(Nc3ccc(F)c(Cl)c3)c2cc1NC(=O)/C=C/
2103,0.696401,0.0807,6.27,540.0,CS(=O)(=O)CCNc1nc(-c2ccc3ncnc(Nc4ccc(OCc5cccc(C(F)
2104,0.606215,0.0909,5.46,3500.0,CO[C@H]1[C@@H](N(C)C(=O)CNC(=O)OC(C)(C)C)C[C@@H]2O
2105,0.995401,0.0882,8.96,1.1,Cc1cc(C(=O)NCCN2CCOCC2)[nH]c1/C=C1\C(=O)Nc2ncnc(Nc
2106,0.565250,0.0823,5.09,8180.0,CO[C@H]1[C@@H](N(C)C(=O)c2cnccn2)C[C@@H]2O[C@@]1(C
2107,0.654006,0.0824,5.89,1300.0,CCCCC(O)CN(C)[C@H]1C[C@@H]2O[C@](C)([C@H]1OC)n1c3c
2108,0.590573,0.0730,5.32,4840.0,CCN(CC)C(C)/C=C/C(=O)Nc1cc2c(Nc3ccc(F)c(Cl)c3)c(C#
2109,0.654006,0.0759,5.89,1300.0,CCCCC(O)CN(C)[C@H]1C[C@@H]2O[C@](C)([C@H]1OC)n1c3c
2110,0.586101,0.0757,5.27,5310.0,Cc1cc(C(=O)NCCN2CCOCC2)[nH]c1/C=C1\C(=O)N(C)c2ncnc
2111,0.696401,0.0728,6.27,540.0,CS(=O)(=O)CCNc1nc(-c2ccc3ncnc(Nc4ccc(OCc5cccc(C(F)
2112,0.606215,0.0883,5.46,3500.0,CO[C@H]1[C@@H](N(C)C(=O)CNC(=O)OC(C)(C)C)C[C@@H]2O
2113,0.552789,0.0820,4.98,10590.0,COc1cc2ncc(C#N)c(Nc3ccc(F)c(Cl)c3)c2cc1NC(=O)/C=C/
2114,0.586101,0.0776,5.27,5310.0,Cc1cc(C(=O)NCCN2CCOCC2)[nH]c1/C=C1\C(=O)N(C)c2ncnc
2115,0.654006,0.0669,5.89,1300.0,CCCCC(O)CN(C)[C@H]1C[C@@H]2O[C@](C)([C@H]1OC)n1c3c
2116,1.000000,0.0817,9.35,0.5,CCN(CC)CC(O)CNC(=O)c1cc(C)c(/C=C2\C(=O)Nc3ncnc(Nc4
2117,0.444444,0.0811,4.00,100000.0,CO[C@H]1[C@@H](N(C)C(=O)c2ccccc2)C[C@@H]2O[C@@]1(C
2118,0.552789,0.0832,4.98,10590.0,COc1cc2ncc(C#N)c(Nc3ccc(F)c(Cl)c3)c2cc1NC(=O)/C=C/
2119,0.606215,0.0914,5.46,3500.0,CO[C@H]1[C@@H](N(C)C(=O)CNC(=O)OC(C)(C)C)C[C@@H]2O
2120,0.995401,0.0786,8.96,1.1,Cc1cc(C(=O)NCCN2CCOCC2)[nH]c1/C=C1\C(=O)Nc2ncnc(Nc
2121,0.654006,0.0841,5.89,1300.0,CCCCC(O)CN(C)[C@H]1C[C@@H]2O[C@](C)([C@H]1OC)n1c3c
2122,0.606215,0.0867,5.46,3500.0,CO[C@H]1[C@@H](N(C)C(=O)CNC(=O)OC(C)(C)C)C[C@@H]2O
2123,0.552789,0.0765,4.98,10590.0,COc1cc2ncc(C#N)c(Nc3ccc(F)c(Cl)c3)c2cc1NC(=O)/C=C/
2124,0.696401,0.0795,6.27,540.0,CS(=O)(=O)CCNc1nc(-c2ccc3ncnc(Nc4ccc(OCc5cccc(C(F)
2125,0.444444,0.0746,4.00,100000.0,COC(=O)CN1Cc2c(c3c4ccccc4n4c3c3c2c2ccccc2n3[C@]2(C
2126,0.606215,0.0772,5.46,3500.0,CO[C@H]1[C@@H](N(C)C(=O)CNC(=O)OC(C)(C)C)C[C@@H]2O
2127,0.552789,0.0762,4.98,10590.0,COc1cc2ncc(C#N)c(Nc3ccc(F)c(Cl)c3)c2cc1NC(=O)/C=C/
2128,0.590573,0.0789,5.32,4840.0,CCN(CC)C(C)/C=C/C(=O)Nc1cc2c(Nc3ccc(F)c(Cl)c3)c(C#
2129,0.696401,0.0868,6.27,540.0,CS(=O)(=O)CCNc1nc(-c2ccc3ncnc(Nc4ccc(OCc5cccc(C(F)
2130,0.606215,0.0817,5.46,3500.0,CO[C@H]1[C@@H](N(C)C(=O)CNC(=O)OC(C)(C)C)C[C@@H]2O
2131,0.654006,0.0806,5.89,1300.0,CCCCC(O)CN(C)[C@H]1C[C@@H]2O[C@](C)([C@H]1OC)n1c3c
2132,0.606215,0.0819,5.46,3500.0,CO[C@H]1[C@@H](N(C)C(=O)CNC(=O)OC(C)(C)C)C[C@@H]2O
2133,0.606215,0.0852,5.46,3500.0,CO[C@H]1[C@@H](N(C)C(=O)CNC(=O)OC(C)(C)C)C[C@@H]2O
2134,0.606215,0.0850,5.46,3500.0,CO[C@H]1[C@@H](N(C)C(=O)CNC(=O)OC(C)(C)C)C[C@@H]2O
2135,0.606215,0.0862,5.46,3500.0,CO[C@H]1[C@@H](N(C)C(=O)CNC(=O)OC(C)(C)C)C[C@@H]2O
2136,0.444444,0.0769,4.00,100000.0,COC(=O)CN1Cc2c(c3c4ccccc4n4c3c3c2c2ccccc2n3[C@]2(C
2137,0.606215,0.0783,5.46,3500.0,CO[C@H]1[C@@H](N(C)C(=O)CNC(=O)OC(C)(C)C)C[C@@H]2O
2138,0.552789,0.0740,4.98,10590.0,COc1cc2ncc(C#N)c(Nc3ccc(F)c(Cl)c3)c2cc1NC(=O)/C=C/
2139,0.654006,0.0764,5.89,1300.0,CCCCC(O)CN(C)[C@H]1C[C@@H]2O[C@](C)([C@H]1OC)n1c3c
2140,0.696401,0.0758,6.27,540.0,CS(=O)(=O)CCNc1nc(-c2ccc3ncnc(Nc4ccc(OCc5cccc(C(F)
2141,0.606215,0.0838,5.46,3500.0,CO[C@H]1[C@@H](N(C)C(=O)CNC(=O)OC(C)(C)C)C[C@@H]2O
2142,0.995401,0.0732,8.96,1.1,Cc1cc(C(=O)NCCN2CCOCC2)[nH]c1/C=C1\C(=O)Nc2ncnc(Nc
2143,0.420000,0.0859,3.78,165958.8,CCOc1ccc2sc(SCc3cc(/C=C(\C#N)C(N)=O)cc(OC)c3O)nc2c
2144,0.876229,0.0741,7.89,13.0,CCN1CCN(C(=O)c2cc(C)c(/C=C3\C(=O)Nc4ncnc(Nc5ccc(F)
2145,0.694646,0.0817,6.25,560.0,C=C(CN(C)C)C(=O)Nc1cc2c(Nc3ccc(F)c(Cl)c3)c(C#N)cnc
2146,0.606215,0.0864,5.46,3500.0,CO[C@H]1[C@@H](N(C)C(=O)CNC(=O)OC(C)(C)C)C[C@@H]2O
2147,0.654006,0.0877,5.89,1300.0,CCCCC(O)CN(C)[C@H]1C[C@@H]2O[C@](C)([C@H]1OC)n1c3c
2148,0.654006,0.0879,5.89,1300.0,CCCCC(O)CN(C)[C@H]1C[C@@H]2O[C@](C)([C@H]1OC)n1c3c
2149,0.888889,0.0819,8.00,10.0,CS(=O)(=O)CCNc1nc(-c2ccc3ncnc(Nc4ccc(OCc5cccc(F)c5
2150,0.995401,0.0748,8.96,1.1,Cc1cc(C(=O)NCCN2CCOCC2)[nH]c1/C=C1\C(=O)Nc2ncnc(Nc
2151,0.888889,0.0727,8.00,10.0,CS(=O)(=O)CCNCc1ccc(-c2ccc3ncnc(Nc4ccc(OCc5cccc(F)
2152,0.586101,0.0741,5.27,5310.0,Cc1cc(C(=O)NCCN2CCOCC2)[nH]c1/C=C1\C(=O)N(C)c2ncnc
2153,0.654006,0.0876,5.89,1300.0,CCCCC(O)CN(C)[C@H]1C[C@@H]2O[C@](C)([C@H]1OC)n1c3c
2154,0.654006,0.0862,5.89,1300.0,CCCCC(O)CN(C)[C@H]1C[C@@H]2O[C@](C)([C@H]1OC)n1c3c
2155,0.552789,0.0706,4.98,10590.0,COc1cc2ncc(C#N)c(Nc3ccc(F)c(Cl)c3)c2cc1NC(=O)/C=C/
2156,0.794305,0.0713,7.15,71.0,CS(=O)(=O)CCNc1nc(-c2ccc3ncnc(Nc4ccc5c(cnn5Cc5cccc
2157,0.744330,0.0829,6.70,200.0,CCN(CC)CCNC(=O)c1c(C)[nH]c(/C=C2\C(=O)Nc3ncnc(Nc4c
2158,0.590973,0.0853,5.32,4800.0,CO[C@H]1[C@@H](N(C)C(=O)c2cccc([N+](=O)[O-])c2)C[C
2159,0.888889,0.0797,8.00,10.0,CS(=O)(=O)CCNCc1ccc(-c2ccc3ncnc(Nc4ccc(OCc5cccc(F)
2160,0.606215,0.0752,5.46,3500.0,CO[C@H]1[C@@H](N(C)C(=O)CNC(=O)OC(C)(C)C)C[C@@H]2O
2161,0.606215,0.0803,5.46,3500.0,CO[C@H]1[C@@H](N(C)C(=O)CNC(=O)OC(C)(C)C)C[C@@H]2O
2162,0.606215,0.0869,5.46,3500.0,CO[C@H]1[C@@H](N(C)C(=O)CNC(=O)OC(C)(C)C)C[C@@H]2O
2163,0.696401,0.0809,6.27,540.0,CS(=O)(=O)CCNc1nc(-c2ccc3ncnc(Nc4ccc(OCc5cccc(C(F)
2164,0.590973,0.0773,5.32,4800.0,CO[C@H]1[C@@H](N(C)C(=O)c2cccc([N+](=O)[O-])c2)C[C
2165,0.444444,0.0778,4.00,100000.0,CO[C@H]1[C@@H](N(C)C(=O)c2ccccc2)C[C@@H]2O[C@@]1(C
2166,0.654006,0.0838,5.89,1300.0,CCCCC(O)CN(C)[C@H]1C[C@@H]2O[C@](C)([C@H]1OC)n1c3c
2167,0.654006,0.0780,5.89,1300.0,CCCCC(O)CN(C)[C@H]1C[C@@H]2O[C@](C)([C@H]1OC)n1c3c
2168,0.654006,0.0745,5.89,1300.0,CCCCC(O)CN(C)[C@H]1C[C@@H]2O[C@](C)([C@H]1OC)n1c3c
2169,0.606215,0.0772,5.46,3500.0,CO[C@H]1[C@@H](N(C)C(=O)CNC(=O)OC(C)(C)C)C[C@@H]2O
2170,0.593027,0.0788,5.34,4600.0,CO[C@H]1[C@@H](N(C)C(=O)c2cccc(Cl)c2)C[C@@H]2O[C@@
2171,0.552789,0.0819,4.98,10590.0,COc1cc2ncc(C#N)c(Nc3ccc(F)c(Cl)c3)c2cc1NC(=O)/C=C/
2172,0.590573,0.0799,5.32,4840.0,CCN(CC)C(C)/C=C/C(=O)Nc1cc2c(Nc3ccc(F)c(Cl)c3)c(C#
2173,0.888889,0.0761,8.00,10.0,CS(=O)(=O)CCNc1nc(-c2ccc3ncnc(Nc4ccc(OCc5cccc(F)c5
2174,0.654006,0.0833,5.89,1300.0,CCCCC(O)CN(C)[C@H]1C[C@@H]2O[C@](C)([C@H]1OC)n1c3c
2175,0.654006,0.0768,5.89,1300.0,CCCCC(O)CN(C)[C@H]1C[C@@H]2O[C@](C)([C@H]1OC)n1c3c
2176,0.654006,0.0759,5.89,1300.0,CCCCC(O)CN(C)[C@H]1C[C@@H]2O[C@](C)([C@H]1OC)n1c3c
2177,0.606215,0.0819,5.46,3500.0,CO[C@H]1[C@@H](N(C)C(=O)CNC(=O)OC(C)(C)C)C[C@@H]2O
2178,0.654006,0.0781,5.89,1300.0,CCCCC(O)CN(C)[C@H]1C[C@@H]2O[C@](C)([C@H]1OC)n1c3c
2179,0.590573,0.0786,5.32,4840.0,CCN(CC)C(C)/C=C/C(=O)Nc1cc2c(Nc3ccc(F)c(Cl)c3)c(C#
2180,0.606215,0.0816,5.46,3500.0,CO[C@H]1[C@@H](N(C)C(=O)CNC(=O)OC(C)(C)C)C[C@@H]2O
2181,0.654006,0.0918,5.89,1300.0,CCCCC(O)CN(C)[C@H]1C[C@@H]2O[C@](C)([C@H]1OC)n1c3c
2182,0.654006,0.0810,5.89,1300.0,CCCCC(O)CN(C)[C@H]1C[C@@H]2O[C@](C)([C@H]1OC)n1c3c
2183,0.876229,0.0789,7.89,13.0,CCN1CCN(C(=O)c2cc(C)c(/C=C3\C(=O)Nc4ncnc(Nc5ccc(F)
2184,0.593027,0.0762,5.34,4600.0,CO[C@H]1[C@@H](N(C)C(=O)c2cccc(Cl)c2)C[C@@H]2O[C@@
2185,0.444444,0.0828,4.00,100000.0,COC(=O)CN1Cc2c(c3c4ccccc4n4c3c3c2c2ccccc2n3[C@]2(C
2186,0.593027,0.0821,5.34,4600.0,CO[C@H]1[C@@H](N(C)C(=O)c2cccc(Cl)c2)C[C@@H]2O[C@@
2187,0.696401,0.0836,6.27,540.0,CS(=O)(=O)CCNc1nc(-c2ccc3ncnc(Nc4ccc(OCc5cccc(C(F)
2188,0.696401,0.0817,6.27,540.0,CS(=O)(=O)CCNc1nc(-c2ccc3ncnc(Nc4ccc(OCc5cccc(C(F)
2189,0.696401,0.0753,6.27,540.0,CS(=O)(=O)CCNc1nc(-c2ccc3ncnc(Nc4ccc(OCc5cccc(C(F)
2190,0.654006,0.0841,5.89,1300.0,CCCCC(O)CN(C)[C@H]1C[C@@H]2O[C@](C)([C@H]1OC)n1c3c
2191,0.606215,0.0773,5.46,3500.0,CO[C@H]1[C@@H](N(C)C(=O)CNC(=O)OC(C)(C)C)C[C@@H]2O
2192,0.876229,0.0706,7.89,13.0,CCN1CCN(C(=O)c2cc(C)c(/C=C3\C(=O)Nc4ncnc(Nc5ccc(F)
2193,0.590973,0.0801,5.32,4800.0,CO[C@H]1[C@@H](N(C)C(=O)c2cccc([N+](=O)[O-])c2)C[C
2194,0.606215,0.0896,5.46,3500.0,CO[C@H]1[C@@H](N(C)C(=O)CNC(=O)OC(C)(C)C)C[C@@H]2O
2195,0.552789,0.0804,4.98,10590.0,COc1cc2ncc(C#N)c(Nc3ccc(F)c(Cl)c3)c2cc1NC(=O)/C=C/
2196,0.444444,0.0743,4.00,100000.0,CO[C@H]1[C@@H](N(C)C(=O)c2ccccc2)C[C@@H]2O[C@@]1(C
2197,0.927421,0.0771,8.35,4.5,Cc1cc(C(=O)N2CCOCC2)[nH]c1/C=C1\C(=O)Nc2ncnc(Nc3cc
2198,0.654006,0.0821,5.89,1300.0,CCCCC(O)CN(C)[C@H]1C[C@@H]2O[C@](C)([C@H]1OC)n1c3c
2199,0.744330,0.0775,6.70,200.0,CCN(CC)CCNC(=O)c1c(C)[nH]c(/C=C2\C(=O)Nc3ncnc(Nc4c
2200,0.995401,0.0895,8.96,1.1,Cc1cc(C(=O)NCCN2CCOCC2)[nH]c1/C=C1\C(=O)Nc2ncnc(Nc
2201,0.927421,0.0786,8.35,4.5,Cc1cc(C(=O)N2CCOCC2)[nH]c1/C=C1\C(=O)Nc2ncnc(Nc3cc
2202,0.696401,0.0809,6.27,540.0,CS(=O)(=O)CCNc1nc(-c2ccc3ncnc(Nc4ccc(OCc5cccc(C(F)
2203,0.606215,0.0858,5.46,3500.0,CO[C@H]1[C@@H](N(C)C(=O)CNC(=O)OC(C)(C)C)C[C@@H]2O
2204,0.420000,0.0765,3.78,165958.8,CCOc1ccc2sc(SCc3cc(/C=C(\C#N)C(N)=O)cc(OC)c3O)nc2c
2205,0.995401,0.0893,8.96,1.1,Cc1cc(C(=O)NCCN2CCOCC2)[nH]c1/C=C1\C(=O)Nc2ncnc(Nc
2206,0.606215,0.0755,5.46,3500.0,CO[C@H]1[C@@H](N(C)C(=O)CNC(=O)OC(C)(C)C)C[C@@H]2O
2207,0.794305,0.0836,7.15,71.0,CS(=O)(=O)CCNc1nc(-c2ccc3ncnc(Nc4ccc5c(cnn5Cc5cccc
2208,0.654006,0.0826,5.89,1300.0,CCCCC(O)CN(C)[C@H]1C[C@@H]2O[C@](C)([C@H]1OC)n1c3c
2209,0.606215,0.0858,5.46,3500.0,CO[C@H]1[C@@H](N(C)C(=O)CNC(=O)OC(C)(C)C)C[C@@H]2O
2210,0.552789,0.0960,4.98,10590.0,COc1cc2ncc(C#N)c(Nc3ccc(F)c(Cl)c3)c2cc1NC(=O)/C=C/
2211,0.444444,0.0725,4.00,100000.0,COC(=O)CN1Cc2c(c3c4ccccc4n4c3c3c2c2ccccc2n3[C@]2(C
2212,0.971636,0.0878,8.74,1.8,Cc1cc(C(=O)N2CCOCC2)[nH]c1/C=C1\C(=O)Nc2ncnc(Nc3cc
2213,0.444444,0.0843,4.00,100000.0,COC(=O)CN1Cc2c(c3c4ccccc4n4c3c3c2c2ccccc2n3[C@]2(C
2214,0.606215,0.0780,5.46,3500.0,CO[C@H]1[C@@H](N(C)C(=O)CNC(=O)OC(C)(C)C)C[C@@H]2O
2215,0.654006,0.0752,5.89,1300.0,CCCCC(O)CN(C)[C@H]1C[C@@H]2O[C@](C)([C@H]1OC)n1c3c
2216,0.995401,0.0847,8.96,1.1,Cc1cc(C(=O)NCCN2CCOCC2)[nH]c1/C=C1\C(=O)Nc2ncnc(Nc
2217,0.570085,0.0861,5.13,7400.0,COC(=O)c1ccc(C(=O)N(C)[C@H]2C[C@@H]3O[C@](C)([C@H]
2218,0.606215,0.0855,5.46,3500.0,CO[C@H]1[C@@H](N(C)C(=O)CNC(=O)OC(C)(C)C)C[C@@H]2O
2219,0.586101,0.0755,5.27,5310.0,Cc1cc(C(=O)NCCN2CCOCC2)[nH]c1/C=C1\C(=O)N(C)c2ncnc
2220,0.696401,0.0823,6.27,540.0,CS(=O)(=O)CCNc1nc(-c2ccc3ncnc(Nc4ccc(OCc5cccc(C(F)
2221,0.420000,0.0765,3.78,165958.8,CCOc1ccc2sc(SCc3cc(/C=C(\C#N)C(N)=O)cc(OC)c3O)nc2c
2222,0.590573,0.0761,5.32,4840.0,CCN(CC)C(C)/C=C/C(=O)Nc1cc2c(Nc3ccc(F)c(Cl)c3)c(C#
2223,0.606215,0.0765,5.46,3500.0,CO[C@H]1[C@@H](N(C)C(=O)CNC(=O)OC(C)(C)C)C[C@@H]2O
2224,0.552789,0.0803,4.98,10590.0,COc1cc2ncc(C#N)c(Nc3ccc(F)c(Cl)c3)c2cc1NC(=O)/C=C/
2225,0.619822,0.0845,5.58,2640.0,CN(C)C/C=C/C(=O)Nc1cc2c(Nc3ccc(F)c(Cl)c3)c(C#N)cnc
2226,0.654006,0.0785,5.89,1300.0,CCCCC(O)CN(C)[C@H]1C[C@@H]2O[C@](C)([C@H]1OC)n1c3c
2227,0.606215,0.0899,5.46,3500.0,CO[C@H]1[C@@H](N(C)C(=O)CNC(=O)OC(C)(C)C)C[C@@H]2O
2228,0.696401,0.0794,6.27,540.0,CS(=O)(=O)CCNc1nc(-c2ccc3ncnc(Nc4ccc(OCc5cccc(C(F)
2229,0.552789,0.0780,4.98,10590.0,COc1cc2ncc(C#N)c(Nc3ccc(F)c(Cl)c3)c2cc1NC(=O)/C=C/
2230,0.654006,0.0797,5.89,1300.0,CCCCC(O)CN(C)[C@H]1C[C@@H]2O[C@](C)([C@H]1OC)n1c3c
2231,0.606215,0.0788,5.46,3500.0,CO[C@H]1[C@@H](N(C)C(=O)CNC(=O)OC(C)(C)C)C[C@@H]2O
2232,0.888889,0.0772,8.00,10.0,CS(=O)(=O)CCNc1nc(-c2ccc3ncnc(Nc4ccc(OCc5cccc(F)c5
2233,0.619822,0.0810,5.58,2640.0,CN(C)C/C=C/C(=O)Nc1cc2c(Nc3ccc(F)c(Cl)c3)c(C#N)cnc
2234,0.606215,0.0804,5.46,3500.0,CO[C@H]1[C@@H](N(C)C(=O)CNC(=O)OC(C)(C)C)C[C@@H]2O
2235,0.606215,0.0866,5.46,3500.0,CO[C@H]1[C@@H](N(C)C(=O)CNC(=O)OC(C)(C)C)C[C@@H]2O
2236,0.696401,0.0810,6.27,540.0,CS(=O)(=O)CCNc1nc(-c2ccc3ncnc(Nc4ccc(OCc5cccc(C(F)
2237,0.888889,0.0813,8.00,10.0,CS(=O)(=O)CCNc1nc(-c2ccc3ncnc(Nc4ccc(OCc5cccc(F)c5
2238,0.675658,0.0788,6.08,830.0,COC(=O)CN1CCC(n2cc(-c3cccc(OC)c3)c3c(N)ncnc32)C1
2239,0.606215,0.0796,5.46,3500.0,CO[C@H]1[C@@H](N(C)C(=O)CNC(=O)OC(C)(C)C)C[C@@H]2O
2240,0.590973,0.0747,5.32,4800.0,CO[C@H]1[C@@H](N(C)C(=O)c2cccc([N+](=O)[O-])c2)C[C
2241,0.876229,0.0754,7.89,13.0,CCN1CCN(C(=O)c2cc(C)c(/C=C3\C(=O)Nc4ncnc(Nc5ccc(F)
2242,0.552789,0.0772,4.98,10590.0,COc1cc2ncc(C#N)c(Nc3ccc(F)c(Cl)c3)c2cc1NC(=O)/C=C/
2243,0.696401,0.0714,6.27,540.0,CS(=O)(=O)CCNc1nc(-c2ccc3ncnc(Nc4ccc(OCc5cccc(C(F)
2244,0.606215,0.0853,5.46,3500.0,CO[C@H]1[C@@H](N(C)C(=O)CNC(=O)OC(C)(C)C)C[C@@H]2O
2245,0.794305,0.0792,7.15,71.0,CS(=O)(=O)CCNc1nc(-c2ccc3ncnc(Nc4ccc5c(cnn5Cc5cccc
2246,0.606215,0.0773,5.46,3500.0,CO[C@H]1[C@@H](N(C)C(=O)CNC(=O)OC(C)(C)C)C[C@@H]2O
2247,0.606215,0.0848,5.46,3500.0,CO[C@H]1[C@@H](N(C)C(=O)CNC(=O)OC(C)(C)C)C[C@@H]2O
2248,0.590573,0.0773,5.32,4840.0,CCN(CC)C(C)/C=C/C(=O)Nc1cc2c(Nc3ccc(F)c(Cl)c3)c(C#
2249,0.654006,0.0848,5.89,1300.0,CCCCC(O)CN(C)[C@H]1C[C@@H]2O[C@](C)([C@H]1OC)n1c3c
2250,0.552789,0.0793,4.98,10590.0,COc1cc2ncc(C#N)c(Nc3ccc(F)c(Cl)c3)c2cc1NC(=O)/C=C/
2251,0.701089,0.0725,6.31,490.0,COc1cccc(-c2cn(C3CC(CNCCO)C3)c3ncnc(N)c23)c1
2252,0.606215,0.0895,5.46,3500.0,CO[C@H]1[C@@H](N(C)C(=O)CNC(=O)OC(C)(C)C)C[C@@H]2O
2253,0.590573,0.0738,5.32,4840.0,CCN(CC)C(C)/C=C/C(=O)Nc1cc2c(Nc3ccc(F)c(Cl)c3)c(C#
2254,0.794305,0.0756,7.15,71.0,CS(=O)(=O)CCNc1nc(-c2ccc3ncnc(Nc4ccc5c(cnn5Cc5cccc
2255,0.654006,0.0741,5.89,1300.0,CCCCC(O)CN(C)[C@H]1C[C@@H]2O[C@](C)([C@H]1OC)n1c3c
2256,0.606215,0.0878,5.46,3500.0,CO[C@H]1[C@@H](N(C)C(=O)CNC(=O)OC(C)(C)C)C[C@@H]2O
2257,0.444444,0.0805,4.00,100000.0,COC(=O)CN1Cc2c(c3c4ccccc4n4c3c3c2c2ccccc2n3[C@]2(C
2258,0.565250,0.0803,5.09,8180.0,CO[C@H]1[C@@H](N(C)C(=O)c2cccnc2)C[C@@H]2O[C@@]1(C
2259,0.654006,0.0778,5.89,1300.0,CCCCC(O)CN(C)[C@H]1C[C@@H]2O[C@](C)([C@H]1OC)n1c3c
2260,0.590973,0.0899,5.32,4800.0,CO[C@H]1[C@@H](N(C)C(=O)c2cccc([N+](=O)[O-])c2)C[C
2261,0.888889,0.0756,8.00,10.0,CS(=O)(=O)CCNCc1ccc(-c2ccc3ncnc(Nc4ccc(OCc5cccc(F)
2262,0.590973,0.0756,5.32,4800.0,CO[C@H]1[C@@H](N(C)C(=O)c2cccc([N+](=O)[O-])c2)C[C
2263,0.552789,0.0880,4.98,10590.0,COc1cc2ncc(C#N)c(Nc3ccc(F)c(Cl)c3)c2cc1NC(=O)/C=C/
2264,0.606215,0.0779,5.46,3500.0,CO[C@H]1[C@@H](N(C)C(=O)CNC(=O)OC(C)(C)C)C[C@@H]2O
2265,0.606215,0.0863,5.46,3500.0,CO[C@H]1[C@@H](N(C)C(=O)CNC(=O)OC(C)(C)C)C[C@@H]2O
2266,0.876229,0.0856,7.89,13.0,CCN1CCN(C(=O)c2cc(C)c(/C=C3\C(=O)Nc4ncnc(Nc5ccc(F)
2267,0.654006,0.0835,5.89,1300.0,CCCCC(O)CN(C)[C@H]1C[C@@H]2O[C@](C)([C@H]1OC)n1c3c
2268,0.552789,0.0828,4.98,10590.0,COc1cc2ncc(C#N)c(Nc3ccc(F)c(Cl)c3)c2cc1NC(=O)/C=C/
2269,0.696401,0.0791,6.27,540.0,CS(=O)(=O)CCNc1nc(-c2ccc3ncnc(Nc4ccc(OCc5cccc(C(F)
2270,0.444444,0.0779,4.00,100000.0,CO[C@H]1[C@@H](N(C)C(=O)c2ccccc2)C[C@@H]2O[C@@]1(C
2271,0.606215,0.0814,5.46,3500.0,CO[C@H]1[C@@H](N(C)C(=O)CNC(=O)OC(C)(C)C)C[C@@H]2O
2272,0.606215,0.0860,5.46,3500.0,CO[C@H]1[C@@H](N(C)C(=O)CNC(=O)OC(C)(C)C)C[C@@H]2O
2273,0.654006,0.0714,5.89,1300.0,CCCCC(O)CN(C)[C@H]1C[C@@H]2O[C@](C)([C@H]1OC)n1c3c
2274,0.606215,0.0805,5.46,3500.0,CO[C@H]1[C@@H](N(C)C(=O)CNC(=O)OC(C)(C)C)C[C@@H]2O
2275,0.606215,0.0771,5.46,3500.0,CO[C@H]1[C@@H](N(C)C(=O)CNC(=O)OC(C)(C)C)C[C@@H]2O
2276,0.794305,0.0779,7.15,71.0,CS(=O)(=O)CCNc1nc(-c2ccc3ncnc(Nc4ccc5c(cnn5Cc5cccc
2277,0.654006,0.0800,5.89,1300.0,CCCCC(O)CN(C)[C@H]1C[C@@H]2O[C@](C)([C@H]1OC)n1c3c
2278,0.995401,0.0799,8.96,1.1,Cc1cc(C(=O)NCCN2CCOCC2)[nH]c1/C=C1\C(=O)Nc2ncnc(Nc
2279,0.888889,0.0772,8.00,10.0,CS(=O)(=O)CCNCc1ccc(-c2ccc3ncnc(Nc4ccc(OCc5cccc(F)
2280,0.606215,0.0847,5.46,3500.0,CO[C@H]1[C@@H](N(C)C(=O)CNC(=O)OC(C)(C)C)C[C@@H]2O
2281,0.606215,0.0750,5.46,3500.0,CO[C@H]1[C@@H](N(C)C(=O)CNC(=O)OC(C)(C)C)C[C@@H]2O
2282,0.593027,0.0865,5.34,4600.0,CO[C@H]1[C@@H](N(C)C(=O)c2cccc(Cl)c2)C[C@@H]2O[C@@
2283,0.995401,0.0792,8.96,1.1,Cc1cc(C(=O)NCCN2CCOCC2)[nH]c1/C=C1\C(=O)Nc2ncnc(Nc
2284,0.606215,0.0822,5.46,3500.0,CO[C@H]1[C@@H](N(C)C(=O)CNC(=O)OC(C)(C)C)C[C@@H]2O
2285,0.654006,0.0803,5.89,1300.0,CCCCC(O)CN(C)[C@H]1C[C@@H]2O[C@](C)([C@H]1OC)n1c3c
2286,0.586101,0.0792,5.27,5310.0,Cc1cc(C(=O)NCCN2CCOCC2)[nH]c1/C=C1\C(=O)N(C)c2ncnc
2287,0.995401,0.0884,8.96,1.1,Cc1cc(C(=O)NCCN2CCOCC2)[nH]c1/C=C1\C(=O)Nc2ncnc(Nc
2288,0.680549,0.0771,6.12,750.0,COc1cccc(-c2cn(C3CCN(CC(=O)N(C)C)CC3)c3ncnc(N)c23)
2289,0.696401,0.0717,6.27,540.0,CS(=O)(=O)CCNc1nc(-c2ccc3ncnc(Nc4ccc(OCc5cccc(C(F)
2290,0.606215,0.0810,5.46,3500.0,CO[C@H]1[C@@H](N(C)C(=O)CNC(=O)OC(C)(C)C)C[C@@H]2O
2291,0.590973,0.0718,5.32,4800.0,CO[C@H]1[C@@H](N(C)C(=O)c2cccc([N+](=O)[O-])c2)C[C
2292,0.606215,0.0740,5.46,3500.0,CO[C@H]1[C@@H](N(C)C(=O)CNC(=O)OC(C)(C)C)C[C@@H]2O
2293,0.995401,0.0741,8.96,1.1,Cc1cc(C(=O)NCCN2CCOCC2)[nH]c1/C=C1\C(=O)Nc2ncnc(Nc
2294,0.696401,0.0762,6.27,540.0,CS(=O)(=O)CCNc1nc(-c2ccc3ncnc(Nc4ccc(OCc5cccc(C(F)
2295,0.590973,0.0817,5.32,4800.0,CO[C@H]1[C@@H](N(C)C(=O)c2cccc([N+](=O)[O-])c2)C[C
2296,0.995401,0.0722,8.96,1.1,Cc1cc(C(=O)NCCN2CCOCC2)[nH]c1/C=C1\C(=O)Nc2ncnc(Nc
2297,0.995401,0.0768,8.96,1.1,Cc1cc(C(=O)NCCN2CCOCC2)[nH]c1/C=C1\C(=O)Nc2ncnc(Nc
2298,0.606215,0.0890,5.46,3500.0,CO[C@H]1[C@@H](N(C)C(=O)CNC(=O)OC(C)(C)C)C[C@@H]2O
2299,0.606215,0.0797,5.46,3500.0,CO[C@H]1[C@@H](N(C)C(=O)CNC(=O)OC(C)(C)C)C[C@@H]2O
2300,0.606215,0.0770,5.46,3500.0,CO[C@H]1[C@@H](N(C)C(=O)CNC(=O)OC(C)(C)C)C[C@@H]2O
2301,0.696401,0.0781,6.27,540.0,CS(=O)(=O)CCNc1nc(-c2ccc3ncnc(Nc4ccc(OCc5cccc(C(F)
2302,0.565250,0.0738,5.09,8180.0,CO[C@H]1[C@@H](N(C)C(=O)c2cccnc2)C[C@@H]2O[C@@]1(C
2303,0.606215,0.0790,5.46,3500.0,CO[C@H]1[C@@H](N(C)C(=O)CNC(=O)OC(C)(C)C)C[C@@H]2O
2304,0.586926,0.0809,5.28,5220.0,COc1cc2ncc(C#N)c(Nc3ccc(F)c(Cl)c3)c2cc1NC(=O)/C=C/
2305,0.606215,0.0761,5.46,3500.0,CO[C@H]1[C@@H](N(C)C(=O)CNC(=O)OC(C)(C)C)C[C@@H]2O
2306,0.654006,0.0767,5.89,1300.0,CCCCC(O)CN(C)[C@H]1C[C@@H]2O[C@](C)([C@H]1OC)n1c3c
2307,0.606215,0.0764,5.46,3500.0,CO[C@H]1[C@@H](N(C)C(=O)CNC(=O)OC(C)(C)C)C[C@@H]2O
2308,0.654006,0.0819,5.89,1300.0,CCCCC(O)CN(C)[C@H]1C[C@@H]2O[C@](C)([C@H]1OC)n1c3c
2309,0.654006,0.0765,5.89,1300.0,CCCCC(O)CN(C)[C@H]1C[C@@H]2O[C@](C)([C@H]1OC)n1c3c
2310,0.444444,0.0820,4.00,100000.0,CO[C@H]1[C@@H](N(C)C(=O)c2ccccc2)C[C@@H]2O[C@@]1(C
2311,0.980434,0.0753,8.82,1.5,C=CC(=O)Nc1cc2c(Nc3ccc(F)c(Cl)c3)ncnc2cc1OCCCN1CCO
2312,0.586667,0.0798,5.28,5248.1,COc1cc(/C=C(\C#N)C(N)=O)cc(CSc2nc3ccccc3o2)c1O
2313,0.552789,0.0883,4.98,10590.0,COc1cc2ncc(C#N)c(Nc3ccc(F)c(Cl)c3)c2cc1NC(=O)/C=C/
2314,0.590973,0.0893,5.32,4800.0,CO[C@H]1[C@@H](N(C)C(=O)c2cccc([N+](=O)[O-])c2)C[C
2315,0.696401,0.0766,6.27,540.0,CS(=O)(=O)CCNc1nc(-c2ccc3ncnc(Nc4ccc(OCc5cccc(C(F)
2316,0.606215,0.0748,5.46,3500.0,CO[C@H]1[C@@H](N(C)C(=O)CNC(=O)OC(C)(C)C)C[C@@H]2O
2317,0.606215,0.0856,5.46,3500.0,CO[C@H]1[C@@H](N(C)C(=O)CNC(=O)OC(C)(C)C)C[C@@H]2O
2318,0.888889,0.0764,8.00,10.0,CS(=O)(=O)CCNCc1ccc(-c2ccc3ncnc(Nc4ccc(OCc5cccc(F)
2319,0.670169,0.0805,6.03,930.0,COCCN(C)CCN1CCC(n2cc(-c3cccc(OC)c3)c3c(N)ncnc32)CC
2320,0.606215,0.0793,5.46,3500.0,CO[C@H]1[C@@H](N(C)C(=O)CNC(=O)OC(C)(C)C)C[C@@H]2O
2321,0.888889,0.0778,8.00,10.0,CS(=O)(=O)CCNCc1ccc(-c2ccc3ncnc(Nc4ccc(OCc5cccc(F)
2322,0.670169,0.0781,6.03,930.0,COCCN(C)CCN1CCC(n2cc(-c3cccc(OC)c3)c3c(N)ncnc32)CC
2323,0.654006,0.0748,5.89,1300.0,CCCCC(O)CN(C)[C@H]1C[C@@H]2O[C@](C)([C@H]1OC)n1c3c
2324,0.606215,0.0821,5.46,3500.0,CO[C@H]1[C@@H](N(C)C(=O)CNC(=O)OC(C)(C)C)C[C@@H]2O
2325,0.590973,0.0812,5.32,4800.0,CO[C@H]1[C@@H](N(C)C(=O)c2cccc([N+](=O)[O-])c2)C[C
2326,0.590573,0.0753,5.32,4840.0,CCN(CC)C(C)/C=C/C(=O)Nc1cc2c(Nc3ccc(F)c(Cl)c3)c(C#
2327,0.654006,0.0783,5.89,1300.0,CCCCC(O)CN(C)[C@H]1C[C@@H]2O[C@](C)([C@H]1OC)n1c3c
2328,0.696401,0.0808,6.27,540.0,CS(=O)(=O)CCNc1nc(-c2ccc3ncnc(Nc4ccc(OCc5cccc(C(F)
2329,0.590573,0.0761,5.32,4840.0,CCN(CC)C(C)/C=C/C(=O)Nc1cc2c(Nc3ccc(F)c(Cl)c3)c(C#
2330,0.630865,0.0757,5.68,2100.0,COc1cccc(-c2cn(C3CCN(C(=O)OC(C)(C)C)C3)c3ncnc(N)c2
2331,0.971636,0.0755,8.74,1.8,Cc1cc(C(=O)N2CCOCC2)[nH]c1/C=C1\C(=O)Nc2ncnc(Nc3cc
2332,0.606215,0.0765,5.46,3500.0,CO[C@H]1[C@@H](N(C)C(=O)CNC(=O)OC(C)(C)C)C[C@@H]2O
2333,0.995401,0.0794,8.96,1.1,Cc1cc(C(=O)NCCN2CCOCC2)[nH]c1/C=C1\C(=O)Nc2ncnc(Nc
2334,0.565250,0.0777,5.09,8180.0,CO[C@H]1[C@@H](N(C)C(=O)c2cnccn2)C[C@@H]2O[C@@]1(C
2335,0.696401,0.0801,6.27,540.0,CS(=O)(=O)CCNc1nc(-c2ccc3ncnc(Nc4ccc(OCc5cccc(C(F)
2336,0.590973,0.0829,5.32,4800.0,CO[C@H]1[C@@H](N(C)C(=O)c2cccc([N+](=O)[O-])c2)C[C
2337,0.606215,0.0879,5.46,3500.0,CO[C@H]1[C@@H](N(C)C(=O)CNC(=O)OC(C)(C)C)C[C@@H]2O
2338,0.606215,0.0883,5.46,3500.0,CO[C@H]1[C@@H](N(C)C(=O)CNC(=O)OC(C)(C)C)C[C@@H]2O
2339,0.590973,0.0844,5.32,4800.0,CO[C@H]1[C@@H](N(C)C(=O)c2cccc([N+](=O)[O-])c2)C[C
2340,1.000000,0.0866,9.35,0.5,CCN(CC)CC(O)CNC(=O)c1cc(C)c(/C=C2\C(=O)Nc3ncnc(Nc4
2341,0.654006,0.0765,5.89,1300.0,CCCCC(O)CN(C)[C@H]1C[C@@H]2O[C@](C)([C@H]1OC)n1c3c
2342,0.453333,0.0797,4.08,83176.4,COc1cc(/C=C(\C#N)C(N)=O)cc(CSc2nc3cc(Cl)ccc3s2)c1O
2343,0.606215,0.0835,5.46,3500.0,CO[C@H]1[C@@H](N(C)C(=O)CNC(=O)OC(C)(C)C)C[C@@H]2O
2344,0.971636,0.0770,8.74,1.8,Cc1cc(C(=O)N2CCOCC2)[nH]c1/C=C1\C(=O)Nc2ncnc(Nc3cc
2345,0.590973,0.0855,5.32,4800.0,CO[C@H]1[C@@H](N(C)C(=O)c2cccc([N+](=O)[O-])c2)C[C
2346,0.927421,0.0801,8.35,4.5,Cc1cc(C(=O)N2CCOCC2)[nH]c1/C=C1\C(=O)Nc2ncnc(Nc3cc
2347,0.654006,0.0851,5.89,1300.0,CCCCC(O)CN(C)[C@H]1C[C@@H]2O[C@](C)([C@H]1OC)n1c3c
2348,0.654006,0.0820,5.89,1300.0,CCCCC(O)CN(C)[C@H]1C[C@@H]2O[C@](C)([C@H]1OC)n1c3c
2349,0.552789,0.0775,4.98,10590.0,COc1cc2ncc(C#N)c(Nc3ccc(F)c(Cl)c3)c2cc1NC(=O)/C=C/
2350,0.606215,0.0823,5.46,3500.0,CO[C@H]1[C@@H](N(C)C(=O)CNC(=O)OC(C)(C)C)C[C@@H]2O
2351,0.995401,0.0794,8.96,1.1,Cc1cc(C(=O)NCCN2CCOCC2)[nH]c1/C=C1\C(=O)Nc2ncnc(Nc
2352,0.606215,0.0903,5.46,3500.0,CO[C@H]1[C@@H](N(C)C(=O)CNC(=O)OC(C)(C)C)C[C@@H]2O
2353,0.654006,0.0772,5.89,1300.0,CCCCC(O)CN(C)[C@H]1C[C@@H]2O[C@](C)([C@H]1OC)n1c3c
2354,0.586101,0.0790,5.27,5310.0,Cc1cc(C(=O)NCCN2CCOCC2)[nH]c1/C=C1\C(=O)N(C)c2ncnc
2355,0.995401,0.0776,8.96,1.1,Cc1cc(C(=O)NCCN2CCOCC2)[nH]c1/C=C1\C(=O)Nc2ncnc(Nc
2356,0.552789,0.0747,4.98,10590.0,COc1cc2ncc(C#N)c(Nc3ccc(F)c(Cl)c3)c2cc1NC(=O)/C=C/
2357,0.606215,0.0864,5.46,3500.0,CO[C@H]1[C@@H](N(C)C(=O)CNC(=O)OC(C)(C)C)C[C@@H]2O
2358,0.606215,0.0826,5.46,3500.0,CO[C@H]1[C@@H](N(C)C(=O)CNC(=O)OC(C)(C)C)C[C@@H]2O
2359,0.453333,0.0768,4.08,83176.4,COc1cc(/C=C(\C#N)C(N)=O)cc(CSc2nc3cc(Cl)ccc3s2)c1O
2360,0.696401,0.0769,6.27,540.0,CS(=O)(=O)CCNc1nc(-c2ccc3ncnc(Nc4ccc(OCc5cccc(C(F)
2361,0.654006,0.0816,5.89,1300.0,CCCCC(O)CN(C)[C@H]1C[C@@H]2O[C@](C)([C@H]1OC)n1c3c
2362,0.590973,0.0861,5.32,4800.0,CO[C@H]1[C@@H](N(C)C(=O)c2cccc([N+](=O)[O-])c2)C[C
2363,0.696401,0.0826,6.27,540.0,CS(=O)(=O)CCNc1nc(-c2ccc3ncnc(Nc4ccc(OCc5cccc(C(F)
2364,0.606215,0.0758,5.46,3500.0,CO[C@H]1[C@@H](N(C)C(=O)CNC(=O)OC(C)(C)C)C[C@@H]2O
2365,0.586101,0.0805,5.27,5310.0,Cc1cc(C(=O)NCCN2CCOCC2)[nH]c1/C=C1\C(=O)N(C)c2ncnc
2366,0.593027,0.0682,5.34,4600.0,CO[C@H]1[C@@H](N(C)C(=O)c2cccc(Cl)c2)C[C@@H]2O[C@@
2367,0.606215,0.0857,5.46,3500.0,CO[C@H]1[C@@H](N(C)C(=O)CNC(=O)OC(C)(C)C)C[C@@H]2O
2368,0.590973,0.0859,5.32,4800.0,CO[C@H]1[C@@H](N(C)C(=O)c2cccc([N+](=O)[O-])c2)C[C
2369,0.420000,0.0772,3.78,165958.8,CCOc1ccc2sc(SCc3cc(/C=C(\C#N)C(N)=O)cc(OC)c3O)nc2c
2370,0.606215,0.0802,5.46,3500.0,CO[C@H]1[C@@H](N(C)C(=O)CNC(=O)OC(C)(C)C)C[C@@H]2O
2371,0.794305,0.0774,7.15,71.0,CS(=O)(=O)CCNc1nc(-c2ccc3ncnc(Nc4ccc5c(cnn5Cc5cccc
2372,0.971636,0.0771,8.74,1.8,Cc1cc(C(=O)N2CCOCC2)[nH]c1/C=C1\C(=O)Nc2ncnc(Nc3cc
2373,0.654006,0.0663,5.89,1300.0,CCCCC(O)CN(C)[C@H]1C[C@@H]2O[C@](C)([C@H]1OC)n1c3c
2374,0.593027,0.0852,5.34,4600.0,CO[C@H]1[C@@H](N(C)C(=O)c2cccc(Cl)c2)C[C@@H]2O[C@@
2375,0.654006,0.0811,5.89,1300.0,CCCCC(O)CN(C)[C@H]1C[C@@H]2O[C@](C)([C@H]1OC)n1c3c
2376,0.590973,0.0794,5.32,4800.0,CO[C@H]1[C@@H](N(C)C(=O)c2cccc([N+](=O)[O-])c2)C[C
2377,0.590973,0.0786,5.32,4800.0,CO[C@H]1[C@@H](N(C)C(=O)c2cccc([N+](=O)[O-])c2)C[C
2378,0.552789,0.0886,4.98,10590.0,COc1cc2ncc(C#N)c(Nc3ccc(F)c(Cl)c3)c2cc1NC(=O)/C=C/
2379,0.888889,0.0717,8.00,10.0,CS(=O)(=O)CCNCc1ccc(-c2ccc3ncnc(Nc4ccc(OCc5cccc(F)
2380,0.552789,0.0800,4.98,10590.0,COc1cc2ncc(C#N)c(Nc3ccc(F)c(Cl)c3)c2cc1NC(=O)/C=C/
2381,0.971636,0.0841,8.74,1.8,Cc1cc(C(=O)N2CCOCC2)[nH]c1/C=C1\C(=O)Nc2ncnc(Nc3cc
2382,0.586101,0.0725,5.27,5310.0,Cc1cc(C(=O)NCCN2CCOCC2)[nH]c1/C=C1\C(=O)N(C)c2ncnc
2383,0.606215,0.0764,5.46,3500.0,CO[C@H]1[C@@H](N(C)C(=O)CNC(=O)OC(C)(C)C)C[C@@H]2O
2384,0.606215,0.0796,5.46,3500.0,CO[C@H]1[C@@H](N(C)C(=O)CNC(=O)OC(C)(C)C)C[C@@H]2O
2385,0.570085,0.0801,5.13,7400.0,COC(=O)c1ccc(C(=O)N(C)[C@H]2C[C@@H]3O[C@](C)([C@H]
2386,0.552789,0.0824,4.98,10590.0,COc1cc2ncc(C#N)c(Nc3ccc(F)c(Cl)c3)c2cc1NC(=O)/C=C/
2387,0.654006,0.0962,5.89,1300.0,CCCCC(O)CN(C)[C@H]1C[C@@H]2O[C@](C)([C@H]1OC)n1c3c
2388,0.606215,0.0758,5.46,3500.0,CO[C@H]1[C@@H](N(C)C(=O)CNC(=O)OC(C)(C)C)C[C@@H]2O
2389,0.971636,0.0739,8.74,1.8,Cc1cc(C(=O)N2CCOCC2)[nH]c1/C=C1\C(=O)Nc2ncnc(Nc3cc
2390,0.606215,0.0787,5.46,3500.0,CO[C@H]1[C@@H](N(C)C(=O)CNC(=O)OC(C)(C)C)C[C@@H]2O
2391,0.606215,0.0832,5.46,3500.0,CO[C@H]1[C@@H](N(C)C(=O)CNC(=O)OC(C)(C)C)C[C@@H]2O
2392,0.995401,0.0758,8.96,1.1,Cc1cc(C(=O)NCCN2CCOCC2)[nH]c1/C=C1\C(=O)Nc2ncnc(Nc
2393,0.586101,0.0840,5.27,5310.0,Cc1cc(C(=O)NCCN2CCOCC2)[nH]c1/C=C1\C(=O)N(C)c2ncnc
2394,0.606215,0.0839,5.46,3500.0,CO[C@H]1[C@@H](N(C)C(=O)CNC(=O)OC(C)(C)C)C[C@@H]2O
2395,0.606215,0.0812,5.46,3500.0,CO[C@H]1[C@@H](N(C)C(=O)CNC(=O)OC(C)(C)C)C[C@@H]2O
2396,0.552789,0.0731,4.98,10590.0,COc1cc2ncc(C#N)c(Nc3ccc(F)c(Cl)c3)c2cc1NC(=O)/C=C/
2397,0.552789,0.0850,4.98,10590.0,COc1cc2ncc(C#N)c(Nc3ccc(F)c(Cl)c3)c2cc1NC(=O)/C=C/
2398,0.606215,0.0773,5.46,3500.0,CO[C@H]1[C@@H](N(C)C(=O)CNC(=O)OC(C)(C)C)C[C@@H]2O
2399,0.606215,0.0773,5.46,3500.0,CO[C@H]1[C@@H](N(C)C(=O)CNC(=O)OC(C)(C)C)C[C@@H]2O
2400,0.606215,0.0824,5.46,3500.0,CO[C@H]1[C@@H](N(C)C(=O)CNC(=O)OC(C)(C)C)C[C@@H]2O
2401,0.606215,0.0857,5.46,3500.0,CO[C@H]1[C@@H](N(C)C(=O)CNC(=O)OC(C)(C)C)C[C@@H]2O
2402,0.565250,0.0817,5.09,8180.0,CO[C@H]1[C@@H](N(C)C(=O)c2cccnc2)C[C@@H]2O[C@@]1(C
2403,0.606215,0.0791,5.46,3500.0,CO[C@H]1[C@@H](N(C)C(=O)CNC(=O)OC(C)(C)C)C[C@@H]2O
2404,0.593027,0.0848,5.34,4600.0,CO[C@H]1[C@@H](N(C)C(=O)c2cccc(Cl)c2)C[C@@H]2O[C@@
2405,0.537778,0.0735,4.84,14454.4,COc1cc(/C=C(\C#N)C(N)=O)cc(CSc2nc3ccccc3[nH]2)c1O
2406,0.696401,0.0759,6.27,540.0,CS(=O)(=O)CCNc1nc(-c2ccc3ncnc(Nc4ccc(OCc5cccc(C(F)
2407,0.552789,0.0861,4.98,10590.0,COc1cc2ncc(C#N)c(Nc3ccc(F)c(Cl)c3)c2cc1NC(=O)/C=C/
2408,0.552789,0.0765,4.98,10590.0,COc1cc2ncc(C#N)c(Nc3ccc(F)c(Cl)c3)c2cc1NC(=O)/C=C/
2409,0.606215,0.0857,5.46,3500.0,CO[C@H]1[C@@H](N(C)C(=O)CNC(=O)OC(C)(C)C)C[C@@H]2O
2410,0.654006,0.0826,5.89,1300.0,CCCCC(O)CN(C)[C@H]1C[C@@H]2O[C@](C)([C@H]1OC)n1c3c
2411,0.552789,0.0823,4.98,10590.0,COc1cc2ncc(C#N)c(Nc3ccc(F)c(Cl)c3)c2cc1NC(=O)/C=C/
2412,0.654006,0.0865,5.89,1300.0,CCCCC(O)CN(C)[C@H]1C[C@@H]2O[C@](C)([C@H]1OC)n1c3c
2413,0.552789,0.0764,4.98,10590.0,COc1cc2ncc(C#N)c(Nc3ccc(F)c(Cl)c3)c2cc1NC(=O)/C=C/
2414,0.654006,0.0831,5.89,1300.0,CCCCC(O)CN(C)[C@H]1C[C@@H]2O[C@](C)([C@H]1OC)n1c3c
2415,0.444444,0.0885,4.00,100000.0,CO[C@H]1[C@@H](N(C)C(=O)c2ccccc2)C[C@@H]2O[C@@]1(C
2416,0.590973,0.0858,5.32,4800.0,CO[C@H]1[C@@H](N(C)C(=O)c2cccc([N+](=O)[O-])c2)C[C
2417,0.794305,0.0802,7.15,71.0,CS(=O)(=O)CCNc1nc(-c2ccc3ncnc(Nc4ccc5c(cnn5Cc5cccc
2418,0.552789,0.0779,4.98,10590.0,COc1cc2ncc(C#N)c(Nc3ccc(F)c(Cl)c3)c2cc1NC(=O)/C=C/
2419,0.606215,0.0799,5.46,3500.0,CO[C@H]1[C@@H](N(C)C(=O)CNC(=O)OC(C)(C)C)C[C@@H]2O
2420,0.876229,0.0839,7.89,13.0,CCN1CCN(C(=O)c2cc(C)c(/C=C3\C(=O)Nc4ncnc(Nc5ccc(F)
2421,0.654006,0.0724,5.89,1300.0,CCCCC(O)CN(C)[C@H]1C[C@@H]2O[C@](C)([C@H]1OC)n1c3c
2422,0.606215,0.0760,5.46,3500.0,CO[C@H]1[C@@H](N(C)C(=O)CNC(=O)OC(C)(C)C)C[C@@H]2O
2423,0.654006,0.0698,5.89,1300.0,CCCCC(O)CN(C)[C@H]1C[C@@H]2O[C@](C)([C@H]1OC)n1c3c
2424,0.654006,0.0751,5.89,1300.0,CCCCC(O)CN(C)[C@H]1C[C@@H]2O[C@](C)([C@H]1OC)n1c3c
2425,0.606215,0.0862,5.46,3500.0,CO[C@H]1[C@@H](N(C)C(=O)CNC(=O)OC(C)(C)C)C[C@@H]2O
2426,0.995401,0.0793,8.96,1.1,Cc1cc(C(=O)NCCN2CCOCC2)[nH]c1/C=C1\C(=O)Nc2ncnc(Nc
2427,0.552789,0.0775,4.98,10590.0,COc1cc2ncc(C#N)c(Nc3ccc(F)c(Cl)c3)c2cc1NC(=O)/C=C/
2428,0.606215,0.0758,5.46,3500.0,CO[C@H]1[C@@H](N(C)C(=O)CNC(=O)OC(C)(C)C)C[C@@H]2O
2429,1.000000,0.0787,9.35,0.5,CCN(CC)CC(O)CNC(=O)c1cc(C)c(/C=C2\C(=O)Nc3ncnc(Nc4
2430,0.654006,0.0797,5.89,1300.0,CCCCC(O)CN(C)[C@H]1C[C@@H]2O[C@](C)([C@H]1OC)n1c3c
2431,0.995401,0.0769,8.96,1.1,Cc1cc(C(=O)NCCN2CCOCC2)[nH]c1/C=C1\C(=O)Nc2ncnc(Nc
2432,0.606215,0.0876,5.46,3500.0,CO[C@H]1[C@@H](N(C)C(=O)CNC(=O)OC(C)(C)C)C[C@@H]2O
2433,0.453333,0.0792,4.08,83176.4,COc1cc(/C=C(\C#N)C(N)=O)cc(CSc2nc3cc(Cl)ccc3s2)c1O
2434,0.794305,0.0760,7.15,71.0,CS(=O)(=O)CCNc1nc(-c2ccc3ncnc(Nc4ccc5c(cnn5Cc5cccc
2435,0.606215,0.0853,5.46,3500.0,CO[C@H]1[C@@H](N(C)C(=O)CNC(=O)OC(C)(C)C)C[C@@H]2O
2436,0.606215,0.0865,5.46,3500.0,CO[C@H]1[C@@H](N(C)C(=O)CNC(=O)OC(C)(C)C)C[C@@H]2O
2437,0.654006,0.0749,5.89,1300.0,CCCCC(O)CN(C)[C@H]1C[C@@H]2O[C@](C)([C@H]1OC)n1c3c
2438,0.606215,0.0768,5.46,3500.0,CO[C@H]1[C@@H](N(C)C(=O)CNC(=O)OC(C)(C)C)C[C@@H]2O
2439,0.654006,0.0821,5.89,1300.0,CCCCC(O)CN(C)[C@H]1C[C@@H]2O[C@](C)([C@H]1OC)n1c3c
2440,0.670169,0.0829,6.03,930.0,COCCN(C)CCN1CCC(n2cc(-c3cccc(OC)c3)c3c(N)ncnc32)CC
2441,0.995401,0.0798,8.96,1.1,Cc1cc(C(=O)NCCN2CCOCC2)[nH]c1/C=C1\C(=O)Nc2ncnc(Nc
2442,0.654006,0.0736,5.89,1300.0,CCCCC(O)CN(C)[C@H]1C[C@@H]2O[C@](C)([C@H]1OC)n1c3c
2443,0.888889,0.0807,8.00,10.0,CS(=O)(=O)CCNc1nc(-c2ccc3ncnc(Nc4ccc(OCc5cccc(F)c5
2444,0.552789,0.0907,4.98,10590.0,COc1cc2ncc(C#N)c(Nc3ccc(F)c(Cl)c3)c2cc1NC(=O)/C=C/
2445,0.586101,0.0738,5.27,5310.0,Cc1cc(C(=O)NCCN2CCOCC2)[nH]c1/C=C1\C(=O)N(C)c2ncnc
2446,0.606215,0.0815,5.46,3500.0,CO[C@H]1[C@@H](N(C)C(=O)CNC(=O)OC(C)(C)C)C[C@@H]2O
2447,0.876229,0.0796,7.89,13.0,CCN1CCN(C(=O)c2cc(C)c(/C=C3\C(=O)Nc4ncnc(Nc5ccc(F)
2448,0.606215,0.0758,5.46,3500.0,CO[C@H]1[C@@H](N(C)C(=O)CNC(=O)OC(C)(C)C)C[C@@H]2O
2449,0.696401,0.0896,6.27,540.0,CS(=O)(=O)CCNc1nc(-c2ccc3ncnc(Nc4ccc(OCc5cccc(C(F)
2450,0.654006,0.0876,5.89,1300.0,CCCCC(O)CN(C)[C@H]1C[C@@H]2O[C@](C)([C@H]1OC)n1c3c
2451,0.606215,0.0824,5.46,3500.0,CO[C@H]1[C@@H](N(C)C(=O)CNC(=O)OC(C)(C)C)C[C@@H]2O
2452,0.846643,0.0785,7.62,24.0,CS(=O)(=O)CCNCCCCOc1ccc2ncnc(Nc3ccc4c(cnn4Cc4cccc(
2453,0.888889,0.0799,8.00,10.0,CS(=O)(=O)CCNCc1ccc(-c2ccc3ncnc(Nc4ccc(OCc5cccc(F)
2454,0.654006,0.0734,5.89,1300.0,CCCCC(O)CN(C)[C@H]1C[C@@H]2O[C@](C)([C@H]1OC)n1c3c
2455,0.565250,0.0835,5.09,8180.0,CO[C@H]1[C@@H](N(C)C(=O)c2cnccn2)C[C@@H]2O[C@@]1(C
2456,0.606215,0.0940,5.46,3500.0,CO[C@H]1[C@@H](N(C)C(=O)CNC(=O)OC(C)(C)C)C[C@@H]2O
2457,0.654006,0.0851,5.89,1300.0,CCCCC(O)CN(C)[C@H]1C[C@@H]2O[C@](C)([C@H]1OC)n1c3c
2458,0.654006,0.0766,5.89,1300.0,CCCCC(O)CN(C)[C@H]1C[C@@H]2O[C@](C)([C@H]1OC)n1c3c
2459,0.590973,0.0835,5.32,4800.0,CO[C@H]1[C@@H](N(C)C(=O)c2cccc([N+](=O)[O-])c2)C[C
2460,0.552789,0.0822,4.98,10590.0,COc1cc2ncc(C#N)c(Nc3ccc(F)c(Cl)c3)c2cc1NC(=O)/C=C/
2461,0.606215,0.0823,5.46,3500.0,CO[C@H]1[C@@H](N(C)C(=O)CNC(=O)OC(C)(C)C)C[C@@H]2O
2462,0.552789,0.0728,4.98,10590.0,COc1cc2ncc(C#N)c(Nc3ccc(F)c(Cl)c3)c2cc1NC(=O)/C=C/
2463,0.654006,0.0853,5.89,1300.0,CCCCC(O)CN(C)[C@H]1C[C@@H]2O[C@](C)([C@H]1OC)n1c3c
2464,0.696401,0.0839,6.27,540.0,CS(=O)(=O)CCNc1nc(-c2ccc3ncnc(Nc4ccc(OCc5cccc(C(F)
2465,0.654006,0.0728,5.89,1300.0,CCCCC(O)CN(C)[C@H]1C[C@@H]2O[C@](C)([C@H]1OC)n1c3c
2466,0.590973,0.0769,5.32,4800.0,CO[C@H]1[C@@H](N(C)C(=O)c2cccc([N+](=O)[O-])c2)C[C
2467,0.654006,0.0877,5.89,1300.0,CCCCC(O)CN(C)[C@H]1C[C@@H]2O[C@](C)([C@H]1OC)n1c3c
2468,0.590973,0.0828,5.32,4800.0,CO[C@H]1[C@@H](N(C)C(=O)c2cccc([N+](=O)[O-])c2)C[C
2469,0.590973,0.0819,5.32,4800.0,CO[C@H]1[C@@H](N(C)C(=O)c2cccc([N+](=O)[O-])c2)C[C
2470,0.654006,0.0880,5.89,1300.0,CCCCC(O)CN(C)[C@H]1C[C@@H]2O[C@](C)([C@H]1OC)n1c3c
2471,0.552789,0.0808,4.98,10590.0,COc1cc2ncc(C#N)c(Nc3ccc(F)c(Cl)c3)c2cc1NC(=O)/C=C/
2472,0.586101,0.0697,5.27,5310.0,Cc1cc(C(=O)NCCN2CCOCC2)[nH]c1/C=C1\C(=O)N(C)c2ncnc
2473,0.696401,0.0848,6.27,540.0,CS(=O)(=O)CCNc1nc(-c2ccc3ncnc(Nc4ccc(OCc5cccc(C(F)
2474,0.888889,0.0765,8.00,10.0,CS(=O)(=O)CCNCc1ccc(-c2ccc3ncnc(Nc4ccc(OCc5cccc(F)
2475,0.552789,0.0800,4.98,10590.0,COc1cc2ncc(C#N)c(Nc3ccc(F)c(Cl)c3)c2cc1NC(=O)/C=C/
2476,0.995401,0.0882,8.96,1.1,Cc1cc(C(=O)NCCN2CCOCC2)[nH]c1/C=C1\C(=O)Nc2ncnc(Nc
2477,0.590973,0.0859,5.32,4800.0,CO[C@H]1[C@@H](N(C)C(=O)c2cccc([N+](=O)[O-])c2)C[C
2478,0.606215,0.0899,5.46,3500.0,CO[C@H]1[C@@H](N(C)C(=O)CNC(=O)OC(C)(C)C)C[C@@H]2O
2479,0.606215,0.0901,5.46,3500.0,CO[C@H]1[C@@H](N(C)C(=O)CNC(=O)OC(C)(C)C)C[C@@H]2O
2480,0.590973,0.0789,5.32,4800.0,CO[C@H]1[C@@H](N(C)C(=O)c2cccc([N+](=O)[O-])c2)C[C
2481,0.606215,0.0836,5.46,3500.0,CO[C@H]1[C@@H](N(C)C(=O)CNC(=O)OC(C)(C)C)C[C@@H]2O
2482,0.606215,0.0788,5.46,3500.0,CO[C@H]1[C@@H](N(C)C(=O)CNC(=O)OC(C)(C)C)C[C@@H]2O
2483,0.971636,0.0812,8.74,1.8,Cc1cc(C(=O)N2CCOCC2)[nH]c1/C=C1\C(=O)Nc2ncnc(Nc3cc
2484,0.654006,0.0803,5.89,1300.0,CCCCC(O)CN(C)[C@H]1C[C@@H]2O[C@](C)([C@H]1OC)n1c3c
2485,0.654006,0.0826,5.89,1300.0,CCCCC(O)CN(C)[C@H]1C[C@@H]2O[C@](C)([C@H]1OC)n1c3c
2486,0.654006,0.0885,5.89,1300.0,CCCCC(O)CN(C)[C@H]1C[C@@H]2O[C@](C)([C@H]1OC)n1c3c
2487,0.444444,0.0891,4.00,100000.0,CO[C@H]1[C@@H](N(C)C(=O)c2ccccc2)C[C@@H]2O[C@@]1(C
2488,0.995401,0.0852,8.96,1.1,Cc1cc(C(=O)NCCN2CCOCC2)[nH]c1/C=C1\C(=O)Nc2ncnc(Nc
2489,0.565250,0.0851,5.09,8180.0,CO[C@H]1[C@@H](N(C)C(=O)c2cccnc2)C[C@@H]2O[C@@]1(C
2490,0.654006,0.0745,5.89,1300.0,CCCCC(O)CN(C)[C@H]1C[C@@H]2O[C@](C)([C@H]1OC)n1c3c
2491,0.995401,0.0862,8.96,1.1,Cc1cc(C(=O)NCCN2CCOCC2)[nH]c1/C=C1\C(=O)Nc2ncnc(Nc
2492,0.680549,0.0714,6.12,750.0,COc1cccc(-c2cn(C3CCN(CC(=O)N(C)C)CC3)c3ncnc(N)c23)
2493,0.654006,0.0821,5.89,1300.0,CCCCC(O)CN(C)[C@H]1C[C@@H]2O[C@](C)([C@H]1OC)n1c3c
2494,0.696401,0.0752,6.27,540.0,CS(=O)(=O)CCNc1nc(-c2ccc3ncnc(Nc4ccc(OCc5cccc(C(F)
2495,0.888889,0.0757,8.00,10.0,CS(=O)(=O)CCNCc1ccc(-c2ccc3ncnc(Nc4ccc(OCc5cccc(F)
2496,0.654006,0.0808,5.89,1300.0,CCCCC(O)CN(C)[C@H]1C[C@@H]2O[C@](C)([C@H]1OC)n1c3c
2497,0.606215,0.0777,5.46,3500.0,CO[C@H]1[C@@H](N(C)C(=O)CNC(=O)OC(C)(C)C)C[C@@H]2O
2498,0.606215,0.0764,5.46,3500.0,CO[C@H]1[C@@H](N(C)C(=O)CNC(=O)OC(C)(C)C)C[C@@H]2O
2499,0.654006,0.0833,5.89,1300.0,CCCCC(O)CN(C)[C@H]1C[C@@H]2O[C@](C)([C@H]1OC)n1c3c
2500,0.606215,0.0793,5.46,3500.0,CO[C@H]1[C@@H](N(C)C(=O)CNC(=O)OC(C)(C)C)C[C@@H]2O
2501,0.654006,0.0982,5.89,1300.0,CCCCC(O)CN(C)[C@H]1C[C@@H]2O[C@](C)([C@H]1OC)n1c3c
2502,0.696401,0.0791,6.27,540.0,CS(=O)(=O)CCNc1nc(-c2ccc3ncnc(Nc4ccc(OCc5cccc(C(F)
2503,0.453333,0.0772,4.08,83176.4,COc1cc(/C=C(\C#N)C(N)=O)cc(CSc2nc3cc(Cl)ccc3s2)c1O
2504,1.000000,0.0867,9.35,0.5,CCN(CC)CC(O)CNC(=O)c1cc(C)c(/C=C2\C(=O)Nc3ncnc(Nc4
2505,0.654006,0.0817,5.89,1300.0,CCCCC(O)CN(C)[C@H]1C[C@@H]2O[C@](C)([C@H]1OC)n1c3c
2506,0.606215,0.0803,5.46,3500.0,CO[C@H]1[C@@H](N(C)C(=O)CNC(=O)OC(C)(C)C)C[C@@H]2O
2507,0.552789,0.0817,4.98,10590.0,COc1cc2ncc(C#N)c(Nc3ccc(F)c(Cl)c3)c2cc1NC(=O)/C=C/
2508,0.606215,0.0767,5.46,3500.0,CO[C@H]1[C@@H](N(C)C(=O)CNC(=O)OC(C)(C)C)C[C@@H]2O
2509,0.662067,0.0877,5.96,1100.0,CO[C@H]1[C@@H](N(C)CCC#N)C[C@@H]2O[C@@]1(C)n1c3ccc
2510,0.654006,0.0768,5.89,1300.0,CCCCC(O)CN(C)[C@H]1C[C@@H]2O[C@](C)([C@H]1OC)n1c3c
2511,0.606215,0.0847,5.46,3500.0,CO[C@H]1[C@@H](N(C)C(=O)CNC(=O)OC(C)(C)C)C[C@@H]2O
2512,0.794305,0.0761,7.15,71.0,CS(=O)(=O)CCNc1nc(-c2ccc3ncnc(Nc4ccc5c(cnn5Cc5cccc
2513,0.606215,0.0844,5.46,3500.0,CO[C@H]1[C@@H](N(C)C(=O)CNC(=O)OC(C)(C)C)C[C@@H]2O
2514,0.593027,0.0703,5.34,4600.0,CO[C@H]1[C@@H](N(C)C(=O)c2cccc(Cl)c2)C[C@@H]2O[C@@
2515,0.606215,0.0815,5.46,3500.0,CO[C@H]1[C@@H](N(C)C(=O)CNC(=O)OC(C)(C)C)C[C@@H]2O
2516,0.744330,0.0748,6.70,200.0,CCN(CC)CCNC(=O)c1c(C)[nH]c(/C=C2\C(=O)Nc3ncnc(Nc4c
2517,0.971636,0.0723,8.74,1.8,Cc1cc(C(=O)N2CCOCC2)[nH]c1/C=C1\C(=O)Nc2ncnc(Nc3cc
2518,0.590973,0.0797,5.32,4800.0,CO[C@H]1[C@@H](N(C)C(=O)c2cccc([N+](=O)[O-])c2)C[C
2519,0.606215,0.0867,5.46,3500.0,CO[C@H]1[C@@H](N(C)C(=O)CNC(=O)OC(C)(C)C)C[C@@H]2O
2520,0.654006,0.0901,5.89,1300.0,CCCCC(O)CN(C)[C@H]1C[C@@H]2O[C@](C)([C@H]1OC)n1c3c
2521,0.696401,0.0748,6.27,540.0,CS(=O)(=O)CCNc1nc(-c2ccc3ncnc(Nc4ccc(OCc5cccc(C(F)
2522,0.888889,0.0804,8.00,10.0,CS(=O)(=O)CCNCc1ccc(-c2ccc3ncnc(Nc4ccc(OCc5cccc(F)
2523,0.927421,0.0816,8.35,4.5,Cc1cc(C(=O)N2CCOCC2)[nH]c1/C=C1\C(=O)Nc2ncnc(Nc3cc
2524,0.696401,0.0841,6.27,540.0,CS(=O)(=O)CCNc1nc(-c2ccc3ncnc(Nc4ccc(OCc5cccc(C(F)
2525,0.888889,0.0765,8.00,10.0,CS(=O)(=O)CCNc1nc(-c2ccc3ncnc(Nc4ccc(OCc5cccc(F)c5
2526,0.552789,0.0781,4.98,10590.0,COc1cc2ncc(C#N)c(Nc3ccc(F)c(Cl)c3)c2cc1NC(=O)/C=C/
2527,0.565250,0.0833,5.09,8180.0,CO[C@H]1[C@@H](N(C)C(=O)c2cnccn2)C[C@@H]2O[C@@]1(C
2528,0.654006,0.0707,5.89,1300.0,CCCCC(O)CN(C)[C@H]1C[C@@H]2O[C@](C)([C@H]1OC)n1c3c
2529,0.586101,0.0802,5.27,5310.0,Cc1cc(C(=O)NCCN2CCOCC2)[nH]c1/C=C1\C(=O)N(C)c2ncnc
2530,0.590973,0.0882,5.32,4800.0,CO[C@H]1[C@@H](N(C)C(=O)c2cccc([N+](=O)[O-])c2)C[C
2531,0.606215,0.0734,5.46,3500.0,CO[C@H]1[C@@H](N(C)C(=O)CNC(=O)OC(C)(C)C)C[C@@H]2O
2532,0.561287,0.0753,5.05,8880.0,COc1cccc(-c2ccc3c(c2)NC(=O)/C3=C\c2[nH]c3c(c2CCC(=
2533,0.552789,0.0824,4.98,10590.0,COc1cc2ncc(C#N)c(Nc3ccc(F)c(Cl)c3)c2cc1NC(=O)/C=C/
2534,0.788546,0.0724,7.10,80.0,CCOc1cc2ncc(C#N)c(Nc3ccc(F)c(Cl)c3)c2cc1NC(=O)/C=C
2535,0.552789,0.0870,4.98,10590.0,COc1cc2ncc(C#N)c(Nc3ccc(F)c(Cl)c3)c2cc1NC(=O)/C=C/
2536,0.888889,0.0802,8.00,10.0,CS(=O)(=O)CCNCc1ccc(-c2ccc3ncnc(Nc4ccc(OCc5cccc(F)
2537,0.995401,0.0840,8.96,1.1,Cc1cc(C(=O)NCCN2CCOCC2)[nH]c1/C=C1\C(=O)Nc2ncnc(Nc
2538,0.670169,0.0790,6.03,930.0,COCCN(C)CCN1CCC(n2cc(-c3cccc(OC)c3)c3c(N)ncnc32)CC
2539,0.552789,0.0753,4.98,10590.0,COc1cc2ncc(C#N)c(Nc3ccc(F)c(Cl)c3)c2cc1NC(=O)/C=C/
2540,0.758212,0.0768,6.82,150.0,COCC1CCCN1CC#CC(=O)Nc1ccc2ncc(C#N)c(Nc3cccc(Br)c3)
2541,0.927421,0.0747,8.35,4.5,Cc1cc(C(=O)N2CCOCC2)[nH]c1/C=C1\C(=O)Nc2ncnc(Nc3cc
2542,0.654006,0.0739,5.89,1300.0,CCCCC(O)CN(C)[C@H]1C[C@@H]2O[C@](C)([C@H]1OC)n1c3c
2543,0.606215,0.0807,5.46,3500.0,CO[C@H]1[C@@H](N(C)C(=O)CNC(=O)OC(C)(C)C)C[C@@H]2O
2544,0.654006,0.0826,5.89,1300.0,CCCCC(O)CN(C)[C@H]1C[C@@H]2O[C@](C)([C@H]1OC)n1c3c
2545,0.654006,0.0810,5.89,1300.0,CCCCC(O)CN(C)[C@H]1C[C@@H]2O[C@](C)([C@H]1OC)n1c3c
2546,0.565250,0.0810,5.09,8180.0,CO[C@H]1[C@@H](N(C)C(=O)c2cnccn2)C[C@@H]2O[C@@]1(C
2547,0.995401,0.0816,8.96,1.1,Cc1cc(C(=O)NCCN2CCOCC2)[nH]c1/C=C1\C(=O)Nc2ncnc(Nc
2548,0.696401,0.0782,6.27,540.0,CS(=O)(=O)CCNc1nc(-c2ccc3ncnc(Nc4ccc(OCc5cccc(C(F)
2549,0.606215,0.0821,5.46,3500.0,CO[C@H]1[C@@H](N(C)C(=O)CNC(=O)OC(C)(C)C)C[C@@H]2O
2550,0.927421,0.0795,8.35,4.5,Cc1cc(C(=O)N2CCOCC2)[nH]c1/C=C1\C(=O)Nc2ncnc(Nc3cc
2551,0.590573,0.0748,5.32,4840.0,CCN(CC)C(C)/C=C/C(=O)Nc1cc2c(Nc3ccc(F)c(Cl)c3)c(C#
2552,0.565250,0.0753,5.09,8180.0,CO[C@H]1[C@@H](N(C)C(=O)c2cccnc2)C[C@@H]2O[C@@]1(C
2553,0.995401,0.0856,8.96,1.1,Cc1cc(C(=O)NCCN2CCOCC2)[nH]c1/C=C1\C(=O)Nc2ncnc(Nc
2554,0.606215,0.0848,5.46,3500.0,CO[C@H]1[C@@H](N(C)C(=O)CNC(=O)OC(C)(C)C)C[C@@H]2O
2555,0.846643,0.0773,7.62,24.0,CS(=O)(=O)CCNCCCCOc1ccc2ncnc(Nc3ccc4c(cnn4Cc4cccc(
2556,0.552789,0.0914,4.98,10590.0,COc1cc2ncc(C#N)c(Nc3ccc(F)c(Cl)c3)c2cc1NC(=O)/C=C/
2557,0.696401,0.0826,6.27,540.0,CS(=O)(=O)CCNc1nc(-c2ccc3ncnc(Nc4ccc(OCc5cccc(C(F)
2558,0.654006,0.0789,5.89,1300.0,CCCCC(O)CN(C)[C@H]1C[C@@H]2O[C@](C)([C@H]1OC)n1c3c
2559,0.590573,0.0798,5.32,4840.0,CCN(CC)C(C)/C=C/C(=O)Nc1cc2c(Nc3ccc(F)c(Cl)c3)c(C#
2560,0.606215,0.0777,5.46,3500.0,CO[C@H]1[C@@H](N(C)C(=O)CNC(=O)OC(C)(C)C)C[C@@H]2O
2561,0.654006,0.0798,5.89,1300.0,CCCCC(O)CN(C)[C@H]1C[C@@H]2O[C@](C)([C@H]1OC)n1c3c
2562,0.735532,0.0747,6.62,240.0,CCN(CC)CCCCNc1ncc2cc(-c3c(Cl)cccc3Cl)c(NC(=O)NC(C)
2563,0.552789,0.0816,4.98,10590.0,COc1cc2ncc(C#N)c(Nc3ccc(F)c(Cl)c3)c2cc1NC(=O)/C=C/
2564,0.593027,0.0889,5.34,4600.0,CO[C@H]1[C@@H](N(C)C(=O)c2cccc(Cl)c2)C[C@@H]2O[C@@
2565,0.788546,0.0848,7.10,80.0,C=CC(=O)Nc1cc2c(Nc3ccc(F)c(Cl)c3)c(C#N)cnc2cc1OCCC
2566,0.590573,0.0819,5.32,4840.0,CCN(CC)C(C)/C=C/C(=O)Nc1cc2c(Nc3ccc(F)c(Cl)c3)c(C#
2567,0.888889,0.0782,8.00,10.0,CS(=O)(=O)CCNCc1ccc(-c2ccc3ncnc(Nc4ccc(OCc5cccc(F)
2568,0.590973,0.0799,5.32,4800.0,CO[C@H]1[C@@H](N(C)C(=O)c2cccc([N+](=O)[O-])c2)C[C
2569,0.593027,0.0802,5.34,4600.0,CO[C@H]1[C@@H](N(C)C(=O)c2cccc(Cl)c2)C[C@@H]2O[C@@
2570,0.696401,0.0737,6.27,540.0,CS(=O)(=O)CCNc1nc(-c2ccc3ncnc(Nc4ccc(OCc5cccc(C(F)
2571,0.524444,0.0776,4.72,19054.6,COc1cc(/C=C(\C#N)C(N)=O)cc(CSc2nc3ccccc3s2)c1O
2572,0.654006,0.0773,5.89,1300.0,CCCCC(O)CN(C)[C@H]1C[C@@H]2O[C@](C)([C@H]1OC)n1c3c
2573,0.654006,0.0887,5.89,1300.0,CCCCC(O)CN(C)[C@H]1C[C@@H]2O[C@](C)([C@H]1OC)n1c3c
2574,0.995401,0.0871,8.96,1.1,Cc1cc(C(=O)NCCN2CCOCC2)[nH]c1/C=C1\C(=O)Nc2ncnc(Nc
2575,0.927421,0.0851,8.35,4.5,Cc1cc(C(=O)N2CCOCC2)[nH]c1/C=C1\C(=O)Nc2ncnc(Nc3cc
2576,0.794305,0.0797,7.15,71.0,CS(=O)(=O)CCNc1nc(-c2ccc3ncnc(Nc4ccc5c(cnn5Cc5cccc
2577,0.696401,0.0745,6.27,540.0,CS(=O)(=O)CCNc1nc(-c2ccc3ncnc(Nc4ccc(OCc5cccc(C(F)
2578,0.927421,0.0767,8.35,4.5,Cc1cc(C(=O)N2CCOCC2)[nH]c1/C=C1\C(=O)Nc2ncnc(Nc3cc
2579,0.590573,0.0748,5.32,4840.0,CCN(CC)C(C)/C=C/C(=O)Nc1cc2c(Nc3ccc(F)c(Cl)c3)c(C#
2580,0.606215,0.0848,5.46,3500.0,CO[C@H]1[C@@H](N(C)C(=O)CNC(=O)OC(C)(C)C)C[C@@H]2O
2581,0.606215,0.0819,5.46,3500.0,CO[C@H]1[C@@H](N(C)C(=O)CNC(=O)OC(C)(C)C)C[C@@H]2O
2582,0.590573,0.0675,5.32,4840.0,CCN(CC)C(C)/C=C/C(=O)Nc1cc2c(Nc3ccc(F)c(Cl)c3)c(C#
2583,0.675658,0.0826,6.08,830.0,COC(=O)CN1CCC(n2cc(-c3cccc(OC)c3)c3c(N)ncnc32)C1
2584,0.606215,0.0822,5.46,3500.0,CO[C@H]1[C@@H](N(C)C(=O)CNC(=O)OC(C)(C)C)C[C@@H]2O
2585,0.696401,0.0807,6.27,540.0,CS(=O)(=O)CCNc1nc(-c2ccc3ncnc(Nc4ccc(OCc5cccc(C(F)
2586,0.606215,0.0757,5.46,3500.0,CO[C@H]1[C@@H](N(C)C(=O)CNC(=O)OC(C)(C)C)C[C@@H]2O
2587,0.696401,0.0801,6.27,540.0,CS(=O)(=O)CCNc1nc(-c2ccc3ncnc(Nc4ccc(OCc5cccc(C(F)
2588,0.590973,0.0723,5.32,4800.0,CO[C@H]1[C@@H](N(C)C(=O)c2cccc([N+](=O)[O-])c2)C[C
2589,1.000000,0.0748,9.35,0.5,CCN(CC)CC(O)CNC(=O)c1cc(C)c(/C=C2\C(=O)Nc3ncnc(Nc4
2590,0.696401,0.0795,6.27,540.0,CS(=O)(=O)CCNc1nc(-c2ccc3ncnc(Nc4ccc(OCc5cccc(C(F)
2591,0.606215,0.0825,5.46,3500.0,CO[C@H]1[C@@H](N(C)C(=O)CNC(=O)OC(C)(C)C)C[C@@H]2O
2592,0.927421,0.0801,8.35,4.5,Cc1cc(C(=O)N2CCOCC2)[nH]c1/C=C1\C(=O)Nc2ncnc(Nc3cc
2593,0.606215,0.0871,5.46,3500.0,CO[C@H]1[C@@H](N(C)C(=O)CNC(=O)OC(C)(C)C)C[C@@H]2O
2594,0.453333,0.0729,4.08,83176.4,COc1cc(/C=C(\C#N)C(N)=O)cc(CSc2nc3cc(Cl)ccc3s2)c1O
2595,0.590973,0.0760,5.32,4800.0,CO[C@H]1[C@@H](N(C)C(=O)c2cccc([N+](=O)[O-])c2)C[C
2596,0.606215,0.0739,5.46,3500.0,CO[C@H]1[C@@H](N(C)C(=O)CNC(=O)OC(C)(C)C)C[C@@H]2O
2597,0.606215,0.0783,5.46,3500.0,CO[C@H]1[C@@H](N(C)C(=O)CNC(=O)OC(C)(C)C)C[C@@H]2O
2598,0.453333,0.0780,4.08,83176.4,COc1cc(/C=C(\C#N)C(N)=O)cc(CSc2nc3cc(Cl)ccc3s2)c1O
2599,0.606215,0.0745,5.46,3500.0,CO[C@H]1[C@@H](N(C)C(=O)CNC(=O)OC(C)(C)C)C[C@@H]2O
2600,0.696401,0.0839,6.27,540.0,CS(=O)(=O)CCNc1nc(-c2ccc3ncnc(Nc4ccc(OCc5cccc(C(F)
2601,0.552789,0.0751,4.98,10590.0,COc1cc2ncc(C#N)c(Nc3ccc(F)c(Cl)c3)c2cc1NC(=O)/C=C/
2602,0.606215,0.0829,5.46,3500.0,CO[C@H]1[C@@H](N(C)C(=O)CNC(=O)OC(C)(C)C)C[C@@H]2O
2603,0.606215,0.0852,5.46,3500.0,CO[C@H]1[C@@H](N(C)C(=O)CNC(=O)OC(C)(C)C)C[C@@H]2O
2604,0.654006,0.0779,5.89,1300.0,CCCCC(O)CN(C)[C@H]1C[C@@H]2O[C@](C)([C@H]1OC)n1c3c
2605,0.995401,0.0792,8.96,1.1,Cc1cc(C(=O)NCCN2CCOCC2)[nH]c1/C=C1\C(=O)Nc2ncnc(Nc
2606,0.995401,0.0839,8.96,1.1,Cc1cc(C(=O)NCCN2CCOCC2)[nH]c1/C=C1\C(=O)Nc2ncnc(Nc
2607,0.590573,0.0798,5.32,4840.0,CCN(CC)C(C)/C=C/C(=O)Nc1cc2c(Nc3ccc(F)c(Cl)c3)c(C#
2608,0.654006,0.0784,5.89,1300.0,CCCCC(O)CN(C)[C@H]1C[C@@H]2O[C@](C)([C@H]1OC)n1c3c
2609,0.606215,0.0836,5.46,3500.0,CO[C@H]1[C@@H](N(C)C(=O)CNC(=O)OC(C)(C)C)C[C@@H]2O
2610,0.696401,0.0816,6.27,540.0,CS(=O)(=O)CCNc1nc(-c2ccc3ncnc(Nc4ccc(OCc5cccc(C(F)
2611,0.654006,0.0797,5.89,1300.0,CCCCC(O)CN(C)[C@H]1C[C@@H]2O[C@](C)([C@H]1OC)n1c3c
2612,1.000000,0.0691,9.35,0.5,CCN(CC)CC(O)CNC(=O)c1cc(C)c(/C=C2\C(=O)Nc3ncnc(Nc4
2613,0.677434,0.0706,6.10,800.0,COC(=O)CN1CCC(n2cc(-c3cccc(O)c3)c3c(N)ncnc32)CC1
2614,0.723182,0.0780,6.51,310.0,COCCNCCN1CCC(n2cc(-c3cccc(OC)c3)c3c(N)ncnc32)CC1
2615,0.606215,0.0777,5.46,3500.0,CO[C@H]1[C@@H](N(C)C(=O)CNC(=O)OC(C)(C)C)C[C@@H]2O
2616,0.971636,0.0766,8.74,1.8,Cc1cc(C(=O)N2CCOCC2)[nH]c1/C=C1\C(=O)Nc2ncnc(Nc3cc
2617,0.606215,0.0829,5.46,3500.0,CO[C@H]1[C@@H](N(C)C(=O)CNC(=O)OC(C)(C)C)C[C@@H]2O
2618,0.606215,0.0744,5.46,3500.0,CO[C@H]1[C@@H](N(C)C(=O)CNC(=O)OC(C)(C)C)C[C@@H]2O
2619,0.606215,0.0785,5.46,3500.0,CO[C@H]1[C@@H](N(C)C(=O)CNC(=O)OC(C)(C)C)C[C@@H]2O
2620,0.590973,0.0781,5.32,4800.0,CO[C@H]1[C@@H](N(C)C(=O)c2cccc([N+](=O)[O-])c2)C[C
2621,0.995401,0.0749,8.96,1.1,Cc1cc(C(=O)NCCN2CCOCC2)[nH]c1/C=C1\C(=O)Nc2ncnc(Nc
2622,0.606215,0.0829,5.46,3500.0,CO[C@H]1[C@@H](N(C)C(=O)CNC(=O)OC(C)(C)C)C[C@@H]2O
2623,0.420000,0.0804,3.78,165958.8,CCOc1ccc2sc(SCc3cc(/C=C(\C#N)C(N)=O)cc(OC)c3O)nc2c
2624,0.654006,0.0830,5.89,1300.0,CCCCC(O)CN(C)[C@H]1C[C@@H]2O[C@](C)([C@H]1OC)n1c3c
2625,0.590573,0.0806,5.32,4840.0,CCN(CC)C(C)/C=C/C(=O)Nc1cc2c(Nc3ccc(F)c(Cl)c3)c(C#
2626,0.696401,0.0883,6.27,540.0,CS(=O)(=O)CCNc1nc(-c2ccc3ncnc(Nc4ccc(OCc5cccc(C(F)
2627,0.444444,0.0786,4.00,100000.0,COC(=O)CN1Cc2c(c3c4ccccc4n4c3c3c2c2ccccc2n3[C@]2(C
2628,0.654006,0.0820,5.89,1300.0,CCCCC(O)CN(C)[C@H]1C[C@@H]2O[C@](C)([C@H]1OC)n1c3c
2629,0.696401,0.0849,6.27,540.0,CS(=O)(=O)CCNc1nc(-c2ccc3ncnc(Nc4ccc(OCc5cccc(C(F)
2630,0.654006,0.0791,5.89,1300.0,CCCCC(O)CN(C)[C@H]1C[C@@H]2O[C@](C)([C@H]1OC)n1c3c
2631,0.606215,0.0900,5.46,3500.0,CO[C@H]1[C@@H](N(C)C(=O)CNC(=O)OC(C)(C)C)C[C@@H]2O
2632,0.696401,0.0838,6.27,540.0,CS(=O)(=O)CCNc1nc(-c2ccc3ncnc(Nc4ccc(OCc5cccc(C(F)
2633,0.606215,0.0711,5.46,3500.0,CO[C@H]1[C@@H](N(C)C(=O)CNC(=O)OC(C)(C)C)C[C@@H]2O
2634,0.696401,0.0821,6.27,540.0,CS(=O)(=O)CCNc1nc(-c2ccc3ncnc(Nc4ccc(OCc5cccc(C(F)
2635,0.606215,0.0887,5.46,3500.0,CO[C@H]1[C@@H](N(C)C(=O)CNC(=O)OC(C)(C)C)C[C@@H]2O
2636,0.444444,0.0762,4.00,100000.0,COC(=O)CN1Cc2c(c3c4ccccc4n4c3c3c2c2ccccc2n3[C@]2(C
2637,0.606215,0.0734,5.46,3500.0,CO[C@H]1[C@@H](N(C)C(=O)CNC(=O)OC(C)(C)C)C[C@@H]2O
2638,0.606215,0.0861,5.46,3500.0,CO[C@H]1[C@@H](N(C)C(=O)CNC(=O)OC(C)(C)C)C[C@@H]2O
2639,0.995401,0.0808,8.96,1.1,Cc1cc(C(=O)NCCN2CCOCC2)[nH]c1/C=C1\C(=O)Nc2ncnc(Nc
2640,0.606215,0.0801,5.46,3500.0,CO[C@H]1[C@@H](N(C)C(=O)CNC(=O)OC(C)(C)C)C[C@@H]2O
2641,0.606215,0.0749,5.46,3500.0,CO[C@H]1[C@@H](N(C)C(=O)CNC(=O)OC(C)(C)C)C[C@@H]2O
2642,0.696401,0.0731,6.27,540.0,CS(=O)(=O)CCNc1nc(-c2ccc3ncnc(Nc4ccc(OCc5cccc(C(F)
2643,0.654006,0.0773,5.89,1300.0,CCCCC(O)CN(C)[C@H]1C[C@@H]2O[C@](C)([C@H]1OC)n1c3c
2644,0.420000,0.0795,3.78,165958.8,CCOc1ccc2sc(SCc3cc(/C=C(\C#N)C(N)=O)cc(OC)c3O)nc2c
2645,0.654006,0.0815,5.89,1300.0,CCCCC(O)CN(C)[C@H]1C[C@@H]2O[C@](C)([C@H]1OC)n1c3c
2646,0.606215,0.0845,5.46,3500.0,CO[C@H]1[C@@H](N(C)C(=O)CNC(=O)OC(C)(C)C)C[C@@H]2O
2647,0.654006,0.0798,5.89,1300.0,CCCCC(O)CN(C)[C@H]1C[C@@H]2O[C@](C)([C@H]1OC)n1c3c
2648,0.654006,0.0759,5.89,1300.0,CCCCC(O)CN(C)[C@H]1C[C@@H]2O[C@](C)([C@H]1OC)n1c3c
2649,0.552789,0.0852,4.98,10590.0,COc1cc2ncc(C#N)c(Nc3ccc(F)c(Cl)c3)c2cc1NC(=O)/C=C/
2650,0.590973,0.0808,5.32,4800.0,CO[C@H]1[C@@H](N(C)C(=O)c2cccc([N+](=O)[O-])c2)C[C
2651,0.590973,0.0792,5.32,4800.0,CO[C@H]1[C@@H](N(C)C(=O)c2cccc([N+](=O)[O-])c2)C[C
2652,0.552789,0.0777,4.98,10590.0,COc1cc2ncc(C#N)c(Nc3ccc(F)c(Cl)c3)c2cc1NC(=O)/C=C/
2653,0.606215,0.0784,5.46,3500.0,CO[C@H]1[C@@H](N(C)C(=O)CNC(=O)OC(C)(C)C)C[C@@H]2O
2654,0.606215,0.0799,5.46,3500.0,CO[C@H]1[C@@H](N(C)C(=O)CNC(=O)OC(C)(C)C)C[C@@H]2O
2655,0.654006,0.0787,5.89,1300.0,CCCCC(O)CN(C)[C@H]1C[C@@H]2O[C@](C)([C@H]1OC)n1c3c
2656,0.744330,0.0768,6.70,200.0,CCN(CC)CCNC(=O)c1c(C)[nH]c(/C=C2\C(=O)Nc3ncnc(Nc4c
2657,0.552789,0.0836,4.98,10590.0,COc1cc2ncc(C#N)c(Nc3ccc(F)c(Cl)c3)c2cc1NC(=O)/C=C/
2658,0.654006,0.0842,5.89,1300.0,CCCCC(O)CN(C)[C@H]1C[C@@H]2O[C@](C)([C@H]1OC)n1c3c
2659,0.565250,0.0881,5.09,8180.0,CO[C@H]1[C@@H](N(C)C(=O)c2cnccn2)C[C@@H]2O[C@@]1(C
2660,0.590973,0.0809,5.32,4800.0,CO[C@H]1[C@@H](N(C)C(=O)c2cccc([N+](=O)[O-])c2)C[C
2661,0.696401,0.0876,6.27,540.0,CS(=O)(=O)CCNc1nc(-c2ccc3ncnc(Nc4ccc(OCc5cccc(C(F)
2662,0.888889,0.0805,8.00,10.0,CS(=O)(=O)CCNCc1ccc(-c2ccc3ncnc(Nc4ccc(OCc5cccc(F)
2663,0.654006,0.0741,5.89,1300.0,CCCCC(O)CN(C)[C@H]1C[C@@H]2O[C@](C)([C@H]1OC)n1c3c
2664,0.995401,0.0747,8.96,1.1,Cc1cc(C(=O)NCCN2CCOCC2)[nH]c1/C=C1\C(=O)Nc2ncnc(Nc
2665,0.606215,0.0870,5.46,3500.0,CO[C@H]1[C@@H](N(C)C(=O)CNC(=O)OC(C)(C)C)C[C@@H]2O
2666,0.606215,0.0765,5.46,3500.0,CO[C@H]1[C@@H](N(C)C(=O)CNC(=O)OC(C)(C)C)C[C@@H]2O
2667,0.606215,0.0908,5.46,3500.0,CO[C@H]1[C@@H](N(C)C(=O)CNC(=O)OC(C)(C)C)C[C@@H]2O
2668,0.654006,0.0810,5.89,1300.0,CCCCC(O)CN(C)[C@H]1C[C@@H]2O[C@](C)([C@H]1OC)n1c3c
2669,0.606215,0.0888,5.46,3500.0,CO[C@H]1[C@@H](N(C)C(=O)CNC(=O)OC(C)(C)C)C[C@@H]2O
2670,0.654006,0.0839,5.89,1300.0,CCCCC(O)CN(C)[C@H]1C[C@@H]2O[C@](C)([C@H]1OC)n1c3c
2671,0.606215,0.0866,5.46,3500.0,CO[C@H]1[C@@H](N(C)C(=O)CNC(=O)OC(C)(C)C)C[C@@H]2O
2672,0.606215,0.0802,5.46,3500.0,CO[C@H]1[C@@H](N(C)C(=O)CNC(=O)OC(C)(C)C)C[C@@H]2O
2673,0.788546,0.0820,7.10,80.0,C=CC(=O)Nc1cc2c(Nc3ccc(F)c(Cl)c3)c(C#N)cnc2cc1OCCC
2674,0.654006,0.0768,5.89,1300.0,CCCCC(O)CN(C)[C@H]1C[C@@H]2O[C@](C)([C@H]1OC)n1c3c
2675,0.606215,0.0824,5.46,3500.0,CO[C@H]1[C@@H](N(C)C(=O)CNC(=O)OC(C)(C)C)C[C@@H]2O
2676,0.606215,0.0894,5.46,3500.0,CO[C@H]1[C@@H](N(C)C(=O)CNC(=O)OC(C)(C)C)C[C@@H]2O
2677,0.744330,0.0789,6.70,200.0,CCN(CC)CCNC(=O)c1c(C)[nH]c(/C=C2\C(=O)Nc3ncnc(Nc4c
2678,0.654006,0.0782,5.89,1300.0,CCCCC(O)CN(C)[C@H]1C[C@@H]2O[C@](C)([C@H]1OC)n1c3c
2679,0.696401,0.0741,6.27,540.0,CS(=O)(=O)CCNc1nc(-c2ccc3ncnc(Nc4ccc(OCc5cccc(C(F)
2680,0.654006,0.0779,5.89,1300.0,CCCCC(O)CN(C)[C@H]1C[C@@H]2O[C@](C)([C@H]1OC)n1c3c
2681,0.654006,0.0750,5.89,1300.0,CCCCC(O)CN(C)[C@H]1C[C@@H]2O[C@](C)([C@H]1OC)n1c3c
2682,0.606215,0.0790,5.46,3500.0,CO[C@H]1[C@@H](N(C)C(=O)CNC(=O)OC(C)(C)C)C[C@@H]2O
2683,0.888889,0.0702,8.00,10.0,CS(=O)(=O)CCNCc1ccc(-c2ccc3ncnc(Nc4ccc(OCc5cccc(F)
2684,0.606215,0.0748,5.46,3500.0,CO[C@H]1[C@@H](N(C)C(=O)CNC(=O)OC(C)(C)C)C[C@@H]2O
2685,0.606215,0.0851,5.46,3500.0,CO[C@H]1[C@@H](N(C)C(=O)CNC(=O)OC(C)(C)C)C[C@@H]2O
2686,0.606215,0.0851,5.46,3500.0,CO[C@H]1[C@@H](N(C)C(=O)CNC(=O)OC(C)(C)C)C[C@@H]2O
2687,0.995401,0.0801,8.96,1.1,Cc1cc(C(=O)NCCN2CCOCC2)[nH]c1/C=C1\C(=O)Nc2ncnc(Nc
2688,0.606215,0.0788,5.46,3500.0,CO[C@H]1[C@@H](N(C)C(=O)CNC(=O)OC(C)(C)C)C[C@@H]2O
2689,0.586101,0.0812,5.27,5310.0,Cc1cc(C(=O)NCCN2CCOCC2)[nH]c1/C=C1\C(=O)N(C)c2ncnc
2690,0.593027,0.0930,5.34,4600.0,CO[C@H]1[C@@H](N(C)C(=O)c2cccc(Cl)c2)C[C@@H]2O[C@@
2691,0.606215,0.0848,5.46,3500.0,CO[C@H]1[C@@H](N(C)C(=O)CNC(=O)OC(C)(C)C)C[C@@H]2O
2692,0.606215,0.0832,5.46,3500.0,CO[C@H]1[C@@H](N(C)C(=O)CNC(=O)OC(C)(C)C)C[C@@H]2O
2693,0.696401,0.0780,6.27,540.0,CS(=O)(=O)CCNc1nc(-c2ccc3ncnc(Nc4ccc(OCc5cccc(C(F)
2694,0.654006,0.0882,5.89,1300.0,CCCCC(O)CN(C)[C@H]1C[C@@H]2O[C@](C)([C@H]1OC)n1c3c
2695,0.606215,0.0820,5.46,3500.0,CO[C@H]1[C@@H](N(C)C(=O)CNC(=O)OC(C)(C)C)C[C@@H]2O
2696,0.654006,0.0853,5.89,1300.0,CCCCC(O)CN(C)[C@H]1C[C@@H]2O[C@](C)([C@H]1OC)n1c3c
2697,0.654006,0.0761,5.89,1300.0,CCCCC(O)CN(C)[C@H]1C[C@@H]2O[C@](C)([C@H]1OC)n1c3c
2698,0.971636,0.0788,8.74,1.8,Cc1cc(C(=O)N2CCOCC2)[nH]c1/C=C1\C(=O)Nc2ncnc(Nc3cc
2699,0.654006,0.0835,5.89,1300.0,CCCCC(O)CN(C)[C@H]1C[C@@H]2O[C@](C)([C@H]1OC)n1c3c
2700,0.453333,0.0781,4.08,83176.4,COc1cc(/C=C(\C#N)C(N)=O)cc(CSc2nc3cc(Cl)ccc3s2)c1O
2701,0.654006,0.0809,5.89,1300.0,CCCCC(O)CN(C)[C@H]1C[C@@H]2O[C@](C)([C@H]1OC)n1c3c
2702,0.586101,0.0795,5.27,5310.0,Cc1cc(C(=O)NCCN2CCOCC2)[nH]c1/C=C1\C(=O)N(C)c2ncnc
2703,0.888889,0.0805,8.00,10.0,CS(=O)(=O)CCNCc1ccc(-c2ccc3ncnc(Nc4ccc(OCc5cccc(F)
2704,0.444444,0.0825,4.00,100000.0,COC(=O)CN1Cc2c(c3c4ccccc4n4c3c3c2c2ccccc2n3[C@]2(C
2705,0.606215,0.0841,5.46,3500.0,CO[C@H]1[C@@H](N(C)C(=O)CNC(=O)OC(C)(C)C)C[C@@H]2O
2706,0.444444,0.0817,4.00,100000.0,COC(=O)CN1Cc2c(c3c4ccccc4n4c3c3c2c2ccccc2n3[C@]2(C
2707,0.586101,0.0737,5.27,5310.0,Cc1cc(C(=O)NCCN2CCOCC2)[nH]c1/C=C1\C(=O)N(C)c2ncnc
2708,0.606215,0.0793,5.46,3500.0,CO[C@H]1[C@@H](N(C)C(=O)CNC(=O)OC(C)(C)C)C[C@@H]2O
2709,0.606215,0.0763,5.46,3500.0,CO[C@H]1[C@@H](N(C)C(=O)CNC(=O)OC(C)(C)C)C[C@@H]2O
2710,0.606215,0.0830,5.46,3500.0,CO[C@H]1[C@@H](N(C)C(=O)CNC(=O)OC(C)(C)C)C[C@@H]2O
2711,0.654006,0.0889,5.89,1300.0,CCCCC(O)CN(C)[C@H]1C[C@@H]2O[C@](C)([C@H]1OC)n1c3c
2712,0.586101,0.0838,5.27,5310.0,Cc1cc(C(=O)NCCN2CCOCC2)[nH]c1/C=C1\C(=O)N(C)c2ncnc
2713,0.590573,0.0702,5.32,4840.0,CCN(CC)C(C)/C=C/C(=O)Nc1cc2c(Nc3ccc(F)c(Cl)c3)c(C#
2714,0.654006,0.0763,5.89,1300.0,CCCCC(O)CN(C)[C@H]1C[C@@H]2O[C@](C)([C@H]1OC)n1c3c
2715,0.606215,0.0846,5.46,3500.0,CO[C@H]1[C@@H](N(C)C(=O)CNC(=O)OC(C)(C)C)C[C@@H]2O
2716,0.654006,0.0781,5.89,1300.0,CCCCC(O)CN(C)[C@H]1C[C@@H]2O[C@](C)([C@H]1OC)n1c3c
2717,0.552789,0.0870,4.98,10590.0,COc1cc2ncc(C#N)c(Nc3ccc(F)c(Cl)c3)c2cc1NC(=O)/C=C/
2718,0.696401,0.0793,6.27,540.0,CS(=O)(=O)CCNc1nc(-c2ccc3ncnc(Nc4ccc(OCc5cccc(C(F)
2719,0.696401,0.0842,6.27,540.0,CS(=O)(=O)CCNc1nc(-c2ccc3ncnc(Nc4ccc(OCc5cccc(C(F)
2720,0.696401,0.0735,6.27,540.0,CS(=O)(=O)CCNc1nc(-c2ccc3ncnc(Nc4ccc(OCc5cccc(C(F)
2721,0.606215,0.0821,5.46,3500.0,CO[C@H]1[C@@H](N(C)C(=O)CNC(=O)OC(C)(C)C)C[C@@H]2O
2722,0.606215,0.0750,5.46,3500.0,CO[C@H]1[C@@H](N(C)C(=O)CNC(=O)OC(C)(C)C)C[C@@H]2O
2723,0.654006,0.0791,5.89,1300.0,CCCCC(O)CN(C)[C@H]1C[C@@H]2O[C@](C)([C@H]1OC)n1c3c
2724,0.888889,0.0746,8.00,10.0,CS(=O)(=O)CCNc1nc(-c2ccc3ncnc(Nc4ccc(OCc5cccc(F)c5
2725,0.654006,0.0807,5.89,1300.0,CCCCC(O)CN(C)[C@H]1C[C@@H]2O[C@](C)([C@H]1OC)n1c3c
2726,0.586101,0.0771,5.27,5310.0,Cc1cc(C(=O)NCCN2CCOCC2)[nH]c1/C=C1\C(=O)N(C)c2ncnc
2727,0.606215,0.0844,5.46,3500.0,CO[C@H]1[C@@H](N(C)C(=O)CNC(=O)OC(C)(C)C)C[C@@H]2O
2728,0.606215,0.0811,5.46,3500.0,CO[C@H]1[C@@H](N(C)C(=O)CNC(=O)OC(C)(C)C)C[C@@H]2O
2729,0.590573,0.0790,5.32,4840.0,CCN(CC)C(C)/C=C/C(=O)Nc1cc2c(Nc3ccc(F)c(Cl)c3)c(C#
2730,0.696401,0.0743,6.27,540.0,CS(=O)(=O)CCNc1nc(-c2ccc3ncnc(Nc4ccc(OCc5cccc(C(F)
2731,0.971636,0.0791,8.74,1.8,Cc1cc(C(=O)N2CCOCC2)[nH]c1/C=C1\C(=O)Nc2ncnc(Nc3cc
2732,1.000000,0.0789,9.35,0.5,CCN(CC)CC(O)CNC(=O)c1cc(C)c(/C=C2\C(=O)Nc3ncnc(Nc4
2733,0.606215,0.0810,5.46,3500.0,CO[C@H]1[C@@H](N(C)C(=O)CNC(=O)OC(C)(C)C)C[C@@H]2O
2734,0.453333,0.0760,4.08,83176.4,COc1cc(/C=C(\C#N)C(N)=O)cc(CSc2nc3cc(Cl)ccc3s2)c1O
2735,0.590973,0.0798,5.32,4800.0,CO[C@H]1[C@@H](N(C)C(=O)c2cccc([N+](=O)[O-])c2)C[C
2736,0.565250,0.0855,5.09,8180.0,CO[C@H]1[C@@H](N(C)C(=O)c2cnccn2)C[C@@H]2O[C@@]1(C
2737,0.850842,0.0706,7.66,22.0,O=C1Nc2ncnc(Nc3ccc(F)c(Cl)c3)c2/C1=C/c1ccc(C(=O)NC
2738,0.914350,0.0747,8.23,5.9,Cc1cc(C(=O)N2CC(C)NC(C)C2)[nH]c1/C=C1\C(=O)Nc2ncnc
2739,0.971636,0.0794,8.74,1.8,Cc1cc(C(=O)N2CCOCC2)[nH]c1/C=C1\C(=O)Nc2ncnc(Nc3cc
2740,0.420000,0.0716,3.78,165958.8,CCOc1ccc2sc(SCc3cc(/C=C(\C#N)C(N)=O)cc(OC)c3O)nc2c
2741,0.606215,0.0814,5.46,3500.0,CO[C@H]1[C@@H](N(C)C(=O)CNC(=O)OC(C)(C)C)C[C@@H]2O
2742,0.606215,0.0866,5.46,3500.0,CO[C@H]1[C@@H](N(C)C(=O)CNC(=O)OC(C)(C)C)C[C@@H]2O
2743,0.606215,0.0841,5.46,3500.0,CO[C@H]1[C@@H](N(C)C(=O)CNC(=O)OC(C)(C)C)C[C@@H]2O
2744,0.654006,0.0950,5.89,1300.0,CCCCC(O)CN(C)[C@H]1C[C@@H]2O[C@](C)([C@H]1OC)n1c3c
2745,1.000000,0.0787,9.35,0.5,CCN(CC)CC(O)CNC(=O)c1cc(C)c(/C=C2\C(=O)Nc3ncnc(Nc4
2746,0.696401,0.0810,6.27,540.0,CS(=O)(=O)CCNc1nc(-c2ccc3ncnc(Nc4ccc(OCc5cccc(C(F)
2747,0.565250,0.0776,5.09,8180.0,CO[C@H]1[C@@H](N(C)C(=O)c2cccnc2)C[C@@H]2O[C@@]1(C
2748,0.606215,0.0779,5.46,3500.0,CO[C@H]1[C@@H](N(C)C(=O)CNC(=O)OC(C)(C)C)C[C@@H]2O
2749,0.654006,0.0886,5.89,1300.0,CCCCC(O)CN(C)[C@H]1C[C@@H]2O[C@](C)([C@H]1OC)n1c3c
2750,0.606215,0.0734,5.46,3500.0,CO[C@H]1[C@@H](N(C)C(=O)CNC(=O)OC(C)(C)C)C[C@@H]2O
2751,0.696401,0.0724,6.27,540.0,CS(=O)(=O)CCNc1nc(-c2ccc3ncnc(Nc4ccc(OCc5cccc(C(F)
2752,0.654006,0.0806,5.89,1300.0,CCCCC(O)CN(C)[C@H]1C[C@@H]2O[C@](C)([C@H]1OC)n1c3c
2753,0.593027,0.0681,5.34,4600.0,CO[C@H]1[C@@H](N(C)C(=O)c2cccc(Cl)c2)C[C@@H]2O[C@@
2754,0.654006,0.0819,5.89,1300.0,CCCCC(O)CN(C)[C@H]1C[C@@H]2O[C@](C)([C@H]1OC)n1c3c
2755,0.654006,0.0815,5.89,1300.0,CCCCC(O)CN(C)[C@H]1C[C@@H]2O[C@](C)([C@H]1OC)n1c3c
2756,0.606215,0.0815,5.46,3500.0,CO[C@H]1[C@@H](N(C)C(=O)CNC(=O)OC(C)(C)C)C[C@@H]2O
2757,0.606215,0.0794,5.46,3500.0,CO[C@H]1[C@@H](N(C)C(=O)CNC(=O)OC(C)(C)C)C[C@@H]2O
2758,0.794305,0.0748,7.15,71.0,CS(=O)(=O)CCNc1nc(-c2ccc3ncnc(Nc4ccc5c(cnn5Cc5cccc
2759,0.888889,0.0807,8.00,10.0,CS(=O)(=O)CCNc1nc(-c2ccc3ncnc(Nc4ccc(OCc5cccc(F)c5
2760,0.606215,0.0813,5.46,3500.0,CO[C@H]1[C@@H](N(C)C(=O)CNC(=O)OC(C)(C)C)C[C@@H]2O
2761,0.552789,0.0872,4.98,10590.0,COc1cc2ncc(C#N)c(Nc3ccc(F)c(Cl)c3)c2cc1NC(=O)/C=C/
2762,0.654006,0.0789,5.89,1300.0,CCCCC(O)CN(C)[C@H]1C[C@@H]2O[C@](C)([C@H]1OC)n1c3c
2763,0.453333,0.0750,4.08,83176.4,COc1cc(/C=C(\C#N)C(N)=O)cc(CSc2nc3cc(Cl)ccc3s2)c1O
2764,0.606215,0.0790,5.46,3500.0,CO[C@H]1[C@@H](N(C)C(=O)CNC(=O)OC(C)(C)C)C[C@@H]2O
2765,0.654006,0.0735,5.89,1300.0,CCCCC(O)CN(C)[C@H]1C[C@@H]2O[C@](C)([C@H]1OC)n1c3c
2766,0.995401,0.0751,8.96,1.1,Cc1cc(C(=O)NCCN2CCOCC2)[nH]c1/C=C1\C(=O)Nc2ncnc(Nc
2767,0.696401,0.0737,6.27,540.0,CS(=O)(=O)CCNc1nc(-c2ccc3ncnc(Nc4ccc(OCc5cccc(C(F)
2768,0.654006,0.0835,5.89,1300.0,CCCCC(O)CN(C)[C@H]1C[C@@H]2O[C@](C)([C@H]1OC)n1c3c
2769,0.654006,0.0882,5.89,1300.0,CCCCC(O)CN(C)[C@H]1C[C@@H]2O[C@](C)([C@H]1OC)n1c3c
2770,0.654006,0.0802,5.89,1300.0,CCCCC(O)CN(C)[C@H]1C[C@@H]2O[C@](C)([C@H]1OC)n1c3c
2771,0.696401,0.0858,6.27,540.0,CS(=O)(=O)CCNc1nc(-c2ccc3ncnc(Nc4ccc(OCc5cccc(C(F)
2772,0.606215,0.0787,5.46,3500.0,CO[C@H]1[C@@H](N(C)C(=O)CNC(=O)OC(C)(C)C)C[C@@H]2O
2773,0.606215,0.0840,5.46,3500.0,CO[C@H]1[C@@H](N(C)C(=O)CNC(=O)OC(C)(C)C)C[C@@H]2O
2774,0.654006,0.0813,5.89,1300.0,CCCCC(O)CN(C)[C@H]1C[C@@H]2O[C@](C)([C@H]1OC)n1c3c
2775,0.590573,0.0826,5.32,4840.0,CCN(CC)C(C)/C=C/C(=O)Nc1cc2c(Nc3ccc(F)c(Cl)c3)c(C#
2776,0.846643,0.0814,7.62,24.0,CS(=O)(=O)CCNCCCCOc1ccc2ncnc(Nc3ccc4c(cnn4Cc4cccc(
2777,0.662067,0.0786,5.96,1100.0,CO[C@H]1[C@@H](N(C)CCC#N)C[C@@H]2O[C@@]1(C)n1c3ccc
2778,0.680549,0.0780,6.12,750.0,COc1cccc(-c2cn(C3CCN(CC(=O)N(C)C)CC3)c3ncnc(N)c23)
2779,0.606215,0.0849,5.46,3500.0,CO[C@H]1[C@@H](N(C)C(=O)CNC(=O)OC(C)(C)C)C[C@@H]2O
2780,0.654006,0.0778,5.89,1300.0,CCCCC(O)CN(C)[C@H]1C[C@@H]2O[C@](C)([C@H]1OC)n1c3c
2781,0.696401,0.0806,6.27,540.0,CS(=O)(=O)CCNc1nc(-c2ccc3ncnc(Nc4ccc(OCc5cccc(C(F)
2782,0.725575,0.0750,6.53,295.0,COc1cccc(-c2cn(C3CCN(CCN(C)CCO)CC3)c3ncnc(N)c23)c1
2783,0.888889,0.0805,8.00,10.0,CS(=O)(=O)CCNc1nc(-c2ccc3ncnc(Nc4ccc(OCc5cccc(F)c5
2784,0.850842,0.0788,7.66,22.0,O=C1Nc2ncnc(Nc3ccc(F)c(Cl)c3)c2/C1=C/c1ccc(C(=O)NC
2785,0.590973,0.0772,5.32,4800.0,CO[C@H]1[C@@H](N(C)C(=O)c2cccc([N+](=O)[O-])c2)C[C
2786,0.654006,0.0863,5.89,1300.0,CCCCC(O)CN(C)[C@H]1C[C@@H]2O[C@](C)([C@H]1OC)n1c3c
2787,0.696401,0.0784,6.27,540.0,CS(=O)(=O)CCNc1nc(-c2ccc3ncnc(Nc4ccc(OCc5cccc(C(F)
2788,0.654006,0.0878,5.89,1300.0,CCCCC(O)CN(C)[C@H]1C[C@@H]2O[C@](C)([C@H]1OC)n1c3c
2789,0.701089,0.0772,6.31,490.0,COc1cccc(-c2cn(C3CC(CNCCO)C3)c3ncnc(N)c23)c1
2790,0.758212,0.0731,6.82,150.0,COCC1CCCN1CC#CC(=O)Nc1ccc2ncc(C#N)c(Nc3cccc(Br)c3)
2791,0.654006,0.0768,5.89,1300.0,CCCCC(O)CN(C)[C@H]1C[C@@H]2O[C@](C)([C@H]1OC)n1c3c
2792,0.606215,0.0832,5.46,3500.0,CO[C@H]1[C@@H](N(C)C(=O)CNC(=O)OC(C)(C)C)C[C@@H]2O
2793,0.606215,0.0861,5.46,3500.0,CO[C@H]1[C@@H](N(C)C(=O)CNC(=O)OC(C)(C)C)C[C@@H]2O
2794,0.461656,0.0820,4.15,70000.0,CO[C@H]1[C@@H](N(C)C(=O)c2cc([N+](=O)[O-])cc([N+](
2795,0.794305,0.0725,7.15,71.0,CS(=O)(=O)CCNc1nc(-c2ccc3ncnc(Nc4ccc5c(cnn5Cc5cccc
2796,0.696401,0.0833,6.27,540.0,CS(=O)(=O)CCNc1nc(-c2ccc3ncnc(Nc4ccc(OCc5cccc(C(F)
2797,0.675658,0.0876,6.08,830.0,COC(=O)CN1CCC(n2cc(-c3cccc(OC)c3)c3c(N)ncnc32)C1
2798,0.606215,0.0912,5.46,3500.0,CO[C@H]1[C@@H](N(C)C(=O)CNC(=O)OC(C)(C)C)C[C@@H]2O
2799,0.461656,0.0889,4.15,70000.0,CO[C@H]1[C@@H](N(C)C(=O)c2cc([N+](=O)[O-])cc([N+](
2800,0.696401,0.0745,6.27,540.0,CS(=O)(=O)CCNc1nc(-c2ccc3ncnc(Nc4ccc(OCc5cccc(C(F)
2801,0.444444,0.0838,4.00,100000.0,CO[C@H]1[C@@H](N(C)C(=O)c2ccccc2)C[C@@H]2O[C@@]1(C
2802,0.606215,0.0857,5.46,3500.0,CO[C@H]1[C@@H](N(C)C(=O)CNC(=O)OC(C)(C)C)C[C@@H]2O
2803,0.696401,0.0720,6.27,540.0,CS(=O)(=O)CCNc1nc(-c2ccc3ncnc(Nc4ccc(OCc5cccc(C(F)
2804,0.696401,0.0792,6.27,540.0,CS(=O)(=O)CCNc1nc(-c2ccc3ncnc(Nc4ccc(OCc5cccc(C(F)
2805,0.654006,0.0765,5.89,1300.0,CCCCC(O)CN(C)[C@H]1C[C@@H]2O[C@](C)([C@H]1OC)n1c3c
2806,0.995401,0.0911,8.96,1.1,Cc1cc(C(=O)NCCN2CCOCC2)[nH]c1/C=C1\C(=O)Nc2ncnc(Nc
2807,0.590973,0.0921,5.32,4800.0,CO[C@H]1[C@@H](N(C)C(=O)c2cccc([N+](=O)[O-])c2)C[C
2808,0.606215,0.0874,5.46,3500.0,CO[C@H]1[C@@H](N(C)C(=O)CNC(=O)OC(C)(C)C)C[C@@H]2O
2809,0.590573,0.0757,5.32,4840.0,CCN(CC)C(C)/C=C/C(=O)Nc1cc2c(Nc3ccc(F)c(Cl)c3)c(C#
2810,0.995401,0.0819,8.96,1.1,Cc1cc(C(=O)NCCN2CCOCC2)[nH]c1/C=C1\C(=O)Nc2ncnc(Nc
2811,0.888889,0.0793,8.00,10.0,CS(=O)(=O)CCNCc1ccc(-c2ccc3ncnc(Nc4ccc(OCc5cccc(F)
2812,0.654006,0.0807,5.89,1300.0,CCCCC(O)CN(C)[C@H]1C[C@@H]2O[C@](C)([C@H]1OC)n1c3c
2813,0.561287,0.0734,5.05,8880.0,COc1cccc(-c2ccc3c(c2)NC(=O)/C3=C\c2[nH]c3c(c2CCC(=
2814,0.606215,0.0859,5.46,3500.0,CO[C@H]1[C@@H](N(C)C(=O)CNC(=O)OC(C)(C)C)C[C@@H]2O
2815,0.995401,0.0873,8.96,1.1,Cc1cc(C(=O)NCCN2CCOCC2)[nH]c1/C=C1\C(=O)Nc2ncnc(Nc
2816,0.590973,0.0825,5.32,4800.0,CO[C@H]1[C@@H](N(C)C(=O)c2cccc([N+](=O)[O-])c2)C[C
2817,0.654006,0.0745,5.89,1300.0,CCCCC(O)CN(C)[C@H]1C[C@@H]2O[C@](C)([C@H]1OC)n1c3c
2818,0.606215,0.0756,5.46,3500.0,CO[C@H]1[C@@H](N(C)C(=O)CNC(=O)OC(C)(C)C)C[C@@H]2O
2819,0.606215,0.0814,5.46,3500.0,CO[C@H]1[C@@H](N(C)C(=O)CNC(=O)OC(C)(C)C)C[C@@H]2O
2820,0.606215,0.0844,5.46,3500.0,CO[C@H]1[C@@H](N(C)C(=O)CNC(=O)OC(C)(C)C)C[C@@H]2O
2821,0.696401,0.0816,6.27,540.0,CS(=O)(=O)CCNc1nc(-c2ccc3ncnc(Nc4ccc(OCc5cccc(C(F)
2822,0.606215,0.0831,5.46,3500.0,CO[C@H]1[C@@H](N(C)C(=O)CNC(=O)OC(C)(C)C)C[C@@H]2O
2823,0.606215,0.0842,5.46,3500.0,CO[C@H]1[C@@H](N(C)C(=O)CNC(=O)OC(C)(C)C)C[C@@H]2O
2824,0.654006,0.0790,5.89,1300.0,CCCCC(O)CN(C)[C@H]1C[C@@H]2O[C@](C)([C@H]1OC)n1c3c
2825,1.000000,0.0868,9.35,0.5,CCN(CC)CC(O)CNC(=O)c1cc(C)c(/C=C2\C(=O)Nc3ncnc(Nc4
2826,0.606215,0.0767,5.46,3500.0,CO[C@H]1[C@@H](N(C)C(=O)CNC(=O)OC(C)(C)C)C[C@@H]2O
2827,0.444444,0.0784,4.00,100000.0,COC(=O)CN1Cc2c(c3c4ccccc4n4c3c3c2c2ccccc2n3[C@]2(C
2828,0.995401,0.0797,8.96,1.1,Cc1cc(C(=O)NCCN2CCOCC2)[nH]c1/C=C1\C(=O)Nc2ncnc(Nc
2829,0.654006,0.0786,5.89,1300.0,CCCCC(O)CN(C)[C@H]1C[C@@H]2O[C@](C)([C@H]1OC)n1c3c
2830,0.590973,0.0745,5.32,4800.0,CO[C@H]1[C@@H](N(C)C(=O)c2cccc([N+](=O)[O-])c2)C[C
2831,0.606215,0.0809,5.46,3500.0,CO[C@H]1[C@@H](N(C)C(=O)CNC(=O)OC(C)(C)C)C[C@@H]2O
2832,0.606215,0.0915,5.46,3500.0,CO[C@H]1[C@@H](N(C)C(=O)CNC(=O)OC(C)(C)C)C[C@@H]2O
2833,0.606215,0.0800,5.46,3500.0,CO[C@H]1[C@@H](N(C)C(=O)CNC(=O)OC(C)(C)C)C[C@@H]2O
2834,0.565250,0.0835,5.09,8180.0,CO[C@H]1[C@@H](N(C)C(=O)c2cccnc2)C[C@@H]2O[C@@]1(C
2835,0.590973,0.0830,5.32,4800.0,CO[C@H]1[C@@H](N(C)C(=O)c2cccc([N+](=O)[O-])c2)C[C
2836,0.444444,0.0723,4.00,100000.0,COC(=O)CN1Cc2c(c3c4ccccc4n4c3c3c2c2ccccc2n3[C@]2(C
2837,0.744330,0.0820,6.70,200.0,CCN(CC)CCNC(=O)c1c(C)[nH]c(/C=C2\C(=O)Nc3ncnc(Nc4c
2838,0.606215,0.0884,5.46,3500.0,CO[C@H]1[C@@H](N(C)C(=O)CNC(=O)OC(C)(C)C)C[C@@H]2O
2839,0.552789,0.0849,4.98,10590.0,COc1cc2ncc(C#N)c(Nc3ccc(F)c(Cl)c3)c2cc1NC(=O)/C=C/
2840,0.675658,0.0760,6.08,830.0,COC(=O)CN1CCC(n2cc(-c3cccc(OC)c3)c3c(N)ncnc32)C1
2841,0.606215,0.0833,5.46,3500.0,CO[C@H]1[C@@H](N(C)C(=O)CNC(=O)OC(C)(C)C)C[C@@H]2O
2842,0.980434,0.0761,8.82,1.5,C=CC(=O)Nc1cc2c(Nc3ccc(F)c(Cl)c3)ncnc2cc1OCCCN1CCO
2843,0.888889,0.0737,8.00,10.0,CS(=O)(=O)CCNCc1ccc(-c2ccc3ncnc(Nc4ccc(OCc5cccc(F)
2844,0.606215,0.0847,5.46,3500.0,CO[C@H]1[C@@H](N(C)C(=O)CNC(=O)OC(C)(C)C)C[C@@H]2O
2845,0.971636,0.0759,8.74,1.8,Cc1cc(C(=O)N2CCOCC2)[nH]c1/C=C1\C(=O)Nc2ncnc(Nc3cc
2846,0.453333,0.0747,4.08,83176.4,COc1cc(/C=C(\C#N)C(N)=O)cc(CSc2nc3cc(Cl)ccc3s2)c1O
2847,0.540824,0.0825,4.87,13570.0,COc1cc2ncc(C#N)c(Nc3ccc(F)c(Cl)c3)c2cc1NC(=O)/C=C/
2848,0.606215,0.0850,5.46,3500.0,CO[C@H]1[C@@H](N(C)C(=O)CNC(=O)OC(C)(C)C)C[C@@H]2O
2849,0.846643,0.0803,7.62,24.0,CS(=O)(=O)CCNCCCCOc1ccc2ncnc(Nc3ccc4c(cnn4Cc4cccc(
2850,0.606215,0.0808,5.46,3500.0,CO[C@H]1[C@@H](N(C)C(=O)CNC(=O)OC(C)(C)C)C[C@@H]2O
2851,0.593027,0.0722,5.34,4600.0,CO[C@H]1[C@@H](N(C)C(=O)c2cccc(Cl)c2)C[C@@H]2O[C@@
2852,0.696401,0.0792,6.27,540.0,CS(=O)(=O)CCNc1nc(-c2ccc3ncnc(Nc4ccc(OCc5cccc(C(F)
2853,0.606215,0.0833,5.46,3500.0,CO[C@H]1[C@@H](N(C)C(=O)CNC(=O)OC(C)(C)C)C[C@@H]2O
2854,0.670169,0.0777,6.03,930.0,COCCN(C)CCN1CCC(n2cc(-c3cccc(OC)c3)c3c(N)ncnc32)CC
2855,0.995401,0.0771,8.96,1.1,Cc1cc(C(=O)NCCN2CCOCC2)[nH]c1/C=C1\C(=O)Nc2ncnc(Nc
2856,0.654006,0.0772,5.89,1300.0,CCCCC(O)CN(C)[C@H]1C[C@@H]2O[C@](C)([C@H]1OC)n1c3c
2857,0.675658,0.0845,6.08,830.0,COC(=O)CN1CCC(n2cc(-c3cccc(OC)c3)c3c(N)ncnc32)C1
2858,0.606215,0.0827,5.46,3500.0,CO[C@H]1[C@@H](N(C)C(=O)CNC(=O)OC(C)(C)C)C[C@@H]2O
2859,0.606215,0.0890,5.46,3500.0,CO[C@H]1[C@@H](N(C)C(=O)CNC(=O)OC(C)(C)C)C[C@@H]2O
2860,0.788546,0.0814,7.10,80.0,C=CC(=O)Nc1cc2c(Nc3ccc(F)c(Cl)c3)c(C#N)cnc2cc1OCCC
2861,0.606215,0.0869,5.46,3500.0,CO[C@H]1[C@@H](N(C)C(=O)CNC(=O)OC(C)(C)C)C[C@@H]2O
2862,0.606215,0.0842,5.46,3500.0,CO[C@H]1[C@@H](N(C)C(=O)CNC(=O)OC(C)(C)C)C[C@@H]2O
2863,0.788546,0.0820,7.10,80.0,CCOc1cc2ncc(C#N)c(Nc3ccc(F)c(Cl)c3)c2cc1NC(=O)/C=C
2864,0.696401,0.0825,6.27,540.0,CS(=O)(=O)CCNc1nc(-c2ccc3ncnc(Nc4ccc(OCc5cccc(C(F)
2865,0.971636,0.0768,8.74,1.8,Cc1cc(C(=O)N2CCOCC2)[nH]c1/C=C1\C(=O)Nc2ncnc(Nc3cc
2866,0.453333,0.0776,4.08,83176.4,COc1cc(/C=C(\C#N)C(N)=O)cc(CSc2nc3cc(Cl)ccc3s2)c1O
2867,0.586101,0.0815,5.27,5310.0,Cc1cc(C(=O)NCCN2CCOCC2)[nH]c1/C=C1\C(=O)N(C)c2ncnc
2868,0.696401,0.0816,6.27,540.0,CS(=O)(=O)CCNc1nc(-c2ccc3ncnc(Nc4ccc(OCc5cccc(C(F)
2869,0.794305,0.0736,7.15,71.0,CS(=O)(=O)CCNc1nc(-c2ccc3ncnc(Nc4ccc5c(cnn5Cc5cccc
2870,0.606215,0.0773,5.46,3500.0,CO[C@H]1[C@@H](N(C)C(=O)CNC(=O)OC(C)(C)C)C[C@@H]2O
2871,0.606215,0.0905,5.46,3500.0,CO[C@H]1[C@@H](N(C)C(=O)CNC(=O)OC(C)(C)C)C[C@@H]2O
2872,0.654006,0.0828,5.89,1300.0,CCCCC(O)CN(C)[C@H]1C[C@@H]2O[C@](C)([C@H]1OC)n1c3c
2873,0.654006,0.0813,5.89,1300.0,CCCCC(O)CN(C)[C@H]1C[C@@H]2O[C@](C)([C@H]1OC)n1c3c
2874,0.927421,0.0759,8.35,4.5,Cc1cc(C(=O)N2CCOCC2)[nH]c1/C=C1\C(=O)Nc2ncnc(Nc3cc
2875,1.000000,0.0857,9.35,0.5,CCN(CC)CC(O)CNC(=O)c1cc(C)c(/C=C2\C(=O)Nc3ncnc(Nc4
2876,0.654006,0.0763,5.89,1300.0,CCCCC(O)CN(C)[C@H]1C[C@@H]2O[C@](C)([C@H]1OC)n1c3c
2877,0.606215,0.0871,5.46,3500.0,CO[C@H]1[C@@H](N(C)C(=O)CNC(=O)OC(C)(C)C)C[C@@H]2O
2878,0.654006,0.0807,5.89,1300.0,CCCCC(O)CN(C)[C@H]1C[C@@H]2O[C@](C)([C@H]1OC)n1c3c
2879,0.696401,0.0866,6.27,540.0,CS(=O)(=O)CCNc1nc(-c2ccc3ncnc(Nc4ccc(OCc5cccc(C(F)
2880,0.590973,0.0772,5.32,4800.0,CO[C@H]1[C@@H](N(C)C(=O)c2cccc([N+](=O)[O-])c2)C[C
2881,0.654006,0.0838,5.89,1300.0,CCCCC(O)CN(C)[C@H]1C[C@@H]2O[C@](C)([C@H]1OC)n1c3c
2882,0.654006,0.0856,5.89,1300.0,CCCCC(O)CN(C)[C@H]1C[C@@H]2O[C@](C)([C@H]1OC)n1c3c
2883,1.000000,0.0737,9.35,0.5,CCN(CC)CC(O)CNC(=O)c1cc(C)c(/C=C2\C(=O)Nc3ncnc(Nc4
2884,0.590973,0.0753,5.32,4800.0,CO[C@H]1[C@@H](N(C)C(=O)c2cccc([N+](=O)[O-])c2)C[C
2885,0.927421,0.0764,8.35,4.5,Cc1cc(C(=O)N2CCOCC2)[nH]c1/C=C1\C(=O)Nc2ncnc(Nc3cc
2886,0.670169,0.0785,6.03,930.0,COCCN(C)CCN1CCC(n2cc(-c3cccc(OC)c3)c3c(N)ncnc32)CC
2887,0.995401,0.0769,8.96,1.1,Cc1cc(C(=O)NCCN2CCOCC2)[nH]c1/C=C1\C(=O)Nc2ncnc(Nc
2888,0.654006,0.0754,5.89,1300.0,CCCCC(O)CN(C)[C@H]1C[C@@H]2O[C@](C)([C@H]1OC)n1c3c
2889,0.995401,0.0767,8.96,1.1,Cc1cc(C(=O)NCCN2CCOCC2)[nH]c1/C=C1\C(=O)Nc2ncnc(Nc
2890,1.000000,0.0812,9.35,0.5,CCN(CC)CC(O)CNC(=O)c1cc(C)c(/C=C2\C(=O)Nc3ncnc(Nc4
2891,0.846643,0.0814,7.62,24.0,CS(=O)(=O)CCNCCCCOc1ccc2ncnc(Nc3ccc4c(cnn4Cc4cccc(
2892,0.606215,0.0835,5.46,3500.0,CO[C@H]1[C@@H](N(C)C(=O)CNC(=O)OC(C)(C)C)C[C@@H]2O
2893,0.696401,0.0744,6.27,540.0,CS(=O)(=O)CCNc1nc(-c2ccc3ncnc(Nc4ccc(OCc5cccc(C(F)
2894,0.701089,0.0734,6.31,490.0,COc1cccc(-c2cn(C3CC(CNCCO)C3)c3ncnc(N)c23)c1
2895,0.565250,0.0750,5.09,8180.0,CO[C@H]1[C@@H](N(C)C(=O)c2cccnc2)C[C@@H]2O[C@@]1(C
2896,0.654006,0.0772,5.89,1300.0,CCCCC(O)CN(C)[C@H]1C[C@@H]2O[C@](C)([C@H]1OC)n1c3c
2897,0.654006,0.0771,5.89,1300.0,CCCCC(O)CN(C)[C@H]1C[C@@H]2O[C@](C)([C@H]1OC)n1c3c
2898,0.540824,0.0835,4.87,13570.0,COc1cc2ncc(C#N)c(Nc3ccc(F)c(Cl)c3)c2cc1NC(=O)/C=C/
2899,0.694646,0.0747,6.25,560.0,C=C(CN(C)C)C(=O)Nc1cc2c(Nc3ccc(F)c(Cl)c3)c(C#N)cnc
2900,0.654006,0.0779,5.89,1300.0,CCCCC(O)CN(C)[C@H]1C[C@@H]2O[C@](C)([C@H]1OC)n1c3c
2901,0.606215,0.0830,5.46,3500.0,CO[C@H]1[C@@H](N(C)C(=O)CNC(=O)OC(C)(C)C)C[C@@H]2O
2902,0.606215,0.0812,5.46,3500.0,CO[C@H]1[C@@H](N(C)C(=O)CNC(=O)OC(C)(C)C)C[C@@H]2O
2903,0.552789,0.0801,4.98,10590.0,COc1cc2ncc(C#N)c(Nc3ccc(F)c(Cl)c3)c2cc1NC(=O)/C=C/
2904,0.654006,0.0897,5.89,1300.0,CCCCC(O)CN(C)[C@H]1C[C@@H]2O[C@](C)([C@H]1OC)n1c3c
2905,0.654006,0.0798,5.89,1300.0,CCCCC(O)CN(C)[C@H]1C[C@@H]2O[C@](C)([C@H]1OC)n1c3c
2906,0.995401,0.0700,8.96,1.1,Cc1cc(C(=O)NCCN2CCOCC2)[nH]c1/C=C1\C(=O)Nc2ncnc(Nc
2907,0.654006,0.0843,5.89,1300.0,CCCCC(O)CN(C)[C@H]1C[C@@H]2O[C@](C)([C@H]1OC)n1c3c
2908,0.606215,0.0887,5.46,3500.0,CO[C@H]1[C@@H](N(C)C(=O)CNC(=O)OC(C)(C)C)C[C@@H]2O
2909,1.000000,0.0732,9.35,0.5,CCN(CC)CC(O)CNC(=O)c1cc(C)c(/C=C2\C(=O)Nc3ncnc(Nc4
2910,0.565250,0.0854,5.09,8180.0,CO[C@H]1[C@@H](N(C)C(=O)c2cccnc2)C[C@@H]2O[C@@]1(C
2911,0.590573,0.0841,5.32,4840.0,CCN(CC)C(C)/C=C/C(=O)Nc1cc2c(Nc3ccc(F)c(Cl)c3)c(C#
2912,1.000000,0.0783,9.35,0.5,CCN(CC)CC(O)CNC(=O)c1cc(C)c(/C=C2\C(=O)Nc3ncnc(Nc4
2913,0.654006,0.0841,5.89,1300.0,CCCCC(O)CN(C)[C@H]1C[C@@H]2O[C@](C)([C@H]1OC)n1c3c
2914,0.654006,0.1002,5.89,1300.0,CCCCC(O)CN(C)[C@H]1C[C@@H]2O[C@](C)([C@H]1OC)n1c3c
2915,0.590573,0.0802,5.32,4840.0,CCN(CC)C(C)/C=C/C(=O)Nc1cc2c(Nc3ccc(F)c(Cl)c3)c(C#
2916,0.590573,0.0783,5.32,4840.0,CCN(CC)C(C)/C=C/C(=O)Nc1cc2c(Nc3ccc(F)c(Cl)c3)c(C#
2917,0.927421,0.0772,8.35,4.5,Cc1cc(C(=O)N2CCOCC2)[nH]c1/C=C1\C(=O)Nc2ncnc(Nc3cc
2918,0.606215,0.0832,5.46,3500.0,CO[C@H]1[C@@H](N(C)C(=O)CNC(=O)OC(C)(C)C)C[C@@H]2O
2919,0.606215,0.0748,5.46,3500.0,CO[C@H]1[C@@H](N(C)C(=O)CNC(=O)OC(C)(C)C)C[C@@H]2O
2920,0.654006,0.0811,5.89,1300.0,CCCCC(O)CN(C)[C@H]1C[C@@H]2O[C@](C)([C@H]1OC)n1c3c
2921,0.606215,0.0756,5.46,3500.0,CO[C@H]1[C@@H](N(C)C(=O)CNC(=O)OC(C)(C)C)C[C@@H]2O
2922,0.876229,0.0827,7.89,13.0,CCN1CCN(C(=O)c2cc(C)c(/C=C3\C(=O)Nc4ncnc(Nc5ccc(F)
2923,0.590573,0.0793,5.32,4840.0,CCN(CC)C(C)/C=C/C(=O)Nc1cc2c(Nc3ccc(F)c(Cl)c3)c(C#
2924,0.670169,0.0784,6.03,930.0,COCCN(C)CCN1CCC(n2cc(-c3cccc(OC)c3)c3c(N)ncnc32)CC
2925,0.586101,0.0725,5.27,5310.0,Cc1cc(C(=O)NCCN2CCOCC2)[nH]c1/C=C1\C(=O)N(C)c2ncnc
2926,0.971636,0.0801,8.74,1.8,Cc1cc(C(=O)N2CCOCC2)[nH]c1/C=C1\C(=O)Nc2ncnc(Nc3cc
2927,0.995401,0.0809,8.96,1.1,Cc1cc(C(=O)NCCN2CCOCC2)[nH]c1/C=C1\C(=O)Nc2ncnc(Nc
2928,0.654006,0.0866,5.89,1300.0,CCCCC(O)CN(C)[C@H]1C[C@@H]2O[C@](C)([C@H]1OC)n1c3c
2929,0.654006,0.0926,5.89,1300.0,CCCCC(O)CN(C)[C@H]1C[C@@H]2O[C@](C)([C@H]1OC)n1c3c
2930,0.696401,0.0851,6.27,540.0,CS(=O)(=O)CCNc1nc(-c2ccc3ncnc(Nc4ccc(OCc5cccc(C(F)
2931,0.606215,0.0833,5.46,3500.0,CO[C@H]1[C@@H](N(C)C(=O)CNC(=O)OC(C)(C)C)C[C@@H]2O
2932,0.654006,0.0769,5.89,1300.0,CCCCC(O)CN(C)[C@H]1C[C@@H]2O[C@](C)([C@H]1OC)n1c3c
2933,0.696401,0.0822,6.27,540.0,CS(=O)(=O)CCNc1nc(-c2ccc3ncnc(Nc4ccc(OCc5cccc(C(F)
2934,0.444444,0.0792,4.00,100000.0,CO[C@H]1[C@@H](N(C)C(=O)c2ccccc2)C[C@@H]2O[C@@]1(C
2935,0.995401,0.0826,8.96,1.1,Cc1cc(C(=O)NCCN2CCOCC2)[nH]c1/C=C1\C(=O)Nc2ncnc(Nc
2936,0.552789,0.0797,4.98,10590.0,COc1cc2ncc(C#N)c(Nc3ccc(F)c(Cl)c3)c2cc1NC(=O)/C=C/
2937,0.586101,0.0837,5.27,5310.0,Cc1cc(C(=O)NCCN2CCOCC2)[nH]c1/C=C1\C(=O)N(C)c2ncnc
2938,0.552789,0.0823,4.98,10590.0,COc1cc2ncc(C#N)c(Nc3ccc(F)c(Cl)c3)c2cc1NC(=O)/C=C/
2939,0.888889,0.0687,8.00,10.0,CS(=O)(=O)CCNCc1ccc(-c2ccc3ncnc(Nc4ccc(OCc5cccc(F)
2940,0.696401,0.0832,6.27,540.0,CS(=O)(=O)CCNc1nc(-c2ccc3ncnc(Nc4ccc(OCc5cccc(C(F)
2941,0.606215,0.0919,5.46,3500.0,CO[C@H]1[C@@H](N(C)C(=O)CNC(=O)OC(C)(C)C)C[C@@H]2O
2942,0.654006,0.0830,5.89,1300.0,CCCCC(O)CN(C)[C@H]1C[C@@H]2O[C@](C)([C@H]1OC)n1c3c
2943,0.606215,0.0768,5.46,3500.0,CO[C@H]1[C@@H](N(C)C(=O)CNC(=O)OC(C)(C)C)C[C@@H]2O
2944,0.654006,0.0847,5.89,1300.0,CCCCC(O)CN(C)[C@H]1C[C@@H]2O[C@](C)([C@H]1OC)n1c3c
2945,0.586101,0.0767,5.27,5310.0,Cc1cc(C(=O)NCCN2CCOCC2)[nH]c1/C=C1\C(=O)N(C)c2ncnc
2946,0.590973,0.0781,5.32,4800.0,CO[C@H]1[C@@H](N(C)C(=O)c2cccc([N+](=O)[O-])c2)C[C
2947,1.000000,0.0758,9.35,0.5,CCN(CC)CC(O)CNC(=O)c1cc(C)c(/C=C2\C(=O)Nc3ncnc(Nc4
2948,0.696401,0.0833,6.27,540.0,CS(=O)(=O)CCNc1nc(-c2ccc3ncnc(Nc4ccc(OCc5cccc(C(F)
2949,0.606215,0.0820,5.46,3500.0,CO[C@H]1[C@@H](N(C)C(=O)CNC(=O)OC(C)(C)C)C[C@@H]2O
2950,0.995401,0.0761,8.96,1.1,Cc1cc(C(=O)NCCN2CCOCC2)[nH]c1/C=C1\C(=O)Nc2ncnc(Nc
2951,0.995401,0.0696,8.96,1.1,Cc1cc(C(=O)NCCN2CCOCC2)[nH]c1/C=C1\C(=O)Nc2ncnc(Nc
2952,0.654006,0.0880,5.89,1300.0,CCCCC(O)CN(C)[C@H]1C[C@@H]2O[C@](C)([C@H]1OC)n1c3c
2953,0.619822,0.0800,5.58,2640.0,CN(C)C/C=C/C(=O)Nc1cc2c(Nc3ccc(F)c(Cl)c3)c(C#N)cnc
2954,0.590973,0.0733,5.32,4800.0,CO[C@H]1[C@@H](N(C)C(=O)c2cccc([N+](=O)[O-])c2)C[C
2955,0.654006,0.0779,5.89,1300.0,CCCCC(O)CN(C)[C@H]1C[C@@H]2O[C@](C)([C@H]1OC)n1c3c
2956,0.606215,0.0743,5.46,3500.0,CO[C@H]1[C@@H](N(C)C(=O)CNC(=O)OC(C)(C)C)C[C@@H]2O
2957,0.654006,0.0796,5.89,1300.0,CCCCC(O)CN(C)[C@H]1C[C@@H]2O[C@](C)([C@H]1OC)n1c3c
2958,0.606215,0.0897,5.46,3500.0,CO[C@H]1[C@@H](N(C)C(=O)CNC(=O)OC(C)(C)C)C[C@@H]2O
2959,0.606215,0.0823,5.46,3500.0,CO[C@H]1[C@@H](N(C)C(=O)CNC(=O)OC(C)(C)C)C[C@@H]2O
2960,0.995401,0.0751,8.96,1.1,Cc1cc(C(=O)NCCN2CCOCC2)[nH]c1/C=C1\C(=O)Nc2ncnc(Nc
2961,0.606215,0.0769,5.46,3500.0,CO[C@H]1[C@@H](N(C)C(=O)CNC(=O)OC(C)(C)C)C[C@@H]2O
2962,0.654006,0.0808,5.89,1300.0,CCCCC(O)CN(C)[C@H]1C[C@@H]2O[C@](C)([C@H]1OC)n1c3c
2963,0.654006,0.0832,5.89,1300.0,CCCCC(O)CN(C)[C@H]1C[C@@H]2O[C@](C)([C@H]1OC)n1c3c
2964,0.590573,0.0674,5.32,4840.0,CCN(CC)C(C)/C=C/C(=O)Nc1cc2c(Nc3ccc(F)c(Cl)c3)c(C#
2965,0.593027,0.0708,5.34,4600.0,CO[C@H]1[C@@H](N(C)C(=O)c2cccc(Cl)c2)C[C@@H]2O[C@@
2966,0.606215,0.0848,5.46,3500.0,CO[C@H]1[C@@H](N(C)C(=O)CNC(=O)OC(C)(C)C)C[C@@H]2O
2967,0.654006,0.0810,5.89,1300.0,CCCCC(O)CN(C)[C@H]1C[C@@H]2O[C@](C)([C@H]1OC)n1c3c
2968,0.888889,0.0803,8.00,10.0,CS(=O)(=O)CCNc1nc(-c2ccc3ncnc(Nc4ccc(OCc5cccc(F)c5
2969,0.995401,0.0815,8.96,1.1,Cc1cc(C(=O)NCCN2CCOCC2)[nH]c1/C=C1\C(=O)Nc2ncnc(Nc
2970,0.552789,0.0823,4.98,10590.0,COc1cc2ncc(C#N)c(Nc3ccc(F)c(Cl)c3)c2cc1NC(=O)/C=C/
2971,0.606215,0.0872,5.46,3500.0,CO[C@H]1[C@@H](N(C)C(=O)CNC(=O)OC(C)(C)C)C[C@@H]2O
2972,0.971636,0.0875,8.74,1.8,Cc1cc(C(=O)N2CCOCC2)[nH]c1/C=C1\C(=O)Nc2ncnc(Nc3cc
2973,0.606215,0.0781,5.46,3500.0,CO[C@H]1[C@@H](N(C)C(=O)CNC(=O)OC(C)(C)C)C[C@@H]2O
2974,0.444444,0.0897,4.00,100000.0,CO[C@H]1[C@@H](N(C)C(=O)c2ccccc2)C[C@@H]2O[C@@]1(C
2975,0.794305,0.0727,7.15,71.0,CS(=O)(=O)CCNc1nc(-c2ccc3ncnc(Nc4ccc5c(cnn5Cc5cccc
2976,0.606215,0.0801,5.46,3500.0,CO[C@H]1[C@@H](N(C)C(=O)CNC(=O)OC(C)(C)C)C[C@@H]2O
2977,0.565250,0.0798,5.09,8180.0,CO[C@H]1[C@@H](N(C)C(=O)c2cccnc2)C[C@@H]2O[C@@]1(C
2978,0.590973,0.0842,5.32,4800.0,CO[C@H]1[C@@H](N(C)C(=O)c2cccc([N+](=O)[O-])c2)C[C
2979,0.888889,0.0758,8.00,10.0,CS(=O)(=O)CCNCc1ccc(-c2ccc3ncnc(Nc4ccc(OCc5cccc(F)
2980,0.794305,0.0794,7.15,71.0,CS(=O)(=O)CCNc1nc(-c2ccc3ncnc(Nc4ccc5c(cnn5Cc5cccc
2981,0.846643,0.0768,7.62,24.0,CS(=O)(=O)CCNCCCCOc1ccc2ncnc(Nc3ccc4c(cnn4Cc4cccc(
2982,0.971636,0.0856,8.74,1.8,Cc1cc(C(=O)N2CCOCC2)[nH]c1/C=C1\C(=O)Nc2ncnc(Nc3cc
2983,0.846643,0.0814,7.62,24.0,CS(=O)(=O)CCNCCCCOc1ccc2ncnc(Nc3ccc4c(cnn4Cc4cccc(
2984,0.590573,0.0828,5.32,4840.0,CCN(CC)C(C)/C=C/C(=O)Nc1cc2c(Nc3ccc(F)c(Cl)c3)c(C#
2985,0.461656,0.0785,4.15,70000.0,CO[C@H]1[C@@H](N(C)C(=O)c2cc([N+](=O)[O-])cc([N+](
2986,0.696401,0.0706,6.27,540.0,CS(=O)(=O)CCNc1nc(-c2ccc3ncnc(Nc4ccc(OCc5cccc(C(F)
2987,0.590573,0.0821,5.32,4840.0,CCN(CC)C(C)/C=C/C(=O)Nc1cc2c(Nc3ccc(F)c(Cl)c3)c(C#
2988,1.000000,0.0731,9.35,0.5,CCN(CC)CC(O)CNC(=O)c1cc(C)c(/C=C2\C(=O)Nc3ncnc(Nc4
2989,0.590973,0.0845,5.32,4800.0,CO[C@H]1[C@@H](N(C)C(=O)c2cccc([N+](=O)[O-])c2)C[C
2990,0.654006,0.0790,5.89,1300.0,CCCCC(O)CN(C)[C@H]1C[C@@H]2O[C@](C)([C@H]1OC)n1c3c
2991,0.606215,0.0796,5.46,3500.0,CO[C@H]1[C@@H](N(C)C(=O)CNC(=O)OC(C)(C)C)C[C@@H]2O
2992,0.606215,0.0868,5.46,3500.0,CO[C@H]1[C@@H](N(C)C(=O)CNC(=O)OC(C)(C)C)C[C@@H]2O
2993,0.995401,0.0721,8.96,1.1,Cc1cc(C(=O)NCCN2CCOCC2)[nH]c1/C=C1\C(=O)Nc2ncnc(Nc
2994,0.606215,0.0903,5.46,3500.0,CO[C@H]1[C@@H](N(C)C(=O)CNC(=O)OC(C)(C)C)C[C@@H]2O
2995,0.606215,0.0896,5.46,3500.0,CO[C@H]1[C@@H](N(C)C(=O)CNC(=O)OC(C)(C)C)C[C@@H]2O
2996,0.593027,0.0820,5.34,4600.0,CO[C@H]1[C@@H](N(C)C(=O)c2cccc(Cl)c2)C[C@@H]2O[C@@
2997,0.606215,0.0863,5.46,3500.0,CO[C@H]1[C@@H](N(C)C(=O)CNC(=O)OC(C)(C)C)C[C@@H]2O
2998,0.696401,0.0854,6.27,540.0,CS(=O)(=O)CCNc1nc(-c2ccc3ncnc(Nc4ccc(OCc5cccc(C(F)
2999,0.586101,0.0784,5.27,5310.0,Cc1cc(C(=O)NCCN2CCOCC2)[nH]c1/C=C1\C(=O)N(C)c2ncnc
3000,0.590973,0.0870,5.32,4800.0,CO[C@H]1[C@@H](N(C)C(=O)c2cccc([N+](=O)[O-])c2)C[C
