eval,fitness,similarity,pIC50,IC50_nM,nearest_smiles
1,0.606215,0.0783,5.46,3500.0,CO[C@H]1[C@@H](N(C)C(=O)CNC(=O)OC(C)(C)C)C[C@@H]2O
2,0.606215,0.0870,5.46,3500.0,CO[C@H]1[C@@H](N(C)C(=O)CNC(=O)OC(C)(C)C)C[C@@H]2O
3,0.696401,0.0796,6.27,540.0,CS(=O)(=O)CCNc1nc(-c2ccc3ncnc(Nc4ccc(OCc5cccc(C(F)
4,0.565250,0.0765,5.09,8180.0,CO[C@H]1[C@@H](N(C)C(=O)c2cccnc2)C[C@@H]2O[C@@]1(C
5,0.606215,0.0801,5.46,3500.0,CO[C@H]1[C@@H](N(C)C(=O)CNC(=O)OC(C)(C)C)C[C@@H]2O
6,0.444444,0.0829,4.00,100000.0,COC(=O)CN1Cc2c(c3c4ccccc4n4c3c3c2c2ccccc2n3[C@]2(C
7,0.654006,0.0849,5.89,1300.0,CCCCC(O)CN(C)[C@H]1C[C@@H]2O[C@](C)([C@H]1OC)n1c3c
8,0.995401,0.0745,8.96,1.1,Cc1cc(C(=O)NCCN2CCOCC2)[nH]c1/C=C1\C(=O)Nc2ncnc(Nc
9,0.927421,0.0847,8.35,4.5,Cc1cc(C(=O)N2CCOCC2)[nH]c1/C=C1\C(=O)Nc2ncnc(Nc3cc
10,0.606215,0.0707,5.46,3500.0,CO[C@H]1[C@@H](N(C)C(=O)CNC(=O)OC(C)(C)C)C[C@@H]2O
11,0.590973,0.0784,5.32,4800.0,CO[C@H]1[C@@H](N(C)C(=O)c2cccc([N+](=O)[O-])c2)C[C
12,0.552789,0.0855,4.98,10590.0,COc1cc2ncc(C#N)c(Nc3ccc(F)c(Cl)c3)c2cc1NC(=O)/C=C/
13,0.586101,0.0772,5.27,5310.0,Cc1cc(C(=O)NCCN2CCOCC2)[nH]c1/C=C1\C(=O)N(C)c2ncnc
14,0.444444,0.0802,4.00,100000.0,CO[C@H]1[C@@H](N(C)C(=O)c2ccccc2)C[C@@H]2O[C@@]1(C
15,0.606215,0.0811,5.46,3500.0,CO[C@H]1[C@@H](N(C)C(=O)CNC(=O)OC(C)(C)C)C[C@@H]2O
16,0.654006,0.0802,5.89,1300.0,CCCCC(O)CN(C)[C@H]1C[C@@H]2O[C@](C)([C@H]1OC)n1c3c
17,0.453333,0.0779,4.08,83176.4,COc1cc(/C=C(\C#N)C(N)=O)cc(CSc2nc3cc(Cl)ccc3s2)c1O
18,0.606215,0.0769,5.46,3500.0,CO[C@H]1[C@@H](N(C)C(=O)CNC(=O)OC(C)(C)C)C[C@@H]2O
19,0.888889,0.0815,8.00,10.0,CS(=O)(=O)CCNc1nc(-c2ccc3ncnc(Nc4ccc(OCc5cccc(F)c5
20,0.552789,0.0768,4.98,10590.0,COc1cc2ncc(C#N)c(Nc3ccc(F)c(Cl)c3)c2cc1NC(=O)/C=C/
21,0.606215,0.0802,5.46,3500.0,CO[C@H]1[C@@H](N(C)C(=O)CNC(=O)OC(C)(C)C)C[C@@H]2O
22,0.696401,0.0814,6.27,540.0,CS(=O)(=O)CCNc1nc(-c2ccc3ncnc(Nc4ccc(OCc5cccc(C(F)
23,0.586101,0.0784,5.27,5310.0,Cc1cc(C(=O)NCCN2CCOCC2)[nH]c1/C=C1\C(=O)N(C)c2ncnc
24,0.927421,0.0753,8.35,4.5,Cc1cc(C(=O)N2CCOCC2)[nH]c1/C=C1\C(=O)Nc2ncnc(Nc3cc
25,0.654006,0.0848,5.89,1300.0,CCCCC(O)CN(C)[C@H]1C[C@@H]2O[C@](C)([C@H]1OC)n1c3c
26,0.606215,0.0877,5.46,3500.0,CO[C@H]1[C@@H](N(C)C(=O)CNC(=O)OC(C)(C)C)C[C@@H]2O
27,0.654006,0.0829,5.89,1300.0,CCCCC(O)CN(C)[C@H]1C[C@@H]2O[C@](C)([C@H]1OC)n1c3c
28,0.590573,0.0726,5.32,4840.0,CCN(CC)C(C)/C=C/C(=O)Nc1cc2c(Nc3ccc(F)c(Cl)c3)c(C#
29,0.606215,0.0817,5.46,3500.0,CO[C@H]1[C@@H](N(C)C(=O)CNC(=O)OC(C)(C)C)C[C@@H]2O
30,0.696401,0.0765,6.27,540.0,CS(=O)(=O)CCNc1nc(-c2ccc3ncnc(Nc4ccc(OCc5cccc(C(F)
31,0.654006,0.0756,5.89,1300.0,CCCCC(O)CN(C)[C@H]1C[C@@H]2O[C@](C)([C@H]1OC)n1c3c
32,0.888889,0.0756,8.00,10.0,CS(=O)(=O)CCNCc1ccc(-c2ccc3ncnc(Nc4ccc(OCc5cccc(F)
33,0.590973,0.0839,5.32,4800.0,CO[C@H]1[C@@H](N(C)C(=O)c2cccc([N+](=O)[O-])c2)C[C
34,0.606215,0.0805,5.46,3500.0,CO[C@H]1[C@@H](N(C)C(=O)CNC(=O)OC(C)(C)C)C[C@@H]2O
35,0.995401,0.0791,8.96,1.1,Cc1cc(C(=O)NCCN2CCOCC2)[nH]c1/C=C1\C(=O)Nc2ncnc(Nc
36,0.654006,0.0871,5.89,1300.0,CCCCC(O)CN(C)[C@H]1C[C@@H]2O[C@](C)([C@H]1OC)n1c3c
37,0.696401,0.0749,6.27,540.0,CS(=O)(=O)CCNc1nc(-c2ccc3ncnc(Nc4ccc(OCc5cccc(C(F)
38,0.696401,0.0816,6.27,540.0,CS(=O)(=O)CCNc1nc(-c2ccc3ncnc(Nc4ccc(OCc5cccc(C(F)
39,0.552789,0.0756,4.98,10590.0,COc1cc2ncc(C#N)c(Nc3ccc(F)c(Cl)c3)c2cc1NC(=O)/C=C/
40,0.590573,0.0776,5.32,4840.0,CCN(CC)C(C)/C=C/C(=O)Nc1cc2c(Nc3ccc(F)c(Cl)c3)c(C#
41,0.606215,0.0838,5.46,3500.0,CO[C@H]1[C@@H](N(C)C(=O)CNC(=O)OC(C)(C)C)C[C@@H]2O
42,0.654006,0.0762,5.89,1300.0,CCCCC(O)CN(C)[C@H]1C[C@@H]2O[C@](C)([C@H]1OC)n1c3c
43,0.606215,0.0813,5.46,3500.0,CO[C@H]1[C@@H](N(C)C(=O)CNC(=O)OC(C)(C)C)C[C@@H]2O
44,0.606215,0.0833,5.46,3500.0,CO[C@H]1[C@@H](N(C)C(=O)CNC(=O)OC(C)(C)C)C[C@@H]2O
45,0.654006,0.0898,5.89,1300.0,CCCCC(O)CN(C)[C@H]1C[C@@H]2O[C@](C)([C@H]1OC)n1c3c
46,0.971636,0.0728,8.74,1.8,Cc1cc(C(=O)N2CCOCC2)[nH]c1/C=C1\C(=O)Nc2ncnc(Nc3cc
47,0.654006,0.0759,5.89,1300.0,CCCCC(O)CN(C)[C@H]1C[C@@H]2O[C@](C)([C@H]1OC)n1c3c
48,0.606215,0.0869,5.46,3500.0,CO[C@H]1[C@@H](N(C)C(=O)CNC(=O)OC(C)(C)C)C[C@@H]2O
49,0.654006,0.0881,5.89,1300.0,CCCCC(O)CN(C)[C@H]1C[C@@H]2O[C@](C)([C@H]1OC)n1c3c
50,0.593027,0.0835,5.34,4600.0,CO[C@H]1[C@@H](N(C)C(=O)c2cccc(Cl)c2)C[C@@H]2O[C@@
51,0.654006,0.0732,5.89,1300.0,CCCCC(O)CN(C)[C@H]1C[C@@H]2O[C@](C)([C@H]1OC)n1c3c
52,0.654006,0.0832,5.89,1300.0,CCCCC(O)CN(C)[C@H]1C[C@@H]2O[C@](C)([C@H]1OC)n1c3c
53,0.586101,0.0751,5.27,5310.0,Cc1cc(C(=O)NCCN2CCOCC2)[nH]c1/C=C1\C(=O)N(C)c2ncnc
54,0.654006,0.0815,5.89,1300.0,CCCCC(O)CN(C)[C@H]1C[C@@H]2O[C@](C)([C@H]1OC)n1c3c
55,0.606215,0.0801,5.46,3500.0,CO[C@H]1[C@@H](N(C)C(=O)CNC(=O)OC(C)(C)C)C[C@@H]2O
56,0.888889,0.0789,8.00,10.0,CS(=O)(=O)CCNCc1ccc(-c2ccc3ncnc(Nc4ccc(OCc5cccc(F)
57,0.696401,0.0809,6.27,540.0,CS(=O)(=O)CCNc1nc(-c2ccc3ncnc(Nc4ccc(OCc5cccc(C(F)
58,0.606215,0.0780,5.46,3500.0,CO[C@H]1[C@@H](N(C)C(=O)CNC(=O)OC(C)(C)C)C[C@@H]2O
59,1.000000,0.0789,9.35,0.5,CCN(CC)CC(O)CNC(=O)c1cc(C)c(/C=C2\C(=O)Nc3ncnc(Nc4
60,0.654006,0.0841,5.89,1300.0,CCCCC(O)CN(C)[C@H]1C[C@@H]2O[C@](C)([C@H]1OC)n1c3c
61,0.606215,0.0786,5.46,3500.0,CO[C@H]1[C@@H](N(C)C(=O)CNC(=O)OC(C)(C)C)C[C@@H]2O
62,0.586101,0.0748,5.27,5310.0,Cc1cc(C(=O)NCCN2CCOCC2)[nH]c1/C=C1\C(=O)N(C)c2ncnc
63,0.654006,0.0783,5.89,1300.0,CCCCC(O)CN(C)[C@H]1C[C@@H]2O[C@](C)([C@H]1OC)n1c3c
64,0.590573,0.0790,5.32,4840.0,CCN(CC)C(C)/C=C/C(=O)Nc1cc2c(Nc3ccc(F)c(Cl)c3)c(C#
65,0.654006,0.0769,5.89,1300.0,CCCCC(O)CN(C)[C@H]1C[C@@H]2O[C@](C)([C@H]1OC)n1c3c
66,0.794305,0.0764,7.15,71.0,CS(=O)(=O)CCNc1nc(-c2ccc3ncnc(Nc4ccc5c(cnn5Cc5cccc
67,0.590973,0.0833,5.32,4800.0,CO[C@H]1[C@@H](N(C)C(=O)c2cccc([N+](=O)[O-])c2)C[C
68,0.552789,0.0891,4.98,10590.0,COc1cc2ncc(C#N)c(Nc3ccc(F)c(Cl)c3)c2cc1NC(=O)/C=C/
69,0.606215,0.0902,5.46,3500.0,CO[C@H]1[C@@H](N(C)C(=O)CNC(=O)OC(C)(C)C)C[C@@H]2O
70,0.606215,0.0761,5.46,3500.0,CO[C@H]1[C@@H](N(C)C(=O)CNC(=O)OC(C)(C)C)C[C@@H]2O
71,0.606215,0.0798,5.46,3500.0,CO[C@H]1[C@@H](N(C)C(=O)CNC(=O)OC(C)(C)C)C[C@@H]2O
72,0.606215,0.0865,5.46,3500.0,CO[C@H]1[C@@H](N(C)C(=O)CNC(=O)OC(C)(C)C)C[C@@H]2O
73,0.927421,0.0808,8.35,4.5,Cc1cc(C(=O)N2CCOCC2)[nH]c1/C=C1\C(=O)Nc2ncnc(Nc3cc
74,0.927421,0.0791,8.35,4.5,Cc1cc(C(=O)N2CCOCC2)[nH]c1/C=C1\C(=O)Nc2ncnc(Nc3cc
75,0.680549,0.0699,6.12,750.0,COc1cccc(-c2cn(C3CCN(CC(=O)N(C)C)CC3)c3ncnc(N)c23)
76,0.696401,0.0826,6.27,540.0,CS(=O)(=O)CCNc1nc(-c2ccc3ncnc(Nc4ccc(OCc5cccc(C(F)
77,0.606215,0.0884,5.46,3500.0,CO[C@H]1[C@@H](N(C)C(=O)CNC(=O)OC(C)(C)C)C[C@@H]2O
78,0.654006,0.0785,5.89,1300.0,CCCCC(O)CN(C)[C@H]1C[C@@H]2O[C@](C)([C@H]1OC)n1c3c
79,0.606215,0.0776,5.46,3500.0,CO[C@H]1[C@@H](N(C)C(=O)CNC(=O)OC(C)(C)C)C[C@@H]2O
80,0.619822,0.0824,5.58,2640.0,CN(C)C/C=C/C(=O)Nc1cc2c(Nc3ccc(F)c(Cl)c3)c(C#N)cnc
81,0.606215,0.0890,5.46,3500.0,CO[C@H]1[C@@H](N(C)C(=O)CNC(=O)OC(C)(C)C)C[C@@H]2O
82,0.654006,0.0891,5.89,1300.0,CCCCC(O)CN(C)[C@H]1C[C@@H]2O[C@](C)([C@H]1OC)n1c3c
83,0.552789,0.0824,4.98,10590.0,COc1cc2ncc(C#N)c(Nc3ccc(F)c(Cl)c3)c2cc1NC(=O)/C=C/
84,0.606215,0.0894,5.46,3500.0,CO[C@H]1[C@@H](N(C)C(=O)CNC(=O)OC(C)(C)C)C[C@@H]2O
85,0.444444,0.0776,4.00,100000.0,COC(=O)CN1Cc2c(c3c4ccccc4n4c3c3c2c2ccccc2n3[C@]2(C
86,0.552789,0.0783,4.98,10590.0,COc1cc2ncc(C#N)c(Nc3ccc(F)c(Cl)c3)c2cc1NC(=O)/C=C/
87,0.888889,0.0743,8.00,10.0,CS(=O)(=O)CCNc1nc(-c2ccc3ncnc(Nc4ccc(OCc5cccc(F)c5
88,0.675658,0.0737,6.08,830.0,COC(=O)CN1CCC(n2cc(-c3cccc(OC)c3)c3c(N)ncnc32)C1
89,0.606215,0.0830,5.46,3500.0,CO[C@H]1[C@@H](N(C)C(=O)CNC(=O)OC(C)(C)C)C[C@@H]2O
90,0.654006,0.0829,5.89,1300.0,CCCCC(O)CN(C)[C@H]1C[C@@H]2O[C@](C)([C@H]1OC)n1c3c
91,0.552789,0.0782,4.98,10590.0,COc1cc2ncc(C#N)c(Nc3ccc(F)c(Cl)c3)c2cc1NC(=O)/C=C/
92,0.590973,0.0815,5.32,4800.0,CO[C@H]1[C@@H](N(C)C(=O)c2cccc([N+](=O)[O-])c2)C[C
93,0.552789,0.0735,4.98,10590.0,COc1cc2ncc(C#N)c(Nc3ccc(F)c(Cl)c3)c2cc1NC(=O)/C=C/
94,0.606215,0.0789,5.46,3500.0,CO[C@H]1[C@@H](N(C)C(=O)CNC(=O)OC(C)(C)C)C[C@@H]2O
95,0.606215,0.0807,5.46,3500.0,CO[C@H]1[C@@H](N(C)C(=O)CNC(=O)OC(C)(C)C)C[C@@H]2O
96,0.606215,0.0712,5.46,3500.0,CO[C@H]1[C@@H](N(C)C(=O)CNC(=O)OC(C)(C)C)C[C@@H]2O
97,0.619822,0.0847,5.58,2640.0,CN(C)C/C=C/C(=O)Nc1cc2c(Nc3ccc(F)c(Cl)c3)c(C#N)cnc
98,0.995401,0.0787,8.96,1.1,Cc1cc(C(=O)NCCN2CCOCC2)[nH]c1/C=C1\C(=O)Nc2ncnc(Nc
99,0.552789,0.0827,4.98,10590.0,COc1cc2ncc(C#N)c(Nc3ccc(F)c(Cl)c3)c2cc1NC(=O)/C=C/
100,0.606215,0.0863,5.46,3500.0,CO[C@H]1[C@@H](N(C)C(=O)CNC(=O)OC(C)(C)C)C[C@@H]2O
101,0.654006,0.0836,5.89,1300.0,CCCCC(O)CN(C)[C@H]1C[C@@H]2O[C@](C)([C@H]1OC)n1c3c
102,0.654006,0.0829,5.89,1300.0,CCCCC(O)CN(C)[C@H]1C[C@@H]2O[C@](C)([C@H]1OC)n1c3c
103,0.444444,0.0748,4.00,100000.0,CO[C@H]1[C@@H](N(C)C(=O)c2ccccc2)C[C@@H]2O[C@@]1(C
104,0.606215,0.0843,5.46,3500.0,CO[C@H]1[C@@H](N(C)C(=O)CNC(=O)OC(C)(C)C)C[C@@H]2O
105,0.788546,0.0825,7.10,80.0,C=CC(=O)Nc1cc2c(Nc3ccc(F)c(Cl)c3)c(C#N)cnc2cc1OCCC
106,0.696401,0.0770,6.27,540.0,CS(=O)(=O)CCNc1nc(-c2ccc3ncnc(Nc4ccc(OCc5cccc(C(F)
107,0.696401,0.0830,6.27,540.0,CS(=O)(=O)CCNc1nc(-c2ccc3ncnc(Nc4ccc(OCc5cccc(C(F)
108,0.794305,0.0803,7.15,71.0,CS(=O)(=O)CCNc1nc(-c2ccc3ncnc(Nc4ccc5c(cnn5Cc5cccc
109,0.552789,0.0769,4.98,10590.0,COc1cc2ncc(C#N)c(Nc3ccc(F)c(Cl)c3)c2cc1NC(=O)/C=C/
110,0.444444,0.0804,4.00,100000.0,COC(=O)CN1Cc2c(c3c4ccccc4n4c3c3c2c2ccccc2n3[C@]2(C
111,0.654006,0.0723,5.89,1300.0,CCCCC(O)CN(C)[C@H]1C[C@@H]2O[C@](C)([C@H]1OC)n1c3c
112,0.552789,0.0851,4.98,10590.0,COc1cc2ncc(C#N)c(Nc3ccc(F)c(Cl)c3)c2cc1NC(=O)/C=C/
113,1.000000,0.0705,9.35,0.5,CCN(CC)CC(O)CNC(=O)c1cc(C)c(/C=C2\C(=O)Nc3ncnc(Nc4
114,0.606215,0.0790,5.46,3500.0,CO[C@H]1[C@@H](N(C)C(=O)CNC(=O)OC(C)(C)C)C[C@@H]2O
115,0.654006,0.0811,5.89,1300.0,CCCCC(O)CN(C)[C@H]1C[C@@H]2O[C@](C)([C@H]1OC)n1c3c
116,0.606215,0.0776,5.46,3500.0,CO[C@H]1[C@@H](N(C)C(=O)CNC(=O)OC(C)(C)C)C[C@@H]2O
117,0.606215,0.0838,5.46,3500.0,CO[C@H]1[C@@H](N(C)C(=O)CNC(=O)OC(C)(C)C)C[C@@H]2O
118,0.654006,0.0781,5.89,1300.0,CCCCC(O)CN(C)[C@H]1C[C@@H]2O[C@](C)([C@H]1OC)n1c3c
119,0.723182,0.0751,6.51,310.0,COCCNCCN1CCC(n2cc(-c3cccc(OC)c3)c3c(N)ncnc32)CC1
120,0.606215,0.0772,5.46,3500.0,CO[C@H]1[C@@H](N(C)C(=O)CNC(=O)OC(C)(C)C)C[C@@H]2O
121,0.971636,0.0808,8.74,1.8,Cc1cc(C(=O)N2CCOCC2)[nH]c1/C=C1\C(=O)Nc2ncnc(Nc3cc
122,0.552789,0.0773,4.98,10590.0,COc1cc2ncc(C#N)c(Nc3ccc(F)c(Cl)c3)c2cc1NC(=O)/C=C/
123,0.606215,0.0898,5.46,3500.0,CO[C@H]1[C@@H](N(C)C(=O)CNC(=O)OC(C)(C)C)C[C@@H]2O
124,0.794305,0.0838,7.15,71.0,CS(=O)(=O)CCNc1nc(-c2ccc3ncnc(Nc4ccc5c(cnn5Cc5cccc
125,0.565250,0.0822,5.09,8180.0,CO[C@H]1[C@@H](N(C)C(=O)c2cnccn2)C[C@@H]2O[C@@]1(C
126,0.927421,0.0777,8.35,4.5,Cc1cc(C(=O)N2CCOCC2)[nH]c1/C=C1\C(=O)Nc2ncnc(Nc3cc
127,0.927421,0.0804,8.35,4.5,Cc1cc(C(=O)N2CCOCC2)[nH]c1/C=C1\C(=O)Nc2ncnc(Nc3cc
128,0.606215,0.0818,5.46,3500.0,CO[C@H]1[C@@H](N(C)C(=O)CNC(=O)OC(C)(C)C)C[C@@H]2O
129,0.654006,0.0868,5.89,1300.0,CCCCC(O)CN(C)[C@H]1C[C@@H]2O[C@](C)([C@H]1OC)n1c3c
130,0.606215,0.0720,5.46,3500.0,CO[C@H]1[C@@H](N(C)C(=O)CNC(=O)OC(C)(C)C)C[C@@H]2O
131,0.552789,0.0791,4.98,10590.0,COc1cc2ncc(C#N)c(Nc3ccc(F)c(Cl)c3)c2cc1NC(=O)/C=C/
132,0.654006,0.0849,5.89,1300.0,CCCCC(O)CN(C)[C@H]1C[C@@H]2O[C@](C)([C@H]1OC)n1c3c
133,0.606215,0.0779,5.46,3500.0,CO[C@H]1[C@@H](N(C)C(=O)CNC(=O)OC(C)(C)C)C[C@@H]2O
134,1.000000,0.0708,9.35,0.5,CCN(CC)CC(O)CNC(=O)c1cc(C)c(/C=C2\C(=O)Nc3ncnc(Nc4
135,0.444444,0.0769,4.00,100000.0,COC(=O)CN1Cc2c(c3c4ccccc4n4c3c3c2c2ccccc2n3[C@]2(C
136,0.654006,0.0848,5.89,1300.0,CCCCC(O)CN(C)[C@H]1C[C@@H]2O[C@](C)([C@H]1OC)n1c3c
137,0.654006,0.0781,5.89,1300.0,CCCCC(O)CN(C)[C@H]1C[C@@H]2O[C@](C)([C@H]1OC)n1c3c
138,0.654006,0.0809,5.89,1300.0,CCCCC(O)CN(C)[C@H]1C[C@@H]2O[C@](C)([C@H]1OC)n1c3c
139,0.593027,0.0861,5.34,4600.0,CO[C@H]1[C@@H](N(C)C(=O)c2cccc(Cl)c2)C[C@@H]2O[C@@
140,0.606215,0.0813,5.46,3500.0,CO[C@H]1[C@@H](N(C)C(=O)CNC(=O)OC(C)(C)C)C[C@@H]2O
141,0.606215,0.0822,5.46,3500.0,CO[C@H]1[C@@H](N(C)C(=O)CNC(=O)OC(C)(C)C)C[C@@H]2O
142,0.444444,0.0733,4.00,100000.0,CO[C@H]1[C@@H](N(C)C(=O)c2ccccc2)C[C@@H]2O[C@@]1(C
143,0.565250,0.0839,5.09,8180.0,CO[C@H]1[C@@H](N(C)C(=O)c2cccnc2)C[C@@H]2O[C@@]1(C
144,0.552789,0.0871,4.98,10590.0,COc1cc2ncc(C#N)c(Nc3ccc(F)c(Cl)c3)c2cc1NC(=O)/C=C/
145,0.606215,0.0851,5.46,3500.0,CO[C@H]1[C@@H](N(C)C(=O)CNC(=O)OC(C)(C)C)C[C@@H]2O
146,0.995401,0.0765,8.96,1.1,Cc1cc(C(=O)NCCN2CCOCC2)[nH]c1/C=C1\C(=O)Nc2ncnc(Nc
147,0.590573,0.0764,5.32,4840.0,CCN(CC)C(C)/C=C/C(=O)Nc1cc2c(Nc3ccc(F)c(Cl)c3)c(C#
148,0.552789,0.0839,4.98,10590.0,COc1cc2ncc(C#N)c(Nc3ccc(F)c(Cl)c3)c2cc1NC(=O)/C=C/
149,0.995401,0.0808,8.96,1.1,Cc1cc(C(=O)NCCN2CCOCC2)[nH]c1/C=C1\C(=O)Nc2ncnc(Nc
150,0.995401,0.0730,8.96,1.1,Cc1cc(C(=O)NCCN2CCOCC2)[nH]c1/C=C1\C(=O)Nc2ncnc(Nc
151,0.654006,0.0767,5.89,1300.0,CCCCC(O)CN(C)[C@H]1C[C@@H]2O[C@](C)([C@H]1OC)n1c3c
152,0.606215,0.0767,5.46,3500.0,CO[C@H]1[C@@H](N(C)C(=O)CNC(=O)OC(C)(C)C)C[C@@H]2O
153,0.744330,0.0761,6.70,200.0,CCN(CC)CCNC(=O)c1c(C)[nH]c(/C=C2\C(=O)Nc3ncnc(Nc4c
154,0.888889,0.0776,8.00,10.0,CS(=O)(=O)CCNc1nc(-c2ccc3ncnc(Nc4ccc(OCc5cccc(F)c5
155,0.696401,0.0737,6.27,540.0,CS(=O)(=O)CCNc1nc(-c2ccc3ncnc(Nc4ccc(OCc5cccc(C(F)
156,0.654006,0.0723,5.89,1300.0,CCCCC(O)CN(C)[C@H]1C[C@@H]2O[C@](C)([C@H]1OC)n1c3c
157,0.552789,0.0795,4.98,10590.0,COc1cc2ncc(C#N)c(Nc3ccc(F)c(Cl)c3)c2cc1NC(=O)/C=C/
158,0.565250,0.0840,5.09,8180.0,CO[C@H]1[C@@H](N(C)C(=O)c2cnccn2)C[C@@H]2O[C@@]1(C
159,0.888889,0.0807,8.00,10.0,CS(=O)(=O)CCNCc1ccc(-c2ccc3ncnc(Nc4ccc(OCc5cccc(F)
160,0.590973,0.0848,5.32,4800.0,CO[C@H]1[C@@H](N(C)C(=O)c2cccc([N+](=O)[O-])c2)C[C
161,0.606215,0.0763,5.46,3500.0,CO[C@H]1[C@@H](N(C)C(=O)CNC(=O)OC(C)(C)C)C[C@@H]2O
162,0.593027,0.0758,5.34,4600.0,CO[C@H]1[C@@H](N(C)C(=O)c2cccc(Cl)c2)C[C@@H]2O[C@@
163,0.995401,0.0813,8.96,1.1,Cc1cc(C(=O)NCCN2CCOCC2)[nH]c1/C=C1\C(=O)Nc2ncnc(Nc
164,0.696401,0.0849,6.27,540.0,CS(=O)(=O)CCNc1nc(-c2ccc3ncnc(Nc4ccc(OCc5cccc(C(F)
165,0.654006,0.0814,5.89,1300.0,CCCCC(O)CN(C)[C@H]1C[C@@H]2O[C@](C)([C@H]1OC)n1c3c
166,0.606215,0.0901,5.46,3500.0,CO[C@H]1[C@@H](N(C)C(=O)CNC(=O)OC(C)(C)C)C[C@@H]2O
167,0.696401,0.0735,6.27,540.0,CS(=O)(=O)CCNc1nc(-c2ccc3ncnc(Nc4ccc(OCc5cccc(C(F)
168,0.606215,0.0780,5.46,3500.0,CO[C@H]1[C@@H](N(C)C(=O)CNC(=O)OC(C)(C)C)C[C@@H]2O
169,0.971636,0.0792,8.74,1.8,Cc1cc(C(=O)N2CCOCC2)[nH]c1/C=C1\C(=O)Nc2ncnc(Nc3cc
170,0.696401,0.0789,6.27,540.0,CS(=O)(=O)CCNc1nc(-c2ccc3ncnc(Nc4ccc(OCc5cccc(C(F)
171,0.590973,0.0860,5.32,4800.0,CO[C@H]1[C@@H](N(C)C(=O)c2cccc([N+](=O)[O-])c2)C[C
172,0.654006,0.0789,5.89,1300.0,CCCCC(O)CN(C)[C@H]1C[C@@H]2O[C@](C)([C@H]1OC)n1c3c
173,0.927421,0.0802,8.35,4.5,Cc1cc(C(=O)N2CCOCC2)[nH]c1/C=C1\C(=O)Nc2ncnc(Nc3cc
174,0.654006,0.0764,5.89,1300.0,CCCCC(O)CN(C)[C@H]1C[C@@H]2O[C@](C)([C@H]1OC)n1c3c
175,0.888889,0.0833,8.00,10.0,CS(=O)(=O)CCNc1nc(-c2ccc3ncnc(Nc4ccc(OCc5cccc(F)c5
176,0.696401,0.0798,6.27,540.0,CS(=O)(=O)CCNc1nc(-c2ccc3ncnc(Nc4ccc(OCc5cccc(C(F)
177,0.606215,0.0869,5.46,3500.0,CO[C@H]1[C@@H](N(C)C(=O)CNC(=O)OC(C)(C)C)C[C@@H]2O
178,0.696401,0.0763,6.27,540.0,CS(=O)(=O)CCNc1nc(-c2ccc3ncnc(Nc4ccc(OCc5cccc(C(F)
179,0.606215,0.0764,5.46,3500.0,CO[C@H]1[C@@H](N(C)C(=O)CNC(=O)OC(C)(C)C)C[C@@H]2O
180,0.696401,0.0724,6.27,540.0,CS(=O)(=O)CCNc1nc(-c2ccc3ncnc(Nc4ccc(OCc5cccc(C(F)
181,0.995401,0.0768,8.96,1.1,Cc1cc(C(=O)NCCN2CCOCC2)[nH]c1/C=C1\C(=O)Nc2ncnc(Nc
182,0.654006,0.0733,5.89,1300.0,CCCCC(O)CN(C)[C@H]1C[C@@H]2O[C@](C)([C@H]1OC)n1c3c
183,0.654006,0.0745,5.89,1300.0,CCCCC(O)CN(C)[C@H]1C[C@@H]2O[C@](C)([C@H]1OC)n1c3c
184,0.696401,0.0771,6.27,540.0,CS(=O)(=O)CCNc1nc(-c2ccc3ncnc(Nc4ccc(OCc5cccc(C(F)
185,0.654006,0.0858,5.89,1300.0,CCCCC(O)CN(C)[C@H]1C[C@@H]2O[C@](C)([C@H]1OC)n1c3c
186,0.606215,0.0801,5.46,3500.0,CO[C@H]1[C@@H](N(C)C(=O)CNC(=O)OC(C)(C)C)C[C@@H]2O
187,0.552789,0.0832,4.98,10590.0,COc1cc2ncc(C#N)c(Nc3ccc(F)c(Cl)c3)c2cc1NC(=O)/C=C/
188,0.590573,0.0902,5.32,4840.0,CCN(CC)C(C)/C=C/C(=O)Nc1cc2c(Nc3ccc(F)c(Cl)c3)c(C#
189,0.654006,0.0820,5.89,1300.0,CCCCC(O)CN(C)[C@H]1C[C@@H]2O[C@](C)([C@H]1OC)n1c3c
190,0.654006,0.0823,5.89,1300.0,CCCCC(O)CN(C)[C@H]1C[C@@H]2O[C@](C)([C@H]1OC)n1c3c
191,0.654006,0.0863,5.89,1300.0,CCCCC(O)CN(C)[C@H]1C[C@@H]2O[C@](C)([C@H]1OC)n1c3c
192,0.606215,0.0766,5.46,3500.0,CO[C@H]1[C@@H](N(C)C(=O)CNC(=O)OC(C)(C)C)C[C@@H]2O
193,0.606215,0.0874,5.46,3500.0,CO[C@H]1[C@@H](N(C)C(=O)CNC(=O)OC(C)(C)C)C[C@@H]2O
194,0.654006,0.0822,5.89,1300.0,CCCCC(O)CN(C)[C@H]1C[C@@H]2O[C@](C)([C@H]1OC)n1c3c
195,0.590973,0.0789,5.32,4800.0,CO[C@H]1[C@@H](N(C)C(=O)c2cccc([N+](=O)[O-])c2)C[C
196,0.565250,0.0740,5.09,8180.0,CO[C@H]1[C@@H](N(C)C(=O)c2cccnc2)C[C@@H]2O[C@@]1(C
197,0.586101,0.0812,5.27,5310.0,Cc1cc(C(=O)NCCN2CCOCC2)[nH]c1/C=C1\C(=O)N(C)c2ncnc
198,0.654006,0.0904,5.89,1300.0,CCCCC(O)CN(C)[C@H]1C[C@@H]2O[C@](C)([C@H]1OC)n1c3c
199,0.606215,0.0896,5.46,3500.0,CO[C@H]1[C@@H](N(C)C(=O)CNC(=O)OC(C)(C)C)C[C@@H]2O
200,0.606215,0.0840,5.46,3500.0,CO[C@H]1[C@@H](N(C)C(=O)CNC(=O)OC(C)(C)C)C[C@@H]2O
201,0.654006,0.0884,5.89,1300.0,CCCCC(O)CN(C)[C@H]1C[C@@H]2O[C@](C)([C@H]1OC)n1c3c
202,1.000000,0.0801,9.35,0.5,CCN(CC)CC(O)CNC(=O)c1cc(C)c(/C=C2\C(=O)Nc3ncnc(Nc4
203,0.995401,0.0823,8.96,1.1,Cc1cc(C(=O)NCCN2CCOCC2)[nH]c1/C=C1\C(=O)Nc2ncnc(Nc
204,0.696401,0.0818,6.27,540.0,CS(=O)(=O)CCNc1nc(-c2ccc3ncnc(Nc4ccc(OCc5cccc(C(F)
205,1.000000,0.0816,9.35,0.5,CCN(CC)CC(O)CNC(=O)c1cc(C)c(/C=C2\C(=O)Nc3ncnc(Nc4
206,0.606215,0.0754,5.46,3500.0,CO[C@H]1[C@@H](N(C)C(=O)CNC(=O)OC(C)(C)C)C[C@@H]2O
207,0.794305,0.0775,7.15,71.0,CS(=O)(=O)CCNc1nc(-c2ccc3ncnc(Nc4ccc5c(cnn5Cc5cccc
208,0.888889,0.0763,8.00,10.0,CS(=O)(=O)CCNc1nc(-c2ccc3ncnc(Nc4ccc(OCc5cccc(F)c5
209,0.995401,0.0756,8.96,1.1,Cc1cc(C(=O)NCCN2CCOCC2)[nH]c1/C=C1\C(=O)Nc2ncnc(Nc
210,0.995401,0.0844,8.96,1.1,Cc1cc(C(=O)NCCN2CCOCC2)[nH]c1/C=C1\C(=O)Nc2ncnc(Nc
211,0.590973,0.0857,5.32,4800.0,CO[C@H]1[C@@H](N(C)C(=O)c2cccc([N+](=O)[O-])c2)C[C
212,0.654006,0.0882,5.89,1300.0,CCCCC(O)CN(C)[C@H]1C[C@@H]2O[C@](C)([C@H]1OC)n1c3c
213,0.590573,0.0826,5.32,4840.0,CCN(CC)C(C)/C=C/C(=O)Nc1cc2c(Nc3ccc(F)c(Cl)c3)c(C#
214,0.846643,0.0784,7.62,24.0,CS(=O)(=O)CCNCCCCOc1ccc2ncnc(Nc3ccc4c(cnn4Cc4cccc(
215,0.606215,0.0780,5.46,3500.0,CO[C@H]1[C@@H](N(C)C(=O)CNC(=O)OC(C)(C)C)C[C@@H]2O
216,0.606215,0.0824,5.46,3500.0,CO[C@H]1[C@@H](N(C)C(=O)CNC(=O)OC(C)(C)C)C[C@@H]2O
217,0.444444,0.0818,4.00,100000.0,COC(=O)CN1Cc2c(c3c4ccccc4n4c3c3c2c2ccccc2n3[C@]2(C
218,0.794305,0.0842,7.15,71.0,CS(=O)(=O)CCNc1nc(-c2ccc3ncnc(Nc4ccc5c(cnn5Cc5cccc
219,0.606215,0.0808,5.46,3500.0,CO[C@H]1[C@@H](N(C)C(=O)CNC(=O)OC(C)(C)C)C[C@@H]2O
220,0.590573,0.0786,5.32,4840.0,CCN(CC)C(C)/C=C/C(=O)Nc1cc2c(Nc3ccc(F)c(Cl)c3)c(C#
221,0.696401,0.0845,6.27,540.0,CS(=O)(=O)CCNc1nc(-c2ccc3ncnc(Nc4ccc(OCc5cccc(C(F)
222,0.696401,0.0708,6.27,540.0,CS(=O)(=O)CCNc1nc(-c2ccc3ncnc(Nc4ccc(OCc5cccc(C(F)
223,1.000000,0.0775,9.35,0.5,CCN(CC)CC(O)CNC(=O)c1cc(C)c(/C=C2\C(=O)Nc3ncnc(Nc4
224,0.606215,0.0724,5.46,3500.0,CO[C@H]1[C@@H](N(C)C(=O)CNC(=O)OC(C)(C)C)C[C@@H]2O
225,0.654006,0.0868,5.89,1300.0,CCCCC(O)CN(C)[C@H]1C[C@@H]2O[C@](C)([C@H]1OC)n1c3c
226,0.606215,0.0843,5.46,3500.0,CO[C@H]1[C@@H](N(C)C(=O)CNC(=O)OC(C)(C)C)C[C@@H]2O
227,0.590573,0.0771,5.32,4840.0,CCN(CC)C(C)/C=C/C(=O)Nc1cc2c(Nc3ccc(F)c(Cl)c3)c(C#
228,0.552789,0.0794,4.98,10590.0,COc1cc2ncc(C#N)c(Nc3ccc(F)c(Cl)c3)c2cc1NC(=O)/C=C/
229,0.565250,0.0804,5.09,8180.0,CO[C@H]1[C@@H](N(C)C(=O)c2cccnc2)C[C@@H]2O[C@@]1(C
230,0.654006,0.0804,5.89,1300.0,CCCCC(O)CN(C)[C@H]1C[C@@H]2O[C@](C)([C@H]1OC)n1c3c
231,0.593027,0.0804,5.34,4600.0,CO[C@H]1[C@@H](N(C)C(=O)c2cccc(Cl)c2)C[C@@H]2O[C@@
232,0.654006,0.0780,5.89,1300.0,CCCCC(O)CN(C)[C@H]1C[C@@H]2O[C@](C)([C@H]1OC)n1c3c
233,0.888889,0.0756,8.00,10.0,CS(=O)(=O)CCNCc1ccc(-c2ccc3ncnc(Nc4ccc(OCc5cccc(F)
234,0.590973,0.0789,5.32,4800.0,CO[C@H]1[C@@H](N(C)C(=O)c2cccc([N+](=O)[O-])c2)C[C
235,0.927421,0.0833,8.35,4.5,Cc1cc(C(=O)N2CCOCC2)[nH]c1/C=C1\C(=O)Nc2ncnc(Nc3cc
236,0.888889,0.0791,8.00,10.0,CS(=O)(=O)CCNCc1ccc(-c2ccc3ncnc(Nc4ccc(OCc5cccc(F)
237,0.606215,0.0829,5.46,3500.0,CO[C@H]1[C@@H](N(C)C(=O)CNC(=O)OC(C)(C)C)C[C@@H]2O
238,0.654006,0.0725,5.89,1300.0,CCCCC(O)CN(C)[C@H]1C[C@@H]2O[C@](C)([C@H]1OC)n1c3c
239,0.606215,0.0815,5.46,3500.0,CO[C@H]1[C@@H](N(C)C(=O)CNC(=O)OC(C)(C)C)C[C@@H]2O
240,0.453333,0.0762,4.08,83176.4,COc1cc(/C=C(\C#N)C(N)=O)cc(CSc2nc3cc(Cl)ccc3s2)c1O
241,0.654006,0.0750,5.89,1300.0,CCCCC(O)CN(C)[C@H]1C[C@@H]2O[C@](C)([C@H]1OC)n1c3c
242,0.654006,0.0743,5.89,1300.0,CCCCC(O)CN(C)[C@H]1C[C@@H]2O[C@](C)([C@H]1OC)n1c3c
243,0.552789,0.0898,4.98,10590.0,COc1cc2ncc(C#N)c(Nc3ccc(F)c(Cl)c3)c2cc1NC(=O)/C=C/
244,0.606215,0.0923,5.46,3500.0,CO[C@H]1[C@@H](N(C)C(=O)CNC(=O)OC(C)(C)C)C[C@@H]2O
245,0.888889,0.0825,8.00,10.0,CS(=O)(=O)CCNc1nc(-c2ccc3ncnc(Nc4ccc(OCc5cccc(F)c5
246,0.927421,0.0822,8.35,4.5,Cc1cc(C(=O)N2CCOCC2)[nH]c1/C=C1\C(=O)Nc2ncnc(Nc3cc
247,0.590973,0.0785,5.32,4800.0,CO[C@H]1[C@@H](N(C)C(=O)c2cccc([N+](=O)[O-])c2)C[C
248,0.654006,0.0845,5.89,1300.0,CCCCC(O)CN(C)[C@H]1C[C@@H]2O[C@](C)([C@H]1OC)n1c3c
249,0.552789,0.0851,4.98,10590.0,COc1cc2ncc(C#N)c(Nc3ccc(F)c(Cl)c3)c2cc1NC(=O)/C=C/
250,0.675658,0.0759,6.08,830.0,COC(=O)CN1CCC(n2cc(-c3cccc(OC)c3)c3c(N)ncnc32)C1
251,0.590573,0.0758,5.32,4840.0,CCN(CC)C(C)/C=C/C(=O)Nc1cc2c(Nc3ccc(F)c(Cl)c3)c(C#
252,0.590573,0.0726,5.32,4840.0,CCN(CC)C(C)/C=C/C(=O)Nc1cc2c(Nc3ccc(F)c(Cl)c3)c(C#
253,0.794305,0.0885,7.15,71.0,CS(=O)(=O)CCNc1nc(-c2ccc3ncnc(Nc4ccc5c(cnn5Cc5cccc
254,0.888889,0.0750,8.00,10.0,CS(=O)(=O)CCNCc1ccc(-c2ccc3ncnc(Nc4ccc(OCc5cccc(F)
255,0.927421,0.0723,8.35,4.5,Cc1cc(C(=O)N2CCOCC2)[nH]c1/C=C1\C(=O)Nc2ncnc(Nc3cc
256,0.606215,0.0730,5.46,3500.0,CO[C@H]1[C@@H](N(C)C(=O)CNC(=O)OC(C)(C)C)C[C@@H]2O
257,0.654006,0.0809,5.89,1300.0,CCCCC(O)CN(C)[C@H]1C[C@@H]2O[C@](C)([C@H]1OC)n1c3c
258,0.552789,0.0726,4.98,10590.0,COc1cc2ncc(C#N)c(Nc3ccc(F)c(Cl)c3)c2cc1NC(=O)/C=C/
259,0.606215,0.0933,5.46,3500.0,CO[C@H]1[C@@H](N(C)C(=O)CNC(=O)OC(C)(C)C)C[C@@H]2O
260,0.701089,0.0725,6.31,490.0,COc1cccc(-c2cn(C3CC(CNCCO)C3)c3ncnc(N)c23)c1
261,0.654006,0.0892,5.89,1300.0,CCCCC(O)CN(C)[C@H]1C[C@@H]2O[C@](C)([C@H]1OC)n1c3c
262,0.590573,0.0777,5.32,4840.0,CCN(CC)C(C)/C=C/C(=O)Nc1cc2c(Nc3ccc(F)c(Cl)c3)c(C#
263,1.000000,0.0819,9.35,0.5,CCN(CC)CC(O)CNC(=O)c1cc(C)c(/C=C2\C(=O)Nc3ncnc(Nc4
264,0.552789,0.0776,4.98,10590.0,COc1cc2ncc(C#N)c(Nc3ccc(F)c(Cl)c3)c2cc1NC(=O)/C=C/
265,0.995401,0.0756,8.96,1.1,Cc1cc(C(=O)NCCN2CCOCC2)[nH]c1/C=C1\C(=O)Nc2ncnc(Nc
266,0.654006,0.0861,5.89,1300.0,CCCCC(O)CN(C)[C@H]1C[C@@H]2O[C@](C)([C@H]1OC)n1c3c
267,0.606215,0.0801,5.46,3500.0,CO[C@H]1[C@@H](N(C)C(=O)CNC(=O)OC(C)(C)C)C[C@@H]2O
268,0.788546,0.0787,7.10,80.0,C=CC(=O)Nc1cc2c(Nc3ccc(F)c(Cl)c3)c(C#N)cnc2cc1OCCC
269,0.654006,0.0829,5.89,1300.0,CCCCC(O)CN(C)[C@H]1C[C@@H]2O[C@](C)([C@H]1OC)n1c3c
270,0.593027,0.0776,5.34,4600.0,CO[C@H]1[C@@H](N(C)C(=O)c2cccc(Cl)c2)C[C@@H]2O[C@@
271,0.606215,0.0846,5.46,3500.0,CO[C@H]1[C@@H](N(C)C(=O)CNC(=O)OC(C)(C)C)C[C@@H]2O
272,0.606215,0.0781,5.46,3500.0,CO[C@H]1[C@@H](N(C)C(=O)CNC(=O)OC(C)(C)C)C[C@@H]2O
273,0.654006,0.0799,5.89,1300.0,CCCCC(O)CN(C)[C@H]1C[C@@H]2O[C@](C)([C@H]1OC)n1c3c
274,0.794305,0.0792,7.15,71.0,CS(=O)(=O)CCNc1nc(-c2ccc3ncnc(Nc4ccc5c(cnn5Cc5cccc
275,0.552789,0.0825,4.98,10590.0,COc1cc2ncc(C#N)c(Nc3ccc(F)c(Cl)c3)c2cc1NC(=O)/C=C/
276,0.696401,0.0742,6.27,540.0,CS(=O)(=O)CCNc1nc(-c2ccc3ncnc(Nc4ccc(OCc5cccc(C(F)
277,0.654006,0.0774,5.89,1300.0,CCCCC(O)CN(C)[C@H]1C[C@@H]2O[C@](C)([C@H]1OC)n1c3c
278,0.606215,0.0830,5.46,3500.0,CO[C@H]1[C@@H](N(C)C(=O)CNC(=O)OC(C)(C)C)C[C@@H]2O
279,0.593027,0.0807,5.34,4600.0,CO[C@H]1[C@@H](N(C)C(=O)c2cccc(Cl)c2)C[C@@H]2O[C@@
280,0.606215,0.0801,5.46,3500.0,CO[C@H]1[C@@H](N(C)C(=O)CNC(=O)OC(C)(C)C)C[C@@H]2O
281,0.927421,0.0795,8.35,4.5,Cc1cc(C(=O)N2CCOCC2)[nH]c1/C=C1\C(=O)Nc2ncnc(Nc3cc
282,0.654006,0.0757,5.89,1300.0,CCCCC(O)CN(C)[C@H]1C[C@@H]2O[C@](C)([C@H]1OC)n1c3c
283,0.995401,0.0933,8.96,1.1,Cc1cc(C(=O)NCCN2CCOCC2)[nH]c1/C=C1\C(=O)Nc2ncnc(Nc
284,0.444444,0.0766,4.00,100000.0,COC(=O)CN1Cc2c(c3c4ccccc4n4c3c3c2c2ccccc2n3[C@]2(C
285,0.552789,0.0823,4.98,10590.0,COc1cc2ncc(C#N)c(Nc3ccc(F)c(Cl)c3)c2cc1NC(=O)/C=C/
286,0.453333,0.0758,4.08,83176.4,COc1cc(/C=C(\C#N)C(N)=O)cc(CSc2nc3cc(Cl)ccc3s2)c1O
287,0.654006,0.0773,5.89,1300.0,CCCCC(O)CN(C)[C@H]1C[C@@H]2O[C@](C)([C@H]1OC)n1c3c
288,0.654006,0.0755,5.89,1300.0,CCCCC(O)CN(C)[C@H]1C[C@@H]2O[C@](C)([C@H]1OC)n1c3c
289,0.927421,0.0810,8.35,4.5,Cc1cc(C(=O)N2CCOCC2)[nH]c1/C=C1\C(=O)Nc2ncnc(Nc3cc
290,0.696401,0.0784,6.27,540.0,CS(=O)(=O)CCNc1nc(-c2ccc3ncnc(Nc4ccc(OCc5cccc(C(F)
291,0.606215,0.0851,5.46,3500.0,CO[C@H]1[C@@H](N(C)C(=O)CNC(=O)OC(C)(C)C)C[C@@H]2O
292,0.995401,0.0866,8.96,1.1,Cc1cc(C(=O)NCCN2CCOCC2)[nH]c1/C=C1\C(=O)Nc2ncnc(Nc
293,0.444444,0.0828,4.00,100000.0,CO[C@H]1[C@@H](N(C)C(=O)c2ccccc2)C[C@@H]2O[C@@]1(C
294,0.606215,0.0848,5.46,3500.0,CO[C@H]1[C@@H](N(C)C(=O)CNC(=O)OC(C)(C)C)C[C@@H]2O
295,0.606215,0.0851,5.46,3500.0,CO[C@H]1[C@@H](N(C)C(=O)CNC(=O)OC(C)(C)C)C[C@@H]2O
296,0.980434,0.0750,8.82,1.5,C=CC(=O)Nc1cc2c(Nc3ccc(F)c(Cl)c3)ncnc2cc1OCCCN1CCO
297,0.846643,0.0790,7.62,24.0,CS(=O)(=O)CCNCCCCOc1ccc2ncnc(Nc3ccc4c(cnn4Cc4cccc(
298,0.654006,0.0749,5.89,1300.0,CCCCC(O)CN(C)[C@H]1C[C@@H]2O[C@](C)([C@H]1OC)n1c3c
299,0.606215,0.0893,5.46,3500.0,CO[C@H]1[C@@H](N(C)C(=O)CNC(=O)OC(C)(C)C)C[C@@H]2O
300,0.888889,0.0814,8.00,10.0,CS(=O)(=O)CCNCc1ccc(-c2ccc3ncnc(Nc4ccc(OCc5cccc(F)
301,0.654006,0.0808,5.89,1300.0,CCCCC(O)CN(C)[C@H]1C[C@@H]2O[C@](C)([C@H]1OC)n1c3c
302,0.444444,0.0761,4.00,100000.0,CO[C@H]1[C@@H](N(C)C(=O)c2ccccc2)C[C@@H]2O[C@@]1(C
303,0.927421,0.0789,8.35,4.5,Cc1cc(C(=O)N2CCOCC2)[nH]c1/C=C1\C(=O)Nc2ncnc(Nc3cc
304,0.654006,0.0788,5.89,1300.0,CCCCC(O)CN(C)[C@H]1C[C@@H]2O[C@](C)([C@H]1OC)n1c3c
305,0.696401,0.0769,6.27,540.0,CS(=O)(=O)CCNc1nc(-c2ccc3ncnc(Nc4ccc(OCc5cccc(C(F)
306,0.606215,0.0890,5.46,3500.0,CO[C@H]1[C@@H](N(C)C(=O)CNC(=O)OC(C)(C)C)C[C@@H]2O
307,0.606215,0.0852,5.46,3500.0,CO[C@H]1[C@@H](N(C)C(=O)CNC(=O)OC(C)(C)C)C[C@@H]2O
308,0.971636,0.0799,8.74,1.8,Cc1cc(C(=O)N2CCOCC2)[nH]c1/C=C1\C(=O)Nc2ncnc(Nc3cc
309,0.606215,0.0818,5.46,3500.0,CO[C@H]1[C@@H](N(C)C(=O)CNC(=O)OC(C)(C)C)C[C@@H]2O
310,0.606215,0.0731,5.46,3500.0,CO[C@H]1[C@@H](N(C)C(=O)CNC(=O)OC(C)(C)C)C[C@@H]2O
311,0.606215,0.0912,5.46,3500.0,CO[C@H]1[C@@H](N(C)C(=O)CNC(=O)OC(C)(C)C)C[C@@H]2O
312,0.696401,0.0790,6.27,540.0,CS(=O)(=O)CCNc1nc(-c2ccc3ncnc(Nc4ccc(OCc5cccc(C(F)
313,0.606215,0.0870,5.46,3500.0,CO[C@H]1[C@@H](N(C)C(=O)CNC(=O)OC(C)(C)C)C[C@@H]2O
314,0.654006,0.0820,5.89,1300.0,CCCCC(O)CN(C)[C@H]1C[C@@H]2O[C@](C)([C@H]1OC)n1c3c
315,0.606215,0.0890,5.46,3500.0,CO[C@H]1[C@@H](N(C)C(=O)CNC(=O)OC(C)(C)C)C[C@@H]2O
316,0.888889,0.0797,8.00,10.0,CS(=O)(=O)CCNCc1ccc(-c2ccc3ncnc(Nc4ccc(OCc5cccc(F)
317,0.654006,0.0839,5.89,1300.0,CCCCC(O)CN(C)[C@H]1C[C@@H]2O[C@](C)([C@H]1OC)n1c3c
318,0.888889,0.0799,8.00,10.0,CS(=O)(=O)CCNCc1ccc(-c2ccc3ncnc(Nc4ccc(OCc5cccc(F)
319,0.586667,0.0827,5.28,5248.1,COc1cc(/C=C(\C#N)C(N)=O)cc(CSc2nc3ccccc3o2)c1O
320,0.552789,0.0911,4.98,10590.0,COc1cc2ncc(C#N)c(Nc3ccc(F)c(Cl)c3)c2cc1NC(=O)/C=C/
321,0.635441,0.0771,5.72,1910.0,CCN(CC)C/C=C/C(=O)Nc1cc2c(Nc3ccc(F)c(Cl)c3)c(C#N)c
322,0.654006,0.0841,5.89,1300.0,CCCCC(O)CN(C)[C@H]1C[C@@H]2O[C@](C)([C@H]1OC)n1c3c
323,0.444444,0.0816,4.00,100000.0,COC(=O)CN1Cc2c(c3c4ccccc4n4c3c3c2c2ccccc2n3[C@]2(C
324,0.606215,0.0833,5.46,3500.0,CO[C@H]1[C@@H](N(C)C(=O)CNC(=O)OC(C)(C)C)C[C@@H]2O
325,0.654006,0.0790,5.89,1300.0,CCCCC(O)CN(C)[C@H]1C[C@@H]2O[C@](C)([C@H]1OC)n1c3c
326,0.453333,0.0788,4.08,83176.4,COc1cc(/C=C(\C#N)C(N)=O)cc(CSc2nc3cc(Cl)ccc3s2)c1O
327,0.696401,0.0753,6.27,540.0,CS(=O)(=O)CCNc1nc(-c2ccc3ncnc(Nc4ccc(OCc5cccc(C(F)
328,0.565250,0.0769,5.09,8180.0,CO[C@H]1[C@@H](N(C)C(=O)c2cccnc2)C[C@@H]2O[C@@]1(C
329,0.606215,0.0821,5.46,3500.0,CO[C@H]1[C@@H](N(C)C(=O)CNC(=O)OC(C)(C)C)C[C@@H]2O
330,0.654006,0.0806,5.89,1300.0,CCCCC(O)CN(C)[C@H]1C[C@@H]2O[C@](C)([C@H]1OC)n1c3c
331,0.654006,0.0838,5.89,1300.0,CCCCC(O)CN(C)[C@H]1C[C@@H]2O[C@](C)([C@H]1OC)n1c3c
332,0.971636,0.0750,8.74,1.8,Cc1cc(C(=O)N2CCOCC2)[nH]c1/C=C1\C(=O)Nc2ncnc(Nc3cc
333,0.590973,0.0833,5.32,4800.0,CO[C@H]1[C@@H](N(C)C(=O)c2cccc([N+](=O)[O-])c2)C[C
334,0.696401,0.0855,6.27,540.0,CS(=O)(=O)CCNc1nc(-c2ccc3ncnc(Nc4ccc(OCc5cccc(C(F)
335,0.552789,0.0786,4.98,10590.0,COc1cc2ncc(C#N)c(Nc3ccc(F)c(Cl)c3)c2cc1NC(=O)/C=C/
336,0.453333,0.0728,4.08,83176.4,COc1cc(/C=C(\C#N)C(N)=O)cc(CSc2nc3cc(Cl)ccc3s2)c1O
337,0.590573,0.0809,5.32,4840.0,CCN(CC)C(C)/C=C/C(=O)Nc1cc2c(Nc3ccc(F)c(Cl)c3)c(C#
338,0.927421,0.0915,8.35,4.5,Cc1cc(C(=O)N2CCOCC2)[nH]c1/C=C1\C(=O)Nc2ncnc(Nc3cc
339,0.590573,0.0875,5.32,4840.0,CCN(CC)C(C)/C=C/C(=O)Nc1cc2c(Nc3ccc(F)c(Cl)c3)c(C#
340,0.606215,0.0739,5.46,3500.0,CO[C@H]1[C@@H](N(C)C(=O)CNC(=O)OC(C)(C)C)C[C@@H]2O
341,0.606215,0.0843,5.46,3500.0,CO[C@H]1[C@@H](N(C)C(=O)CNC(=O)OC(C)(C)C)C[C@@H]2O
342,0.590573,0.0786,5.32,4840.0,CCN(CC)C(C)/C=C/C(=O)Nc1cc2c(Nc3ccc(F)c(Cl)c3)c(C#
343,0.654006,0.0866,5.89,1300.0,CCCCC(O)CN(C)[C@H]1C[C@@H]2O[C@](C)([C@H]1OC)n1c3c
344,0.606215,0.0859,5.46,3500.0,CO[C@H]1[C@@H](N(C)C(=O)CNC(=O)OC(C)(C)C)C[C@@H]2O
345,0.586101,0.0782,5.27,5310.0,Cc1cc(C(=O)NCCN2CCOCC2)[nH]c1/C=C1\C(=O)N(C)c2ncnc
346,0.606215,0.0820,5.46,3500.0,CO[C@H]1[C@@H](N(C)C(=O)CNC(=O)OC(C)(C)C)C[C@@H]2O
347,0.552789,0.0804,4.98,10590.0,COc1cc2ncc(C#N)c(Nc3ccc(F)c(Cl)c3)c2cc1NC(=O)/C=C/
348,1.000000,0.0780,9.35,0.5,CCN(CC)CC(O)CNC(=O)c1cc(C)c(/C=C2\C(=O)Nc3ncnc(Nc4
349,0.696401,0.0859,6.27,540.0,CS(=O)(=O)CCNc1nc(-c2ccc3ncnc(Nc4ccc(OCc5cccc(C(F)
350,0.606215,0.0872,5.46,3500.0,CO[C@H]1[C@@H](N(C)C(=O)CNC(=O)OC(C)(C)C)C[C@@H]2O
351,0.461656,0.0738,4.15,70000.0,CO[C@H]1[C@@H](N(C)C(=O)c2cc([N+](=O)[O-])cc([N+](
352,0.888889,0.0752,8.00,10.0,CS(=O)(=O)CCNCc1ccc(-c2ccc3ncnc(Nc4ccc(OCc5cccc(F)
353,0.654006,0.0801,5.89,1300.0,CCCCC(O)CN(C)[C@H]1C[C@@H]2O[C@](C)([C@H]1OC)n1c3c
354,0.696401,0.0827,6.27,540.0,CS(=O)(=O)CCNc1nc(-c2ccc3ncnc(Nc4ccc(OCc5cccc(C(F)
355,0.888889,0.0792,8.00,10.0,CS(=O)(=O)CCNCc1ccc(-c2ccc3ncnc(Nc4ccc(OCc5cccc(F)
356,0.995401,0.0720,8.96,1.1,Cc1cc(C(=O)NCCN2CCOCC2)[nH]c1/C=C1\C(=O)Nc2ncnc(Nc
357,0.696401,0.0729,6.27,540.0,CS(=O)(=O)CCNc1nc(-c2ccc3ncnc(Nc4ccc(OCc5cccc(C(F)
358,0.696401,0.0849,6.27,540.0,CS(=O)(=O)CCNc1nc(-c2ccc3ncnc(Nc4ccc(OCc5cccc(C(F)
359,0.654006,0.0818,5.89,1300.0,CCCCC(O)CN(C)[C@H]1C[C@@H]2O[C@](C)([C@H]1OC)n1c3c
360,0.744330,0.0781,6.70,200.0,CCN(CC)CCNC(=O)c1c(C)[nH]c(/C=C2\C(=O)Nc3ncnc(Nc4c
361,0.590973,0.0924,5.32,4800.0,CO[C@H]1[C@@H](N(C)C(=O)c2cccc([N+](=O)[O-])c2)C[C
362,0.552789,0.0794,4.98,10590.0,COc1cc2ncc(C#N)c(Nc3ccc(F)c(Cl)c3)c2cc1NC(=O)/C=C/
363,0.606215,0.0768,5.46,3500.0,CO[C@H]1[C@@H](N(C)C(=O)CNC(=O)OC(C)(C)C)C[C@@H]2O
364,0.606215,0.0943,5.46,3500.0,CO[C@H]1[C@@H](N(C)C(=O)CNC(=O)OC(C)(C)C)C[C@@H]2O
365,0.995401,0.0785,8.96,1.1,Cc1cc(C(=O)NCCN2CCOCC2)[nH]c1/C=C1\C(=O)Nc2ncnc(Nc
366,0.654006,0.0806,5.89,1300.0,CCCCC(O)CN(C)[C@H]1C[C@@H]2O[C@](C)([C@H]1OC)n1c3c
367,0.606215,0.0765,5.46,3500.0,CO[C@H]1[C@@H](N(C)C(=O)CNC(=O)OC(C)(C)C)C[C@@H]2O
368,0.654006,0.0772,5.89,1300.0,CCCCC(O)CN(C)[C@H]1C[C@@H]2O[C@](C)([C@H]1OC)n1c3c
369,0.606215,0.0836,5.46,3500.0,CO[C@H]1[C@@H](N(C)C(=O)CNC(=O)OC(C)(C)C)C[C@@H]2O
370,0.696401,0.0820,6.27,540.0,CS(=O)(=O)CCNc1nc(-c2ccc3ncnc(Nc4ccc(OCc5cccc(C(F)
371,0.888889,0.0753,8.00,10.0,CS(=O)(=O)CCNCc1ccc(-c2ccc3ncnc(Nc4ccc(OCc5cccc(F)
372,0.590973,0.0780,5.32,4800.0,CO[C@H]1[C@@H](N(C)C(=O)c2cccc([N+](=O)[O-])c2)C[C
373,0.590973,0.0789,5.32,4800.0,CO[C@H]1[C@@H](N(C)C(=O)c2cccc([N+](=O)[O-])c2)C[C
374,0.696401,0.0772,6.27,540.0,CS(=O)(=O)CCNc1nc(-c2ccc3ncnc(Nc4ccc(OCc5cccc(C(F)
375,0.696401,0.0815,6.27,540.0,CS(=O)(=O)CCNc1nc(-c2ccc3ncnc(Nc4ccc(OCc5cccc(C(F)
376,0.552789,0.0764,4.98,10590.0,COc1cc2ncc(C#N)c(Nc3ccc(F)c(Cl)c3)c2cc1NC(=O)/C=C/
377,0.590973,0.0753,5.32,4800.0,CO[C@H]1[C@@H](N(C)C(=O)c2cccc([N+](=O)[O-])c2)C[C
378,0.565250,0.0746,5.09,8180.0,CO[C@H]1[C@@H](N(C)C(=O)c2cnccn2)C[C@@H]2O[C@@]1(C
379,0.606215,0.0850,5.46,3500.0,CO[C@H]1[C@@H](N(C)C(=O)CNC(=O)OC(C)(C)C)C[C@@H]2O
380,0.701089,0.0778,6.31,490.0,COc1cccc(-c2cn(C3CC(CNCCO)C3)c3ncnc(N)c23)c1
381,0.701089,0.0685,6.31,490.0,COc1cccc(-c2cn(C3CC(CNCCO)C3)c3ncnc(N)c23)c1
382,0.606215,0.0867,5.46,3500.0,CO[C@H]1[C@@H](N(C)C(=O)CNC(=O)OC(C)(C)C)C[C@@H]2O
383,0.876229,0.0755,7.89,13.0,CCN1CCN(C(=O)c2cc(C)c(/C=C3\C(=O)Nc4ncnc(Nc5ccc(F)
384,0.444444,0.0791,4.00,100000.0,COC(=O)CN1Cc2c(c3c4ccccc4n4c3c3c2c2ccccc2n3[C@]2(C
385,0.593027,0.0826,5.34,4600.0,CO[C@H]1[C@@H](N(C)C(=O)c2cccc(Cl)c2)C[C@@H]2O[C@@
386,0.654006,0.0832,5.89,1300.0,CCCCC(O)CN(C)[C@H]1C[C@@H]2O[C@](C)([C@H]1OC)n1c3c
387,0.444444,0.0804,4.00,100000.0,CO[C@H]1[C@@H](N(C)C(=O)c2ccccc2)C[C@@H]2O[C@@]1(C
388,0.606215,0.0791,5.46,3500.0,CO[C@H]1[C@@H](N(C)C(=O)CNC(=O)OC(C)(C)C)C[C@@H]2O
389,0.606215,0.0847,5.46,3500.0,CO[C@H]1[C@@H](N(C)C(=O)CNC(=O)OC(C)(C)C)C[C@@H]2O
390,0.606215,0.0899,5.46,3500.0,CO[C@H]1[C@@H](N(C)C(=O)CNC(=O)OC(C)(C)C)C[C@@H]2O
391,0.927421,0.0805,8.35,4.5,Cc1cc(C(=O)N2CCOCC2)[nH]c1/C=C1\C(=O)Nc2ncnc(Nc3cc
392,0.606215,0.0761,5.46,3500.0,CO[C@H]1[C@@H](N(C)C(=O)CNC(=O)OC(C)(C)C)C[C@@H]2O
393,0.606215,0.0736,5.46,3500.0,CO[C@H]1[C@@H](N(C)C(=O)CNC(=O)OC(C)(C)C)C[C@@H]2O
394,0.654006,0.0798,5.89,1300.0,CCCCC(O)CN(C)[C@H]1C[C@@H]2O[C@](C)([C@H]1OC)n1c3c
395,0.654006,0.0875,5.89,1300.0,CCCCC(O)CN(C)[C@H]1C[C@@H]2O[C@](C)([C@H]1OC)n1c3c
396,0.590973,0.0874,5.32,4800.0,CO[C@H]1[C@@H](N(C)C(=O)c2cccc([N+](=O)[O-])c2)C[C
397,0.606215,0.0873,5.46,3500.0,CO[C@H]1[C@@H](N(C)C(=O)CNC(=O)OC(C)(C)C)C[C@@H]2O
398,0.606215,0.0817,5.46,3500.0,CO[C@H]1[C@@H](N(C)C(=O)CNC(=O)OC(C)(C)C)C[C@@H]2O
399,0.606215,0.0857,5.46,3500.0,CO[C@H]1[C@@H](N(C)C(=O)CNC(=O)OC(C)(C)C)C[C@@H]2O
400,0.453333,0.0788,4.08,83176.4,COc1cc(/C=C(\C#N)C(N)=O)cc(CSc2nc3cc(Cl)ccc3s2)c1O
401,0.654006,0.0801,5.89,1300.0,CCCCC(O)CN(C)[C@H]1C[C@@H]2O[C@](C)([C@H]1OC)n1c3c
402,0.552789,0.0822,4.98,10590.0,COc1cc2ncc(C#N)c(Nc3ccc(F)c(Cl)c3)c2cc1NC(=O)/C=C/
403,0.453333,0.0794,4.08,83176.4,COc1cc(/C=C(\C#N)C(N)=O)cc(CSc2nc3cc(Cl)ccc3s2)c1O
404,0.590973,0.0877,5.32,4800.0,CO[C@H]1[C@@H](N(C)C(=O)c2cccc([N+](=O)[O-])c2)C[C
405,0.606215,0.0816,5.46,3500.0,CO[C@H]1[C@@H](N(C)C(=O)CNC(=O)OC(C)(C)C)C[C@@H]2O
406,0.606215,0.0883,5.46,3500.0,CO[C@H]1[C@@H](N(C)C(=O)CNC(=O)OC(C)(C)C)C[C@@H]2O
407,0.654006,0.0778,5.89,1300.0,CCCCC(O)CN(C)[C@H]1C[C@@H]2O[C@](C)([C@H]1OC)n1c3c
408,0.654006,0.0799,5.89,1300.0,CCCCC(O)CN(C)[C@H]1C[C@@H]2O[C@](C)([C@H]1OC)n1c3c
409,0.590573,0.0813,5.32,4840.0,CCN(CC)C(C)/C=C/C(=O)Nc1cc2c(Nc3ccc(F)c(Cl)c3)c(C#
410,0.606215,0.0780,5.46,3500.0,CO[C@H]1[C@@H](N(C)C(=O)CNC(=O)OC(C)(C)C)C[C@@H]2O
411,0.593027,0.0806,5.34,4600.0,CO[C@H]1[C@@H](N(C)C(=O)c2cccc(Cl)c2)C[C@@H]2O[C@@
412,0.971636,0.0847,8.74,1.8,Cc1cc(C(=O)N2CCOCC2)[nH]c1/C=C1\C(=O)Nc2ncnc(Nc3cc
413,0.654006,0.0877,5.89,1300.0,CCCCC(O)CN(C)[C@H]1C[C@@H]2O[C@](C)([C@H]1OC)n1c3c
414,0.888889,0.0792,8.00,10.0,CS(=O)(=O)CCNc1nc(-c2ccc3ncnc(Nc4ccc(OCc5cccc(F)c5
415,0.654006,0.0830,5.89,1300.0,CCCCC(O)CN(C)[C@H]1C[C@@H]2O[C@](C)([C@H]1OC)n1c3c
416,0.654006,0.0702,5.89,1300.0,CCCCC(O)CN(C)[C@H]1C[C@@H]2O[C@](C)([C@H]1OC)n1c3c
417,0.606215,0.0950,5.46,3500.0,CO[C@H]1[C@@H](N(C)C(=O)CNC(=O)OC(C)(C)C)C[C@@H]2O
418,0.606215,0.0800,5.46,3500.0,CO[C@H]1[C@@H](N(C)C(=O)CNC(=O)OC(C)(C)C)C[C@@H]2O
419,0.444444,0.0869,4.00,100000.0,COC(=O)CN1Cc2c(c3c4ccccc4n4c3c3c2c2ccccc2n3[C@]2(C
420,0.888889,0.0763,8.00,10.0,CS(=O)(=O)CCNc1nc(-c2ccc3ncnc(Nc4ccc(OCc5cccc(F)c5
421,0.654006,0.0923,5.89,1300.0,CCCCC(O)CN(C)[C@H]1C[C@@H]2O[C@](C)([C@H]1OC)n1c3c
422,0.696401,0.0736,6.27,540.0,CS(=O)(=O)CCNc1nc(-c2ccc3ncnc(Nc4ccc(OCc5cccc(C(F)
423,0.654006,0.0848,5.89,1300.0,CCCCC(O)CN(C)[C@H]1C[C@@H]2O[C@](C)([C@H]1OC)n1c3c
424,0.606215,0.0826,5.46,3500.0,CO[C@H]1[C@@H](N(C)C(=O)CNC(=O)OC(C)(C)C)C[C@@H]2O
425,0.590573,0.0769,5.32,4840.0,CCN(CC)C(C)/C=C/C(=O)Nc1cc2c(Nc3ccc(F)c(Cl)c3)c(C#
426,0.696401,0.0779,6.27,540.0,CS(=O)(=O)CCNc1nc(-c2ccc3ncnc(Nc4ccc(OCc5cccc(C(F)
427,0.606215,0.0940,5.46,3500.0,CO[C@H]1[C@@H](N(C)C(=O)CNC(=O)OC(C)(C)C)C[C@@H]2O
428,0.794305,0.0669,7.15,71.0,CS(=O)(=O)CCNc1nc(-c2ccc3ncnc(Nc4ccc5c(cnn5Cc5cccc
429,0.590973,0.0801,5.32,4800.0,CO[C@H]1[C@@H](N(C)C(=O)c2cccc([N+](=O)[O-])c2)C[C
430,0.606215,0.0914,5.46,3500.0,CO[C@H]1[C@@H](N(C)C(=O)CNC(=O)OC(C)(C)C)C[C@@H]2O
431,0.995401,0.0844,8.96,1.1,Cc1cc(C(=O)NCCN2CCOCC2)[nH]c1/C=C1\C(=O)Nc2ncnc(Nc
432,0.995401,0.0807,8.96,1.1,Cc1cc(C(=O)NCCN2CCOCC2)[nH]c1/C=C1\C(=O)Nc2ncnc(Nc
433,0.654006,0.0740,5.89,1300.0,CCCCC(O)CN(C)[C@H]1C[C@@H]2O[C@](C)([C@H]1OC)n1c3c
434,0.654006,0.0838,5.89,1300.0,CCCCC(O)CN(C)[C@H]1C[C@@H]2O[C@](C)([C@H]1OC)n1c3c
435,0.552789,0.0801,4.98,10590.0,COc1cc2ncc(C#N)c(Nc3ccc(F)c(Cl)c3)c2cc1NC(=O)/C=C/
436,0.654006,0.0826,5.89,1300.0,CCCCC(O)CN(C)[C@H]1C[C@@H]2O[C@](C)([C@H]1OC)n1c3c
437,0.606215,0.0814,5.46,3500.0,CO[C@H]1[C@@H](N(C)C(=O)CNC(=O)OC(C)(C)C)C[C@@H]2O
438,0.590973,0.0816,5.32,4800.0,CO[C@H]1[C@@H](N(C)C(=O)c2cccc([N+](=O)[O-])c2)C[C
439,0.606215,0.0764,5.46,3500.0,CO[C@H]1[C@@H](N(C)C(=O)CNC(=O)OC(C)(C)C)C[C@@H]2O
440,0.888889,0.0773,8.00,10.0,CS(=O)(=O)CCNc1nc(-c2ccc3ncnc(Nc4ccc(OCc5cccc(F)c5
441,0.606215,0.0760,5.46,3500.0,CO[C@H]1[C@@H](N(C)C(=O)CNC(=O)OC(C)(C)C)C[C@@H]2O
442,0.606215,0.0816,5.46,3500.0,CO[C@H]1[C@@H](N(C)C(=O)CNC(=O)OC(C)(C)C)C[C@@H]2O
443,0.876229,0.0750,7.89,13.0,CCN1CCN(C(=O)c2cc(C)c(/C=C3\C(=O)Nc4ncnc(Nc5ccc(F)
444,0.444444,0.0731,4.00,100000.0,COC(=O)CN1Cc2c(c3c4ccccc4n4c3c3c2c2ccccc2n3[C@]2(C
445,0.654006,0.0809,5.89,1300.0,CCCCC(O)CN(C)[C@H]1C[C@@H]2O[C@](C)([C@H]1OC)n1c3c
446,0.654006,0.0855,5.89,1300.0,CCCCC(O)CN(C)[C@H]1C[C@@H]2O[C@](C)([C@H]1OC)n1c3c
447,0.696401,0.0680,6.27,540.0,CS(=O)(=O)CCNc1nc(-c2ccc3ncnc(Nc4ccc(OCc5cccc(C(F)
448,0.876229,0.0755,7.89,13.0,CCN1CCN(C(=O)c2cc(C)c(/C=C3\C(=O)Nc4ncnc(Nc5ccc(F)
449,0.850842,0.0751,7.66,22.0,O=C1Nc2ncnc(Nc3ccc(F)c(Cl)c3)c2/C1=C/c1ccc(C(=O)NC
450,0.552789,0.0820,4.98,10590.0,COc1cc2ncc(C#N)c(Nc3ccc(F)c(Cl)c3)c2cc1NC(=O)/C=C/
451,0.606215,0.0996,5.46,3500.0,CO[C@H]1[C@@H](N(C)C(=O)CNC(=O)OC(C)(C)C)C[C@@H]2O
452,0.606215,0.0839,5.46,3500.0,CO[C@H]1[C@@H](N(C)C(=O)CNC(=O)OC(C)(C)C)C[C@@H]2O
453,0.606215,0.0824,5.46,3500.0,CO[C@H]1[C@@H](N(C)C(=O)CNC(=O)OC(C)(C)C)C[C@@H]2O
454,0.927421,0.0779,8.35,4.5,Cc1cc(C(=O)N2CCOCC2)[nH]c1/C=C1\C(=O)Nc2ncnc(Nc3cc
455,0.606215,0.0771,5.46,3500.0,CO[C@H]1[C@@H](N(C)C(=O)CNC(=O)OC(C)(C)C)C[C@@H]2O
456,0.552789,0.0780,4.98,10590.0,COc1cc2ncc(C#N)c(Nc3ccc(F)c(Cl)c3)c2cc1NC(=O)/C=C/
457,0.888889,0.0845,8.00,10.0,CS(=O)(=O)CCNCc1ccc(-c2ccc3ncnc(Nc4ccc(OCc5cccc(F)
458,0.552789,0.0757,4.98,10590.0,COc1cc2ncc(C#N)c(Nc3ccc(F)c(Cl)c3)c2cc1NC(=O)/C=C/
459,0.552789,0.0836,4.98,10590.0,COc1cc2ncc(C#N)c(Nc3ccc(F)c(Cl)c3)c2cc1NC(=O)/C=C/
460,0.606215,0.0849,5.46,3500.0,CO[C@H]1[C@@H](N(C)C(=O)CNC(=O)OC(C)(C)C)C[C@@H]2O
461,0.590973,0.0787,5.32,4800.0,CO[C@H]1[C@@H](N(C)C(=O)c2cccc([N+](=O)[O-])c2)C[C
462,0.654006,0.0711,5.89,1300.0,CCCCC(O)CN(C)[C@H]1C[C@@H]2O[C@](C)([C@H]1OC)n1c3c
463,0.593027,0.0772,5.34,4600.0,CO[C@H]1[C@@H](N(C)C(=O)c2cccc(Cl)c2)C[C@@H]2O[C@@
464,0.654006,0.0803,5.89,1300.0,CCCCC(O)CN(C)[C@H]1C[C@@H]2O[C@](C)([C@H]1OC)n1c3c
465,0.606215,0.0826,5.46,3500.0,CO[C@H]1[C@@H](N(C)C(=O)CNC(=O)OC(C)(C)C)C[C@@H]2O
466,0.590973,0.0821,5.32,4800.0,CO[C@H]1[C@@H](N(C)C(=O)c2cccc([N+](=O)[O-])c2)C[C
467,0.654006,0.0755,5.89,1300.0,CCCCC(O)CN(C)[C@H]1C[C@@H]2O[C@](C)([C@H]1OC)n1c3c
468,0.606215,0.0909,5.46,3500.0,CO[C@H]1[C@@H](N(C)C(=O)CNC(=O)OC(C)(C)C)C[C@@H]2O
469,0.606215,0.0761,5.46,3500.0,CO[C@H]1[C@@H](N(C)C(=O)CNC(=O)OC(C)(C)C)C[C@@H]2O
470,0.590973,0.0760,5.32,4800.0,CO[C@H]1[C@@H](N(C)C(=O)c2cccc([N+](=O)[O-])c2)C[C
471,0.590573,0.0765,5.32,4840.0,CCN(CC)C(C)/C=C/C(=O)Nc1cc2c(Nc3ccc(F)c(Cl)c3)c(C#
472,0.744330,0.0812,6.70,200.0,CCN(CC)CCNC(=O)c1c(C)[nH]c(/C=C2\C(=O)Nc3ncnc(Nc4c
473,0.654006,0.0818,5.89,1300.0,CCCCC(O)CN(C)[C@H]1C[C@@H]2O[C@](C)([C@H]1OC)n1c3c
474,0.606215,0.0820,5.46,3500.0,CO[C@H]1[C@@H](N(C)C(=O)CNC(=O)OC(C)(C)C)C[C@@H]2O
475,0.590973,0.0861,5.32,4800.0,CO[C@H]1[C@@H](N(C)C(=O)c2cccc([N+](=O)[O-])c2)C[C
476,0.654006,0.0811,5.89,1300.0,CCCCC(O)CN(C)[C@H]1C[C@@H]2O[C@](C)([C@H]1OC)n1c3c
477,0.696401,0.0680,6.27,540.0,CS(=O)(=O)CCNc1nc(-c2ccc3ncnc(Nc4ccc(OCc5cccc(C(F)
478,0.606215,0.0797,5.46,3500.0,CO[C@H]1[C@@H](N(C)C(=O)CNC(=O)OC(C)(C)C)C[C@@H]2O
479,0.654006,0.0751,5.89,1300.0,CCCCC(O)CN(C)[C@H]1C[C@@H]2O[C@](C)([C@H]1OC)n1c3c
480,0.654006,0.0719,5.89,1300.0,CCCCC(O)CN(C)[C@H]1C[C@@H]2O[C@](C)([C@H]1OC)n1c3c
481,0.590573,0.0845,5.32,4840.0,CCN(CC)C(C)/C=C/C(=O)Nc1cc2c(Nc3ccc(F)c(Cl)c3)c(C#
482,0.654006,0.0820,5.89,1300.0,CCCCC(O)CN(C)[C@H]1C[C@@H]2O[C@](C)([C@H]1OC)n1c3c
483,0.590973,0.0842,5.32,4800.0,CO[C@H]1[C@@H](N(C)C(=O)c2cccc([N+](=O)[O-])c2)C[C
484,0.606215,0.0865,5.46,3500.0,CO[C@H]1[C@@H](N(C)C(=O)CNC(=O)OC(C)(C)C)C[C@@H]2O
485,0.654006,0.0840,5.89,1300.0,CCCCC(O)CN(C)[C@H]1C[C@@H]2O[C@](C)([C@H]1OC)n1c3c
486,0.586667,0.0675,5.28,5248.1,COc1cc(/C=C(\C#N)C(N)=O)cc(CSc2nc3ccccc3o2)c1O
487,0.888889,0.0772,8.00,10.0,CS(=O)(=O)CCNCc1ccc(-c2ccc3ncnc(Nc4ccc(OCc5cccc(F)
488,0.654006,0.0835,5.89,1300.0,CCCCC(O)CN(C)[C@H]1C[C@@H]2O[C@](C)([C@H]1OC)n1c3c
489,0.565250,0.0844,5.09,8180.0,CO[C@H]1[C@@H](N(C)C(=O)c2cnccn2)C[C@@H]2O[C@@]1(C
490,0.696401,0.0760,6.27,540.0,CS(=O)(=O)CCNc1nc(-c2ccc3ncnc(Nc4ccc(OCc5cccc(C(F)
491,0.606215,0.0906,5.46,3500.0,CO[C@H]1[C@@H](N(C)C(=O)CNC(=O)OC(C)(C)C)C[C@@H]2O
492,0.444444,0.0743,4.00,100000.0,COC(=O)CN1Cc2c(c3c4ccccc4n4c3c3c2c2ccccc2n3[C@]2(C
493,0.654006,0.0882,5.89,1300.0,CCCCC(O)CN(C)[C@H]1C[C@@H]2O[C@](C)([C@H]1OC)n1c3c
494,0.995401,0.0797,8.96,1.1,Cc1cc(C(=O)NCCN2CCOCC2)[nH]c1/C=C1\C(=O)Nc2ncnc(Nc
495,0.654006,0.0675,5.89,1300.0,CCCCC(O)CN(C)[C@H]1C[C@@H]2O[C@](C)([C@H]1OC)n1c3c
496,0.590973,0.0839,5.32,4800.0,CO[C@H]1[C@@H](N(C)C(=O)c2cccc([N+](=O)[O-])c2)C[C
497,0.654006,0.0733,5.89,1300.0,CCCCC(O)CN(C)[C@H]1C[C@@H]2O[C@](C)([C@H]1OC)n1c3c
498,0.606215,0.0725,5.46,3500.0,CO[C@H]1[C@@H](N(C)C(=O)CNC(=O)OC(C)(C)C)C[C@@H]2O
499,0.995401,0.0780,8.96,1.1,Cc1cc(C(=O)NCCN2CCOCC2)[nH]c1/C=C1\C(=O)Nc2ncnc(Nc
500,0.444444,0.0786,4.00,100000.0,CO[C@H]1[C@@H](N(C)C(=O)c2ccccc2)C[C@@H]2O[C@@]1(C
501,0.606215,0.0763,5.46,3500.0,CO[C@H]1[C@@H](N(C)C(=O)CNC(=O)OC(C)(C)C)C[C@@H]2O
502,0.606215,0.0788,5.46,3500.0,CO[C@H]1[C@@H](N(C)C(=O)CNC(=O)OC(C)(C)C)C[C@@H]2O
503,1.000000,0.0759,9.35,0.5,CCN(CC)CC(O)CNC(=O)c1cc(C)c(/C=C2\C(=O)Nc3ncnc(Nc4
504,0.606215,0.0896,5.46,3500.0,CO[C@H]1[C@@H](N(C)C(=O)CNC(=O)OC(C)(C)C)C[C@@H]2O
505,0.606215,0.0753,5.46,3500.0,CO[C@H]1[C@@H](N(C)C(=O)CNC(=O)OC(C)(C)C)C[C@@H]2O
506,0.444444,0.0755,4.00,100000.0,COC(=O)CN1Cc2c(c3c4ccccc4n4c3c3c2c2ccccc2n3[C@]2(C
507,0.606215,0.0818,5.46,3500.0,CO[C@H]1[C@@H](N(C)C(=O)CNC(=O)OC(C)(C)C)C[C@@H]2O
508,0.971636,0.0777,8.74,1.8,Cc1cc(C(=O)N2CCOCC2)[nH]c1/C=C1\C(=O)Nc2ncnc(Nc3cc
509,0.593027,0.0888,5.34,4600.0,CO[C@H]1[C@@H](N(C)C(=O)c2cccc(Cl)c2)C[C@@H]2O[C@@
510,0.888889,0.0753,8.00,10.0,CS(=O)(=O)CCNCc1ccc(-c2ccc3ncnc(Nc4ccc(OCc5cccc(F)
511,0.590973,0.0775,5.32,4800.0,CO[C@H]1[C@@H](N(C)C(=O)c2cccc([N+](=O)[O-])c2)C[C
512,0.590573,0.0772,5.32,4840.0,CCN(CC)C(C)/C=C/C(=O)Nc1cc2c(Nc3ccc(F)c(Cl)c3)c(C#
513,0.606215,0.0866,5.46,3500.0,CO[C@H]1[C@@H](N(C)C(=O)CNC(=O)OC(C)(C)C)C[C@@H]2O
514,0.590573,0.0796,5.32,4840.0,CCN(CC)C(C)/C=C/C(=O)Nc1cc2c(Nc3ccc(F)c(Cl)c3)c(C#
515,0.850842,0.0794,7.66,22.0,O=C1Nc2ncnc(Nc3ccc(F)c(Cl)c3)c2/C1=C/c1ccc(C(=O)NC
516,0.794305,0.0779,7.15,71.0,CS(=O)(=O)CCNc1nc(-c2ccc3ncnc(Nc4ccc5c(cnn5Cc5cccc
517,0.606215,0.0850,5.46,3500.0,CO[C@H]1[C@@H](N(C)C(=O)CNC(=O)OC(C)(C)C)C[C@@H]2O
518,0.971636,0.0827,8.74,1.8,Cc1cc(C(=O)N2CCOCC2)[nH]c1/C=C1\C(=O)Nc2ncnc(Nc3cc
519,0.606215,0.0830,5.46,3500.0,CO[C@H]1[C@@H](N(C)C(=O)CNC(=O)OC(C)(C)C)C[C@@H]2O
520,0.606215,0.0813,5.46,3500.0,CO[C@H]1[C@@H](N(C)C(=O)CNC(=O)OC(C)(C)C)C[C@@H]2O
521,0.590973,0.0783,5.32,4800.0,CO[C@H]1[C@@H](N(C)C(=O)c2cccc([N+](=O)[O-])c2)C[C
522,0.444444,0.0765,4.00,100000.0,COC(=O)CN1Cc2c(c3c4ccccc4n4c3c3c2c2ccccc2n3[C@]2(C
523,0.619822,0.0749,5.58,2640.0,CN(C)C/C=C/C(=O)Nc1cc2c(Nc3ccc(F)c(Cl)c3)c(C#N)cnc
524,0.654006,0.0769,5.89,1300.0,CCCCC(O)CN(C)[C@H]1C[C@@H]2O[C@](C)([C@H]1OC)n1c3c
525,0.606215,0.0824,5.46,3500.0,CO[C@H]1[C@@H](N(C)C(=O)CNC(=O)OC(C)(C)C)C[C@@H]2O
526,0.888889,0.0727,8.00,10.0,CS(=O)(=O)CCNCc1ccc(-c2ccc3ncnc(Nc4ccc(OCc5cccc(F)
527,0.590973,0.0717,5.32,4800.0,CO[C@H]1[C@@H](N(C)C(=O)c2cccc([N+](=O)[O-])c2)C[C
528,0.995401,0.0720,8.96,1.1,Cc1cc(C(=O)NCCN2CCOCC2)[nH]c1/C=C1\C(=O)Nc2ncnc(Nc
529,0.565250,0.0835,5.09,8180.0,CO[C@H]1[C@@H](N(C)C(=O)c2cccnc2)C[C@@H]2O[C@@]1(C
530,0.696401,0.0750,6.27,540.0,CS(=O)(=O)CCNc1nc(-c2ccc3ncnc(Nc4ccc(OCc5cccc(C(F)
531,0.696401,0.0853,6.27,540.0,CS(=O)(=O)CCNc1nc(-c2ccc3ncnc(Nc4ccc(OCc5cccc(C(F)
532,0.606215,0.0884,5.46,3500.0,CO[C@H]1[C@@H](N(C)C(=O)CNC(=O)OC(C)(C)C)C[C@@H]2O
533,0.927421,0.0851,8.35,4.5,Cc1cc(C(=O)N2CCOCC2)[nH]c1/C=C1\C(=O)Nc2ncnc(Nc3cc
534,0.606215,0.0777,5.46,3500.0,CO[C@H]1[C@@H](N(C)C(=O)CNC(=O)OC(C)(C)C)C[C@@H]2O
535,0.654006,0.0861,5.89,1300.0,CCCCC(O)CN(C)[C@H]1C[C@@H]2O[C@](C)([C@H]1OC)n1c3c
536,0.606215,0.0857,5.46,3500.0,CO[C@H]1[C@@H](N(C)C(=O)CNC(=O)OC(C)(C)C)C[C@@H]2O
537,0.888889,0.0765,8.00,10.0,CS(=O)(=O)CCNc1nc(-c2ccc3ncnc(Nc4ccc(OCc5cccc(F)c5
538,0.606215,0.0898,5.46,3500.0,CO[C@H]1[C@@H](N(C)C(=O)CNC(=O)OC(C)(C)C)C[C@@H]2O
539,0.606215,0.0780,5.46,3500.0,CO[C@H]1[C@@H](N(C)C(=O)CNC(=O)OC(C)(C)C)C[C@@H]2O
540,0.654006,0.0804,5.89,1300.0,CCCCC(O)CN(C)[C@H]1C[C@@H]2O[C@](C)([C@H]1OC)n1c3c
541,0.995401,0.0783,8.96,1.1,Cc1cc(C(=O)NCCN2CCOCC2)[nH]c1/C=C1\C(=O)Nc2ncnc(Nc
542,0.590973,0.0804,5.32,4800.0,CO[C@H]1[C@@H](N(C)C(=O)c2cccc([N+](=O)[O-])c2)C[C
543,0.590573,0.0768,5.32,4840.0,CCN(CC)C(C)/C=C/C(=O)Nc1cc2c(Nc3ccc(F)c(Cl)c3)c(C#
544,0.696401,0.0892,6.27,540.0,CS(=O)(=O)CCNc1nc(-c2ccc3ncnc(Nc4ccc(OCc5cccc(C(F)
545,0.590573,0.0829,5.32,4840.0,CCN(CC)C(C)/C=C/C(=O)Nc1cc2c(Nc3ccc(F)c(Cl)c3)c(C#
546,0.552789,0.0785,4.98,10590.0,COc1cc2ncc(C#N)c(Nc3ccc(F)c(Cl)c3)c2cc1NC(=O)/C=C/
547,0.654006,0.0803,5.89,1300.0,CCCCC(O)CN(C)[C@H]1C[C@@H]2O[C@](C)([C@H]1OC)n1c3c
548,0.606215,0.0981,5.46,3500.0,CO[C@H]1[C@@H](N(C)C(=O)CNC(=O)OC(C)(C)C)C[C@@H]2O
549,0.654006,0.0813,5.89,1300.0,CCCCC(O)CN(C)[C@H]1C[C@@H]2O[C@](C)([C@H]1OC)n1c3c
550,0.453333,0.0763,4.08,83176.4,COc1cc(/C=C(\C#N)C(N)=O)cc(CSc2nc3cc(Cl)ccc3s2)c1O
551,0.794305,0.0754,7.15,71.0,CS(=O)(=O)CCNc1nc(-c2ccc3ncnc(Nc4ccc5c(cnn5Cc5cccc
552,0.552789,0.0796,4.98,10590.0,COc1cc2ncc(C#N)c(Nc3ccc(F)c(Cl)c3)c2cc1NC(=O)/C=C/
553,0.696401,0.0771,6.27,540.0,CS(=O)(=O)CCNc1nc(-c2ccc3ncnc(Nc4ccc(OCc5cccc(C(F)
554,0.696401,0.0769,6.27,540.0,CS(=O)(=O)CCNc1nc(-c2ccc3ncnc(Nc4ccc(OCc5cccc(C(F)
555,0.606215,0.0789,5.46,3500.0,CO[C@H]1[C@@H](N(C)C(=O)CNC(=O)OC(C)(C)C)C[C@@H]2O
556,0.606215,0.0852,5.46,3500.0,CO[C@H]1[C@@H](N(C)C(=O)CNC(=O)OC(C)(C)C)C[C@@H]2O
557,0.606215,0.0855,5.46,3500.0,CO[C@H]1[C@@H](N(C)C(=O)CNC(=O)OC(C)(C)C)C[C@@H]2O
558,0.654006,0.0803,5.89,1300.0,CCCCC(O)CN(C)[C@H]1C[C@@H]2O[C@](C)([C@H]1OC)n1c3c
559,0.606215,0.0844,5.46,3500.0,CO[C@H]1[C@@H](N(C)C(=O)CNC(=O)OC(C)(C)C)C[C@@H]2O
560,0.540824,0.0791,4.87,13570.0,COc1cc2ncc(C#N)c(Nc3ccc(F)c(Cl)c3)c2cc1NC(=O)/C=C/
561,0.696401,0.0838,6.27,540.0,CS(=O)(=O)CCNc1nc(-c2ccc3ncnc(Nc4ccc(OCc5cccc(C(F)
562,0.696401,0.0821,6.27,540.0,CS(=O)(=O)CCNc1nc(-c2ccc3ncnc(Nc4ccc(OCc5cccc(C(F)
563,0.888889,0.0712,8.00,10.0,CS(=O)(=O)CCNCc1ccc(-c2ccc3ncnc(Nc4ccc(OCc5cccc(F)
564,0.888889,0.0743,8.00,10.0,CS(=O)(=O)CCNCc1ccc(-c2ccc3ncnc(Nc4ccc(OCc5cccc(F)
565,0.654006,0.0760,5.89,1300.0,CCCCC(O)CN(C)[C@H]1C[C@@H]2O[C@](C)([C@H]1OC)n1c3c
566,0.654006,0.0833,5.89,1300.0,CCCCC(O)CN(C)[C@H]1C[C@@H]2O[C@](C)([C@H]1OC)n1c3c
567,0.606215,0.0749,5.46,3500.0,CO[C@H]1[C@@H](N(C)C(=O)CNC(=O)OC(C)(C)C)C[C@@H]2O
568,0.927421,0.0786,8.35,4.5,Cc1cc(C(=O)N2CCOCC2)[nH]c1/C=C1\C(=O)Nc2ncnc(Nc3cc
569,0.927421,0.0799,8.35,4.5,Cc1cc(C(=O)N2CCOCC2)[nH]c1/C=C1\C(=O)Nc2ncnc(Nc3cc
570,0.654006,0.0825,5.89,1300.0,CCCCC(O)CN(C)[C@H]1C[C@@H]2O[C@](C)([C@H]1OC)n1c3c
571,0.654006,0.0936,5.89,1300.0,CCCCC(O)CN(C)[C@H]1C[C@@H]2O[C@](C)([C@H]1OC)n1c3c
572,0.590973,0.0802,5.32,4800.0,CO[C@H]1[C@@H](N(C)C(=O)c2cccc([N+](=O)[O-])c2)C[C
573,0.606215,0.0817,5.46,3500.0,CO[C@H]1[C@@H](N(C)C(=O)CNC(=O)OC(C)(C)C)C[C@@H]2O
574,0.606215,0.0754,5.46,3500.0,CO[C@H]1[C@@H](N(C)C(=O)CNC(=O)OC(C)(C)C)C[C@@H]2O
575,0.444444,0.0784,4.00,100000.0,COC(=O)CN1Cc2c(c3c4ccccc4n4c3c3c2c2ccccc2n3[C@]2(C
576,0.888889,0.0762,8.00,10.0,CS(=O)(=O)CCNCc1ccc(-c2ccc3ncnc(Nc4ccc(OCc5cccc(F)
577,0.552789,0.0798,4.98,10590.0,COc1cc2ncc(C#N)c(Nc3ccc(F)c(Cl)c3)c2cc1NC(=O)/C=C/
578,0.444444,0.0739,4.00,100000.0,CO[C@H]1[C@@H](N(C)C(=O)c2ccccc2)C[C@@H]2O[C@@]1(C
579,0.606215,0.0820,5.46,3500.0,CO[C@H]1[C@@H](N(C)C(=O)CNC(=O)OC(C)(C)C)C[C@@H]2O
580,0.444444,0.0757,4.00,100000.0,CO[C@H]1[C@@H](N(C)C(=O)c2ccccc2)C[C@@H]2O[C@@]1(C
581,0.590973,0.0853,5.32,4800.0,CO[C@H]1[C@@H](N(C)C(=O)c2cccc([N+](=O)[O-])c2)C[C
582,0.696401,0.0751,6.27,540.0,CS(=O)(=O)CCNc1nc(-c2ccc3ncnc(Nc4ccc(OCc5cccc(C(F)
583,0.606215,0.0822,5.46,3500.0,CO[C@H]1[C@@H](N(C)C(=O)CNC(=O)OC(C)(C)C)C[C@@H]2O
584,0.995401,0.0862,8.96,1.1,Cc1cc(C(=O)NCCN2CCOCC2)[nH]c1/C=C1\C(=O)Nc2ncnc(Nc
585,0.590973,0.0852,5.32,4800.0,CO[C@H]1[C@@H](N(C)C(=O)c2cccc([N+](=O)[O-])c2)C[C
586,0.590973,0.0911,5.32,4800.0,CO[C@H]1[C@@H](N(C)C(=O)c2cccc([N+](=O)[O-])c2)C[C
587,0.654006,0.0765,5.89,1300.0,CCCCC(O)CN(C)[C@H]1C[C@@H]2O[C@](C)([C@H]1OC)n1c3c
588,0.590973,0.0841,5.32,4800.0,CO[C@H]1[C@@H](N(C)C(=O)c2cccc([N+](=O)[O-])c2)C[C
589,0.590973,0.0793,5.32,4800.0,CO[C@H]1[C@@H](N(C)C(=O)c2cccc([N+](=O)[O-])c2)C[C
590,0.586101,0.0802,5.27,5310.0,Cc1cc(C(=O)NCCN2CCOCC2)[nH]c1/C=C1\C(=O)N(C)c2ncnc
591,0.590973,0.0800,5.32,4800.0,CO[C@H]1[C@@H](N(C)C(=O)c2cccc([N+](=O)[O-])c2)C[C
592,0.696401,0.0822,6.27,540.0,CS(=O)(=O)CCNc1nc(-c2ccc3ncnc(Nc4ccc(OCc5cccc(C(F)
593,0.696401,0.0783,6.27,540.0,CS(=O)(=O)CCNc1nc(-c2ccc3ncnc(Nc4ccc(OCc5cccc(C(F)
594,0.590573,0.0885,5.32,4840.0,CCN(CC)C(C)/C=C/C(=O)Nc1cc2c(Nc3ccc(F)c(Cl)c3)c(C#
595,0.675658,0.0757,6.08,830.0,COC(=O)CN1CCC(n2cc(-c3cccc(OC)c3)c3c(N)ncnc32)C1
596,0.606215,0.0803,5.46,3500.0,CO[C@H]1[C@@H](N(C)C(=O)CNC(=O)OC(C)(C)C)C[C@@H]2O
597,0.552789,0.0818,4.98,10590.0,COc1cc2ncc(C#N)c(Nc3ccc(F)c(Cl)c3)c2cc1NC(=O)/C=C/
598,0.654006,0.0783,5.89,1300.0,CCCCC(O)CN(C)[C@H]1C[C@@H]2O[C@](C)([C@H]1OC)n1c3c
599,0.888889,0.0805,8.00,10.0,CS(=O)(=O)CCNc1nc(-c2ccc3ncnc(Nc4ccc(OCc5cccc(F)c5
600,0.606215,0.0783,5.46,3500.0,CO[C@H]1[C@@H](N(C)C(=O)CNC(=O)OC(C)(C)C)C[C@@H]2O
601,0.606215,0.0775,5.46,3500.0,CO[C@H]1[C@@H](N(C)C(=O)CNC(=O)OC(C)(C)C)C[C@@H]2O
602,0.654006,0.0867,5.89,1300.0,CCCCC(O)CN(C)[C@H]1C[C@@H]2O[C@](C)([C@H]1OC)n1c3c
603,0.794305,0.0756,7.15,71.0,CS(=O)(=O)CCNc1nc(-c2ccc3ncnc(Nc4ccc5c(cnn5Cc5cccc
604,0.590973,0.0846,5.32,4800.0,CO[C@H]1[C@@H](N(C)C(=O)c2cccc([N+](=O)[O-])c2)C[C
605,0.654006,0.0711,5.89,1300.0,CCCCC(O)CN(C)[C@H]1C[C@@H]2O[C@](C)([C@H]1OC)n1c3c
606,0.444444,0.0765,4.00,100000.0,COC(=O)CN1Cc2c(c3c4ccccc4n4c3c3c2c2ccccc2n3[C@]2(C
607,0.654006,0.0899,5.89,1300.0,CCCCC(O)CN(C)[C@H]1C[C@@H]2O[C@](C)([C@H]1OC)n1c3c
608,0.654006,0.0874,5.89,1300.0,CCCCC(O)CN(C)[C@H]1C[C@@H]2O[C@](C)([C@H]1OC)n1c3c
609,0.590573,0.0869,5.32,4840.0,CCN(CC)C(C)/C=C/C(=O)Nc1cc2c(Nc3ccc(F)c(Cl)c3)c(C#
610,0.995401,0.0775,8.96,1.1,Cc1cc(C(=O)NCCN2CCOCC2)[nH]c1/C=C1\C(=O)Nc2ncnc(Nc
611,0.606215,0.0749,5.46,3500.0,CO[C@H]1[C@@H](N(C)C(=O)CNC(=O)OC(C)(C)C)C[C@@H]2O
612,0.606215,0.0879,5.46,3500.0,CO[C@H]1[C@@H](N(C)C(=O)CNC(=O)OC(C)(C)C)C[C@@H]2O
613,0.654006,0.0940,5.89,1300.0,CCCCC(O)CN(C)[C@H]1C[C@@H]2O[C@](C)([C@H]1OC)n1c3c
614,0.995401,0.0768,8.96,1.1,Cc1cc(C(=O)NCCN2CCOCC2)[nH]c1/C=C1\C(=O)Nc2ncnc(Nc
615,0.606215,0.0769,5.46,3500.0,CO[C@H]1[C@@H](N(C)C(=O)CNC(=O)OC(C)(C)C)C[C@@H]2O
616,0.444444,0.0752,4.00,100000.0,CO[C@H]1[C@@H](N(C)C(=O)c2ccccc2)C[C@@H]2O[C@@]1(C
617,0.606215,0.0802,5.46,3500.0,CO[C@H]1[C@@H](N(C)C(=O)CNC(=O)OC(C)(C)C)C[C@@H]2O
618,0.590573,0.0735,5.32,4840.0,CCN(CC)C(C)/C=C/C(=O)Nc1cc2c(Nc3ccc(F)c(Cl)c3)c(C#
619,0.606215,0.0889,5.46,3500.0,CO[C@H]1[C@@H](N(C)C(=O)CNC(=O)OC(C)(C)C)C[C@@H]2O
620,0.606215,0.0820,5.46,3500.0,CO[C@H]1[C@@H](N(C)C(=O)CNC(=O)OC(C)(C)C)C[C@@H]2O
621,0.971636,0.0832,8.74,1.8,Cc1cc(C(=O)N2CCOCC2)[nH]c1/C=C1\C(=O)Nc2ncnc(Nc3cc
622,0.654006,0.0893,5.89,1300.0,CCCCC(O)CN(C)[C@H]1C[C@@H]2O[C@](C)([C@H]1OC)n1c3c
623,0.995401,0.0888,8.96,1.1,Cc1cc(C(=O)NCCN2CCOCC2)[nH]c1/C=C1\C(=O)Nc2ncnc(Nc
624,0.444444,0.0816,4.00,100000.0,COC(=O)CN1Cc2c(c3c4ccccc4n4c3c3c2c2ccccc2n3[C@]2(C
625,0.444444,0.0758,4.00,100000.0,CO[C@H]1[C@@H](N(C)C(=O)c2ccccc2)C[C@@H]2O[C@@]1(C
626,0.606215,0.0915,5.46,3500.0,CO[C@H]1[C@@H](N(C)C(=O)CNC(=O)OC(C)(C)C)C[C@@H]2O
627,0.593027,0.0903,5.34,4600.0,CO[C@H]1[C@@H](N(C)C(=O)c2cccc(Cl)c2)C[C@@H]2O[C@@
628,0.654006,0.0901,5.89,1300.0,CCCCC(O)CN(C)[C@H]1C[C@@H]2O[C@](C)([C@H]1OC)n1c3c
629,0.586101,0.0829,5.27,5310.0,Cc1cc(C(=O)NCCN2CCOCC2)[nH]c1/C=C1\C(=O)N(C)c2ncnc
630,0.654006,0.0772,5.89,1300.0,CCCCC(O)CN(C)[C@H]1C[C@@H]2O[C@](C)([C@H]1OC)n1c3c
631,0.654006,0.0790,5.89,1300.0,CCCCC(O)CN(C)[C@H]1C[C@@H]2O[C@](C)([C@H]1OC)n1c3c
632,0.586101,0.0871,5.27,5310.0,Cc1cc(C(=O)NCCN2CCOCC2)[nH]c1/C=C1\C(=O)N(C)c2ncnc
633,0.590973,0.0840,5.32,4800.0,CO[C@H]1[C@@H](N(C)C(=O)c2cccc([N+](=O)[O-])c2)C[C
634,0.606215,0.0917,5.46,3500.0,CO[C@H]1[C@@H](N(C)C(=O)CNC(=O)OC(C)(C)C)C[C@@H]2O
635,0.606215,0.0794,5.46,3500.0,CO[C@H]1[C@@H](N(C)C(=O)CNC(=O)OC(C)(C)C)C[C@@H]2O
636,0.593027,0.0864,5.34,4600.0,CO[C@H]1[C@@H](N(C)C(=O)c2cccc(Cl)c2)C[C@@H]2O[C@@
637,0.696401,0.0742,6.27,540.0,CS(=O)(=O)CCNc1nc(-c2ccc3ncnc(Nc4ccc(OCc5cccc(C(F)
638,0.565250,0.0799,5.09,8180.0,CO[C@H]1[C@@H](N(C)C(=O)c2cccnc2)C[C@@H]2O[C@@]1(C
639,0.788546,0.0757,7.10,80.0,C=CC(=O)Nc1cc2c(Nc3ccc(F)c(Cl)c3)c(C#N)cnc2cc1OCCC
640,0.606215,0.0725,5.46,3500.0,CO[C@H]1[C@@H](N(C)C(=O)CNC(=O)OC(C)(C)C)C[C@@H]2O
641,0.654006,0.0796,5.89,1300.0,CCCCC(O)CN(C)[C@H]1C[C@@H]2O[C@](C)([C@H]1OC)n1c3c
642,0.654006,0.0816,5.89,1300.0,CCCCC(O)CN(C)[C@H]1C[C@@H]2O[C@](C)([C@H]1OC)n1c3c
643,0.606215,0.0857,5.46,3500.0,CO[C@H]1[C@@H](N(C)C(=O)CNC(=O)OC(C)(C)C)C[C@@H]2O
644,0.590973,0.0853,5.32,4800.0,CO[C@H]1[C@@H](N(C)C(=O)c2cccc([N+](=O)[O-])c2)C[C
645,0.995401,0.0733,8.96,1.1,Cc1cc(C(=O)NCCN2CCOCC2)[nH]c1/C=C1\C(=O)Nc2ncnc(Nc
646,0.654006,0.0711,5.89,1300.0,CCCCC(O)CN(C)[C@H]1C[C@@H]2O[C@](C)([C@H]1OC)n1c3c
647,0.654006,0.0825,5.89,1300.0,CCCCC(O)CN(C)[C@H]1C[C@@H]2O[C@](C)([C@H]1OC)n1c3c
648,0.606215,0.0727,5.46,3500.0,CO[C@H]1[C@@H](N(C)C(=O)CNC(=O)OC(C)(C)C)C[C@@H]2O
649,0.675658,0.0821,6.08,830.0,COC(=O)CN1CCC(n2cc(-c3cccc(OC)c3)c3c(N)ncnc32)C1
650,0.654006,0.0894,5.89,1300.0,CCCCC(O)CN(C)[C@H]1C[C@@H]2O[C@](C)([C@H]1OC)n1c3c
651,0.606215,0.0822,5.46,3500.0,CO[C@H]1[C@@H](N(C)C(=O)CNC(=O)OC(C)(C)C)C[C@@H]2O
652,0.696401,0.0787,6.27,540.0,CS(=O)(=O)CCNc1nc(-c2ccc3ncnc(Nc4ccc(OCc5cccc(C(F)
653,0.654006,0.0738,5.89,1300.0,CCCCC(O)CN(C)[C@H]1C[C@@H]2O[C@](C)([C@H]1OC)n1c3c
654,0.590973,0.0841,5.32,4800.0,CO[C@H]1[C@@H](N(C)C(=O)c2cccc([N+](=O)[O-])c2)C[C
655,0.613653,0.0798,5.52,3000.0,COc1cc(Nc2c(C#N)cnc3cc(-c4ccc(CN5CCOCC5)cc4)ccc23)
656,0.606215,0.0818,5.46,3500.0,CO[C@H]1[C@@H](N(C)C(=O)CNC(=O)OC(C)(C)C)C[C@@H]2O
657,0.927421,0.0869,8.35,4.5,Cc1cc(C(=O)N2CCOCC2)[nH]c1/C=C1\C(=O)Nc2ncnc(Nc3cc
658,0.593027,0.0849,5.34,4600.0,CO[C@H]1[C@@H](N(C)C(=O)c2cccc(Cl)c2)C[C@@H]2O[C@@
659,0.606215,0.0805,5.46,3500.0,CO[C@H]1[C@@H](N(C)C(=O)CNC(=O)OC(C)(C)C)C[C@@H]2O
660,0.696401,0.0818,6.27,540.0,CS(=O)(=O)CCNc1nc(-c2ccc3ncnc(Nc4ccc(OCc5cccc(C(F)
661,0.995401,0.0854,8.96,1.1,Cc1cc(C(=O)NCCN2CCOCC2)[nH]c1/C=C1\C(=O)Nc2ncnc(Nc
662,0.696401,0.0807,6.27,540.0,CS(=O)(=O)CCNc1nc(-c2ccc3ncnc(Nc4ccc(OCc5cccc(C(F)
663,0.606215,0.0785,5.46,3500.0,CO[C@H]1[C@@H](N(C)C(=O)CNC(=O)OC(C)(C)C)C[C@@H]2O
664,0.552789,0.0799,4.98,10590.0,COc1cc2ncc(C#N)c(Nc3ccc(F)c(Cl)c3)c2cc1NC(=O)/C=C/
665,0.876229,0.0821,7.89,13.0,CCN1CCN(C(=O)c2cc(C)c(/C=C3\C(=O)Nc4ncnc(Nc5ccc(F)
666,0.606215,0.0829,5.46,3500.0,CO[C@H]1[C@@H](N(C)C(=O)CNC(=O)OC(C)(C)C)C[C@@H]2O
667,0.654006,0.0891,5.89,1300.0,CCCCC(O)CN(C)[C@H]1C[C@@H]2O[C@](C)([C@H]1OC)n1c3c
668,0.654006,0.0877,5.89,1300.0,CCCCC(O)CN(C)[C@H]1C[C@@H]2O[C@](C)([C@H]1OC)n1c3c
669,0.586101,0.0767,5.27,5310.0,Cc1cc(C(=O)NCCN2CCOCC2)[nH]c1/C=C1\C(=O)N(C)c2ncnc
670,0.565250,0.0788,5.09,8180.0,CO[C@H]1[C@@H](N(C)C(=O)c2cccnc2)C[C@@H]2O[C@@]1(C
671,0.694646,0.0772,6.25,560.0,C=C(CN(C)C)C(=O)Nc1cc2c(Nc3ccc(F)c(Cl)c3)c(C#N)cnc
672,0.675658,0.0777,6.08,830.0,COC(=O)CN1CCC(n2cc(-c3cccc(OC)c3)c3c(N)ncnc32)C1
673,0.590573,0.0765,5.32,4840.0,CCN(CC)C(C)/C=C/C(=O)Nc1cc2c(Nc3ccc(F)c(Cl)c3)c(C#
674,0.606215,0.0861,5.46,3500.0,CO[C@H]1[C@@H](N(C)C(=O)CNC(=O)OC(C)(C)C)C[C@@H]2O
675,0.606215,0.0792,5.46,3500.0,CO[C@H]1[C@@H](N(C)C(=O)CNC(=O)OC(C)(C)C)C[C@@H]2O
676,0.606215,0.0919,5.46,3500.0,CO[C@H]1[C@@H](N(C)C(=O)CNC(=O)OC(C)(C)C)C[C@@H]2O
677,0.606215,0.0815,5.46,3500.0,CO[C@H]1[C@@H](N(C)C(=O)CNC(=O)OC(C)(C)C)C[C@@H]2O
678,0.552789,0.0906,4.98,10590.0,COc1cc2ncc(C#N)c(Nc3ccc(F)c(Cl)c3)c2cc1NC(=O)/C=C/
679,0.606215,0.0947,5.46,3500.0,CO[C@H]1[C@@H](N(C)C(=O)CNC(=O)OC(C)(C)C)C[C@@H]2O
680,0.606215,0.0872,5.46,3500.0,CO[C@H]1[C@@H](N(C)C(=O)CNC(=O)OC(C)(C)C)C[C@@H]2O
681,0.696401,0.0830,6.27,540.0,CS(=O)(=O)CCNc1nc(-c2ccc3ncnc(Nc4ccc(OCc5cccc(C(F)
682,0.606215,0.0835,5.46,3500.0,CO[C@H]1[C@@H](N(C)C(=O)CNC(=O)OC(C)(C)C)C[C@@H]2O
683,0.794305,0.0799,7.15,71.0,CS(=O)(=O)CCNc1nc(-c2ccc3ncnc(Nc4ccc5c(cnn5Cc5cccc
684,0.606215,0.0870,5.46,3500.0,CO[C@H]1[C@@H](N(C)C(=O)CNC(=O)OC(C)(C)C)C[C@@H]2O
685,0.927421,0.0832,8.35,4.5,Cc1cc(C(=O)N2CCOCC2)[nH]c1/C=C1\C(=O)Nc2ncnc(Nc3cc
686,0.606215,0.0854,5.46,3500.0,CO[C@H]1[C@@H](N(C)C(=O)CNC(=O)OC(C)(C)C)C[C@@H]2O
687,0.606215,0.0850,5.46,3500.0,CO[C@H]1[C@@H](N(C)C(=O)CNC(=O)OC(C)(C)C)C[C@@H]2O
688,0.696401,0.0849,6.27,540.0,CS(=O)(=O)CCNc1nc(-c2ccc3ncnc(Nc4ccc(OCc5cccc(C(F)
689,0.654006,0.0887,5.89,1300.0,CCCCC(O)CN(C)[C@H]1C[C@@H]2O[C@](C)([C@H]1OC)n1c3c
690,0.654006,0.0911,5.89,1300.0,CCCCC(O)CN(C)[C@H]1C[C@@H]2O[C@](C)([C@H]1OC)n1c3c
691,0.586101,0.0765,5.27,5310.0,Cc1cc(C(=O)NCCN2CCOCC2)[nH]c1/C=C1\C(=O)N(C)c2ncnc
692,0.606215,0.0858,5.46,3500.0,CO[C@H]1[C@@H](N(C)C(=O)CNC(=O)OC(C)(C)C)C[C@@H]2O
693,0.654006,0.0832,5.89,1300.0,CCCCC(O)CN(C)[C@H]1C[C@@H]2O[C@](C)([C@H]1OC)n1c3c
694,0.654006,0.0866,5.89,1300.0,CCCCC(O)CN(C)[C@H]1C[C@@H]2O[C@](C)([C@H]1OC)n1c3c
695,0.552789,0.0775,4.98,10590.0,COc1cc2ncc(C#N)c(Nc3ccc(F)c(Cl)c3)c2cc1NC(=O)/C=C/
696,0.995401,0.0706,8.96,1.1,Cc1cc(C(=O)NCCN2CCOCC2)[nH]c1/C=C1\C(=O)Nc2ncnc(Nc
697,0.927421,0.0751,8.35,4.5,Cc1cc(C(=O)N2CCOCC2)[nH]c1/C=C1\C(=O)Nc2ncnc(Nc3cc
698,0.606215,0.0784,5.46,3500.0,CO[C@H]1[C@@H](N(C)C(=O)CNC(=O)OC(C)(C)C)C[C@@H]2O
699,0.788546,0.0779,7.10,80.0,C=CC(=O)Nc1cc2c(Nc3ccc(F)c(Cl)c3)c(C#N)cnc2cc1OCCC
700,0.927421,0.0806,8.35,4.5,Cc1cc(C(=O)N2CCOCC2)[nH]c1/C=C1\C(=O)Nc2ncnc(Nc3cc
701,0.606215,0.0754,5.46,3500.0,CO[C@H]1[C@@H](N(C)C(=O)CNC(=O)OC(C)(C)C)C[C@@H]2O
702,0.606215,0.0777,5.46,3500.0,CO[C@H]1[C@@H](N(C)C(=O)CNC(=O)OC(C)(C)C)C[C@@H]2O
703,0.696401,0.0751,6.27,540.0,CS(=O)(=O)CCNc1nc(-c2ccc3ncnc(Nc4ccc(OCc5cccc(C(F)
704,0.606215,0.0865,5.46,3500.0,CO[C@H]1[C@@H](N(C)C(=O)CNC(=O)OC(C)(C)C)C[C@@H]2O
705,0.995401,0.0817,8.96,1.1,Cc1cc(C(=O)NCCN2CCOCC2)[nH]c1/C=C1\C(=O)Nc2ncnc(Nc
706,0.606215,0.0890,5.46,3500.0,CO[C@H]1[C@@H](N(C)C(=O)CNC(=O)OC(C)(C)C)C[C@@H]2O
707,0.590573,0.0825,5.32,4840.0,CCN(CC)C(C)/C=C/C(=O)Nc1cc2c(Nc3ccc(F)c(Cl)c3)c(C#
708,0.540824,0.0833,4.87,13570.0,COc1cc2ncc(C#N)c(Nc3ccc(F)c(Cl)c3)c2cc1NC(=O)/C=C/
709,0.606215,0.0830,5.46,3500.0,CO[C@H]1[C@@H](N(C)C(=O)CNC(=O)OC(C)(C)C)C[C@@H]2O
710,0.606215,0.0812,5.46,3500.0,CO[C@H]1[C@@H](N(C)C(=O)CNC(=O)OC(C)(C)C)C[C@@H]2O
711,0.590973,0.0793,5.32,4800.0,CO[C@H]1[C@@H](N(C)C(=O)c2cccc([N+](=O)[O-])c2)C[C
712,0.654006,0.0783,5.89,1300.0,CCCCC(O)CN(C)[C@H]1C[C@@H]2O[C@](C)([C@H]1OC)n1c3c
713,0.606215,0.0823,5.46,3500.0,CO[C@H]1[C@@H](N(C)C(=O)CNC(=O)OC(C)(C)C)C[C@@H]2O
714,0.540824,0.0865,4.87,13570.0,COc1cc2ncc(C#N)c(Nc3ccc(F)c(Cl)c3)c2cc1NC(=O)/C=C/
715,0.606215,0.0822,5.46,3500.0,CO[C@H]1[C@@H](N(C)C(=O)CNC(=O)OC(C)(C)C)C[C@@H]2O
716,0.995401,0.0730,8.96,1.1,Cc1cc(C(=O)NCCN2CCOCC2)[nH]c1/C=C1\C(=O)Nc2ncnc(Nc
717,0.444444,0.0779,4.00,100000.0,COC(=O)CN1Cc2c(c3c4ccccc4n4c3c3c2c2ccccc2n3[C@]2(C
718,0.995401,0.0817,8.96,1.1,Cc1cc(C(=O)NCCN2CCOCC2)[nH]c1/C=C1\C(=O)Nc2ncnc(Nc
719,0.654006,0.0849,5.89,1300.0,CCCCC(O)CN(C)[C@H]1C[C@@H]2O[C@](C)([C@H]1OC)n1c3c
720,0.606215,0.0865,5.46,3500.0,CO[C@H]1[C@@H](N(C)C(=O)CNC(=O)OC(C)(C)C)C[C@@H]2O
721,0.606215,0.0858,5.46,3500.0,CO[C@H]1[C@@H](N(C)C(=O)CNC(=O)OC(C)(C)C)C[C@@H]2O
722,0.654006,0.0819,5.89,1300.0,CCCCC(O)CN(C)[C@H]1C[C@@H]2O[C@](C)([C@H]1OC)n1c3c
723,0.971636,0.0799,8.74,1.8,Cc1cc(C(=O)N2CCOCC2)[nH]c1/C=C1\C(=O)Nc2ncnc(Nc3cc
724,0.654006,0.0747,5.89,1300.0,CCCCC(O)CN(C)[C@H]1C[C@@H]2O[C@](C)([C@H]1OC)n1c3c
725,0.696401,0.0775,6.27,540.0,CS(=O)(=O)CCNc1nc(-c2ccc3ncnc(Nc4ccc(OCc5cccc(C(F)
726,0.654006,0.0804,5.89,1300.0,CCCCC(O)CN(C)[C@H]1C[C@@H]2O[C@](C)([C@H]1OC)n1c3c
727,0.590573,0.0757,5.32,4840.0,CCN(CC)C(C)/C=C/C(=O)Nc1cc2c(Nc3ccc(F)c(Cl)c3)c(C#
728,0.606215,0.0788,5.46,3500.0,CO[C@H]1[C@@H](N(C)C(=O)CNC(=O)OC(C)(C)C)C[C@@H]2O
729,0.888889,0.0732,8.00,10.0,CS(=O)(=O)CCNCc1ccc(-c2ccc3ncnc(Nc4ccc(OCc5cccc(F)
730,0.888889,0.0709,8.00,10.0,CS(=O)(=O)CCNCc1ccc(-c2ccc3ncnc(Nc4ccc(OCc5cccc(F)
731,0.654006,0.0805,5.89,1300.0,CCCCC(O)CN(C)[C@H]1C[C@@H]2O[C@](C)([C@H]1OC)n1c3c
732,0.552789,0.0799,4.98,10590.0,COc1cc2ncc(C#N)c(Nc3ccc(F)c(Cl)c3)c2cc1NC(=O)/C=C/
733,0.654006,0.0803,5.89,1300.0,CCCCC(O)CN(C)[C@H]1C[C@@H]2O[C@](C)([C@H]1OC)n1c3c
734,0.606215,0.0876,5.46,3500.0,CO[C@H]1[C@@H](N(C)C(=O)CNC(=O)OC(C)(C)C)C[C@@H]2O
735,0.606215,0.0793,5.46,3500.0,CO[C@H]1[C@@H](N(C)C(=O)CNC(=O)OC(C)(C)C)C[C@@H]2O
736,1.000000,0.0831,9.35,0.5,CCN(CC)CC(O)CNC(=O)c1cc(C)c(/C=C2\C(=O)Nc3ncnc(Nc4
737,0.606215,0.0914,5.46,3500.0,CO[C@H]1[C@@H](N(C)C(=O)CNC(=O)OC(C)(C)C)C[C@@H]2O
738,0.654006,0.0854,5.89,1300.0,CCCCC(O)CN(C)[C@H]1C[C@@H]2O[C@](C)([C@H]1OC)n1c3c
739,0.675658,0.0785,6.08,830.0,COC(=O)CN1CCC(n2cc(-c3cccc(OC)c3)c3c(N)ncnc32)C1
740,0.927421,0.0718,8.35,4.5,Cc1cc(C(=O)N2CCOCC2)[nH]c1/C=C1\C(=O)Nc2ncnc(Nc3cc
741,0.444444,0.0784,4.00,100000.0,COC(=O)CN1Cc2c(c3c4ccccc4n4c3c3c2c2ccccc2n3[C@]2(C
742,0.654006,0.0811,5.89,1300.0,CCCCC(O)CN(C)[C@H]1C[C@@H]2O[C@](C)([C@H]1OC)n1c3c
743,0.696401,0.0806,6.27,540.0,CS(=O)(=O)CCNc1nc(-c2ccc3ncnc(Nc4ccc(OCc5cccc(C(F)
744,0.888889,0.0824,8.00,10.0,CS(=O)(=O)CCNc1nc(-c2ccc3ncnc(Nc4ccc(OCc5cccc(F)c5
745,0.590573,0.0798,5.32,4840.0,CCN(CC)C(C)/C=C/C(=O)Nc1cc2c(Nc3ccc(F)c(Cl)c3)c(C#
746,0.552789,0.0836,4.98,10590.0,COc1cc2ncc(C#N)c(Nc3ccc(F)c(Cl)c3)c2cc1NC(=O)/C=C/
747,0.846643,0.0720,7.62,24.0,CS(=O)(=O)CCNCCCCOc1ccc2ncnc(Nc3ccc4c(cnn4Cc4cccc(
748,0.654006,0.0746,5.89,1300.0,CCCCC(O)CN(C)[C@H]1C[C@@H]2O[C@](C)([C@H]1OC)n1c3c
749,0.654006,0.0803,5.89,1300.0,CCCCC(O)CN(C)[C@H]1C[C@@H]2O[C@](C)([C@H]1OC)n1c3c
750,0.590973,0.0939,5.32,4800.0,CO[C@H]1[C@@H](N(C)C(=O)c2cccc([N+](=O)[O-])c2)C[C
751,0.537778,0.0725,4.84,14454.4,COc1cc(/C=C(\C#N)C(N)=O)cc(CSc2nc3ccccc3[nH]2)c1O
752,0.654006,0.0767,5.89,1300.0,CCCCC(O)CN(C)[C@H]1C[C@@H]2O[C@](C)([C@H]1OC)n1c3c
753,0.606215,0.0842,5.46,3500.0,CO[C@H]1[C@@H](N(C)C(=O)CNC(=O)OC(C)(C)C)C[C@@H]2O
754,0.444444,0.0846,4.00,100000.0,CO[C@H]1[C@@H](N(C)C(=O)c2ccccc2)C[C@@H]2O[C@@]1(C
755,0.696401,0.0811,6.27,540.0,CS(=O)(=O)CCNc1nc(-c2ccc3ncnc(Nc4ccc(OCc5cccc(C(F)
756,0.590973,0.0831,5.32,4800.0,CO[C@H]1[C@@H](N(C)C(=O)c2cccc([N+](=O)[O-])c2)C[C
757,0.444444,0.0794,4.00,100000.0,COC(=O)CN1Cc2c(c3c4ccccc4n4c3c3c2c2ccccc2n3[C@]2(C
758,0.876229,0.0741,7.89,13.0,CCN1CCN(C(=O)c2cc(C)c(/C=C3\C(=O)Nc4ncnc(Nc5ccc(F)
759,0.606215,0.0735,5.46,3500.0,CO[C@H]1[C@@H](N(C)C(=O)CNC(=O)OC(C)(C)C)C[C@@H]2O
760,0.590973,0.0804,5.32,4800.0,CO[C@H]1[C@@H](N(C)C(=O)c2cccc([N+](=O)[O-])c2)C[C
761,0.590973,0.0782,5.32,4800.0,CO[C@H]1[C@@H](N(C)C(=O)c2cccc([N+](=O)[O-])c2)C[C
762,0.846643,0.0805,7.62,24.0,CS(=O)(=O)CCNCCCCOc1ccc2ncnc(Nc3ccc4c(cnn4Cc4cccc(
763,0.590973,0.0821,5.32,4800.0,CO[C@H]1[C@@H](N(C)C(=O)c2cccc([N+](=O)[O-])c2)C[C
764,0.453333,0.0784,4.08,83176.4,COc1cc(/C=C(\C#N)C(N)=O)cc(CSc2nc3cc(Cl)ccc3s2)c1O
765,0.888889,0.0735,8.00,10.0,CS(=O)(=O)CCNCc1ccc(-c2ccc3ncnc(Nc4ccc(OCc5cccc(F)
766,0.794305,0.0776,7.15,71.0,CS(=O)(=O)CCNc1nc(-c2ccc3ncnc(Nc4ccc5c(cnn5Cc5cccc
767,0.654006,0.0825,5.89,1300.0,CCCCC(O)CN(C)[C@H]1C[C@@H]2O[C@](C)([C@H]1OC)n1c3c
768,0.696401,0.0775,6.27,540.0,CS(=O)(=O)CCNc1nc(-c2ccc3ncnc(Nc4ccc(OCc5cccc(C(F)
769,0.590573,0.0718,5.32,4840.0,CCN(CC)C(C)/C=C/C(=O)Nc1cc2c(Nc3ccc(F)c(Cl)c3)c(C#
770,0.794305,0.0779,7.15,71.0,CS(=O)(=O)CCNc1nc(-c2ccc3ncnc(Nc4ccc5c(cnn5Cc5cccc
771,0.606215,0.0801,5.46,3500.0,CO[C@H]1[C@@H](N(C)C(=O)CNC(=O)OC(C)(C)C)C[C@@H]2O
772,0.606215,0.0831,5.46,3500.0,CO[C@H]1[C@@H](N(C)C(=O)CNC(=O)OC(C)(C)C)C[C@@H]2O
773,0.696401,0.0780,6.27,540.0,CS(=O)(=O)CCNc1nc(-c2ccc3ncnc(Nc4ccc(OCc5cccc(C(F)
774,0.606215,0.0752,5.46,3500.0,CO[C@H]1[C@@H](N(C)C(=O)CNC(=O)OC(C)(C)C)C[C@@H]2O
775,0.696401,0.0745,6.27,540.0,CS(=O)(=O)CCNc1nc(-c2ccc3ncnc(Nc4ccc(OCc5cccc(C(F)
776,0.696401,0.0730,6.27,540.0,CS(=O)(=O)CCNc1nc(-c2ccc3ncnc(Nc4ccc(OCc5cccc(C(F)
777,0.461656,0.0850,4.15,70000.0,CO[C@H]1[C@@H](N(C)C(=O)c2cc([N+](=O)[O-])cc([N+](
778,0.654006,0.0794,5.89,1300.0,CCCCC(O)CN(C)[C@H]1C[C@@H]2O[C@](C)([C@H]1OC)n1c3c
779,0.995401,0.0813,8.96,1.1,Cc1cc(C(=O)NCCN2CCOCC2)[nH]c1/C=C1\C(=O)Nc2ncnc(Nc
780,0.606215,0.0891,5.46,3500.0,CO[C@H]1[C@@H](N(C)C(=O)CNC(=O)OC(C)(C)C)C[C@@H]2O
781,0.980434,0.0803,8.82,1.5,C=CC(=O)Nc1cc2c(Nc3ccc(F)c(Cl)c3)ncnc2cc1OCCCN1CCO
782,0.654006,0.0786,5.89,1300.0,CCCCC(O)CN(C)[C@H]1C[C@@H]2O[C@](C)([C@H]1OC)n1c3c
783,0.606215,0.0852,5.46,3500.0,CO[C@H]1[C@@H](N(C)C(=O)CNC(=O)OC(C)(C)C)C[C@@H]2O
784,0.606215,0.0786,5.46,3500.0,CO[C@H]1[C@@H](N(C)C(=O)CNC(=O)OC(C)(C)C)C[C@@H]2O
785,0.606215,0.0789,5.46,3500.0,CO[C@H]1[C@@H](N(C)C(=O)CNC(=O)OC(C)(C)C)C[C@@H]2O
786,1.000000,0.0829,9.35,0.5,CCN(CC)CC(O)CNC(=O)c1cc(C)c(/C=C2\C(=O)Nc3ncnc(Nc4
787,0.788546,0.0786,7.10,80.0,C=CC(=O)Nc1cc2c(Nc3ccc(F)c(Cl)c3)c(C#N)cnc2cc1OCCC
788,0.995401,0.0851,8.96,1.1,Cc1cc(C(=O)NCCN2CCOCC2)[nH]c1/C=C1\C(=O)Nc2ncnc(Nc
789,0.606215,0.0784,5.46,3500.0,CO[C@H]1[C@@H](N(C)C(=O)CNC(=O)OC(C)(C)C)C[C@@H]2O
790,0.552789,0.0841,4.98,10590.0,COc1cc2ncc(C#N)c(Nc3ccc(F)c(Cl)c3)c2cc1NC(=O)/C=C/
791,0.552789,0.0876,4.98,10590.0,COc1cc2ncc(C#N)c(Nc3ccc(F)c(Cl)c3)c2cc1NC(=O)/C=C/
792,0.606215,0.0912,5.46,3500.0,CO[C@H]1[C@@H](N(C)C(=O)CNC(=O)OC(C)(C)C)C[C@@H]2O
793,0.995401,0.0757,8.96,1.1,Cc1cc(C(=O)NCCN2CCOCC2)[nH]c1/C=C1\C(=O)Nc2ncnc(Nc
794,0.606215,0.0828,5.46,3500.0,CO[C@H]1[C@@H](N(C)C(=O)CNC(=O)OC(C)(C)C)C[C@@H]2O
795,0.590973,0.0824,5.32,4800.0,CO[C@H]1[C@@H](N(C)C(=O)c2cccc([N+](=O)[O-])c2)C[C
796,0.654006,0.0771,5.89,1300.0,CCCCC(O)CN(C)[C@H]1C[C@@H]2O[C@](C)([C@H]1OC)n1c3c
797,0.552789,0.0759,4.98,10590.0,COc1cc2ncc(C#N)c(Nc3ccc(F)c(Cl)c3)c2cc1NC(=O)/C=C/
798,0.681196,0.0688,6.13,740.0,COC(=O)CN1CCC(n2cc(-c3cccc(O)c3)c3c(N)ncnc32)C1
799,0.696401,0.0730,6.27,540.0,CS(=O)(=O)CCNc1nc(-c2ccc3ncnc(Nc4ccc(OCc5cccc(C(F)
800,0.606215,0.0860,5.46,3500.0,CO[C@H]1[C@@H](N(C)C(=O)CNC(=O)OC(C)(C)C)C[C@@H]2O
801,1.000000,0.0805,9.35,0.5,CCN(CC)CC(O)CNC(=O)c1cc(C)c(/C=C2\C(=O)Nc3ncnc(Nc4
802,0.654006,0.0773,5.89,1300.0,CCCCC(O)CN(C)[C@H]1C[C@@H]2O[C@](C)([C@H]1OC)n1c3c
803,0.606215,0.0963,5.46,3500.0,CO[C@H]1[C@@H](N(C)C(=O)CNC(=O)OC(C)(C)C)C[C@@H]2O
804,0.552789,0.0817,4.98,10590.0,COc1cc2ncc(C#N)c(Nc3ccc(F)c(Cl)c3)c2cc1NC(=O)/C=C/
805,0.654006,0.0835,5.89,1300.0,CCCCC(O)CN(C)[C@H]1C[C@@H]2O[C@](C)([C@H]1OC)n1c3c
806,0.888889,0.0825,8.00,10.0,CS(=O)(=O)CCNc1nc(-c2ccc3ncnc(Nc4ccc(OCc5cccc(F)c5
807,0.606215,0.0850,5.46,3500.0,CO[C@H]1[C@@H](N(C)C(=O)CNC(=O)OC(C)(C)C)C[C@@H]2O
808,0.606215,0.0788,5.46,3500.0,CO[C@H]1[C@@H](N(C)C(=O)CNC(=O)OC(C)(C)C)C[C@@H]2O
809,0.654006,0.0819,5.89,1300.0,CCCCC(O)CN(C)[C@H]1C[C@@H]2O[C@](C)([C@H]1OC)n1c3c
810,0.654006,0.0785,5.89,1300.0,CCCCC(O)CN(C)[C@H]1C[C@@H]2O[C@](C)([C@H]1OC)n1c3c
811,0.606215,0.0738,5.46,3500.0,CO[C@H]1[C@@H](N(C)C(=O)CNC(=O)OC(C)(C)C)C[C@@H]2O
812,0.586101,0.0775,5.27,5310.0,Cc1cc(C(=O)NCCN2CCOCC2)[nH]c1/C=C1\C(=O)N(C)c2ncnc
813,0.654006,0.0785,5.89,1300.0,CCCCC(O)CN(C)[C@H]1C[C@@H]2O[C@](C)([C@H]1OC)n1c3c
814,0.696401,0.0769,6.27,540.0,CS(=O)(=O)CCNc1nc(-c2ccc3ncnc(Nc4ccc(OCc5cccc(C(F)
815,0.552789,0.0745,4.98,10590.0,COc1cc2ncc(C#N)c(Nc3ccc(F)c(Cl)c3)c2cc1NC(=O)/C=C/
816,0.995401,0.0798,8.96,1.1,Cc1cc(C(=O)NCCN2CCOCC2)[nH]c1/C=C1\C(=O)Nc2ncnc(Nc
817,0.606215,0.0764,5.46,3500.0,CO[C@H]1[C@@H](N(C)C(=O)CNC(=O)OC(C)(C)C)C[C@@H]2O
818,0.654006,0.0759,5.89,1300.0,CCCCC(O)CN(C)[C@H]1C[C@@H]2O[C@](C)([C@H]1OC)n1c3c
819,0.590573,0.0869,5.32,4840.0,CCN(CC)C(C)/C=C/C(=O)Nc1cc2c(Nc3ccc(F)c(Cl)c3)c(C#
820,0.606215,0.0871,5.46,3500.0,CO[C@H]1[C@@H](N(C)C(=O)CNC(=O)OC(C)(C)C)C[C@@H]2O
821,0.606215,0.0883,5.46,3500.0,CO[C@H]1[C@@H](N(C)C(=O)CNC(=O)OC(C)(C)C)C[C@@H]2O
822,0.654006,0.0788,5.89,1300.0,CCCCC(O)CN(C)[C@H]1C[C@@H]2O[C@](C)([C@H]1OC)n1c3c
823,0.606215,0.0825,5.46,3500.0,CO[C@H]1[C@@H](N(C)C(=O)CNC(=O)OC(C)(C)C)C[C@@H]2O
824,0.654006,0.0747,5.89,1300.0,CCCCC(O)CN(C)[C@H]1C[C@@H]2O[C@](C)([C@H]1OC)n1c3c
825,0.606215,0.0796,5.46,3500.0,CO[C@H]1[C@@H](N(C)C(=O)CNC(=O)OC(C)(C)C)C[C@@H]2O
826,0.590573,0.0803,5.32,4840.0,CCN(CC)C(C)/C=C/C(=O)Nc1cc2c(Nc3ccc(F)c(Cl)c3)c(C#
827,0.586101,0.0836,5.27,5310.0,Cc1cc(C(=O)NCCN2CCOCC2)[nH]c1/C=C1\C(=O)N(C)c2ncnc
828,0.590973,0.0713,5.32,4800.0,CO[C@H]1[C@@H](N(C)C(=O)c2cccc([N+](=O)[O-])c2)C[C
829,0.654006,0.0761,5.89,1300.0,CCCCC(O)CN(C)[C@H]1C[C@@H]2O[C@](C)([C@H]1OC)n1c3c
830,0.606215,0.0859,5.46,3500.0,CO[C@H]1[C@@H](N(C)C(=O)CNC(=O)OC(C)(C)C)C[C@@H]2O
831,0.888889,0.0797,8.00,10.0,CS(=O)(=O)CCNCc1ccc(-c2ccc3ncnc(Nc4ccc(OCc5cccc(F)
832,0.606215,0.0829,5.46,3500.0,CO[C@H]1[C@@H](N(C)C(=O)CNC(=O)OC(C)(C)C)C[C@@H]2O
833,0.552789,0.0791,4.98,10590.0,COc1cc2ncc(C#N)c(Nc3ccc(F)c(Cl)c3)c2cc1NC(=O)/C=C/
834,0.606215,0.0954,5.46,3500.0,CO[C@H]1[C@@H](N(C)C(=O)CNC(=O)OC(C)(C)C)C[C@@H]2O
835,0.444444,0.0785,4.00,100000.0,COC(=O)CN1Cc2c(c3c4ccccc4n4c3c3c2c2ccccc2n3[C@]2(C
836,0.606215,0.0893,5.46,3500.0,CO[C@H]1[C@@H](N(C)C(=O)CNC(=O)OC(C)(C)C)C[C@@H]2O
837,0.654006,0.0768,5.89,1300.0,CCCCC(O)CN(C)[C@H]1C[C@@H]2O[C@](C)([C@H]1OC)n1c3c
838,0.606215,0.0806,5.46,3500.0,CO[C@H]1[C@@H](N(C)C(=O)CNC(=O)OC(C)(C)C)C[C@@H]2O
839,0.593027,0.0960,5.34,4600.0,CO[C@H]1[C@@H](N(C)C(=O)c2cccc(Cl)c2)C[C@@H]2O[C@@
840,0.606215,0.0792,5.46,3500.0,CO[C@H]1[C@@H](N(C)C(=O)CNC(=O)OC(C)(C)C)C[C@@H]2O
841,0.654006,0.0823,5.89,1300.0,CCCCC(O)CN(C)[C@H]1C[C@@H]2O[C@](C)([C@H]1OC)n1c3c
842,0.552789,0.0778,4.98,10590.0,COc1cc2ncc(C#N)c(Nc3ccc(F)c(Cl)c3)c2cc1NC(=O)/C=C/
843,1.000000,0.0777,9.35,0.5,CCN(CC)CC(O)CNC(=O)c1cc(C)c(/C=C2\C(=O)Nc3ncnc(Nc4
844,0.675658,0.0808,6.08,830.0,COC(=O)CN1CCC(n2cc(-c3cccc(OC)c3)c3c(N)ncnc32)C1
845,0.654006,0.0870,5.89,1300.0,CCCCC(O)CN(C)[C@H]1C[C@@H]2O[C@](C)([C@H]1OC)n1c3c
846,0.670169,0.0835,6.03,930.0,COCCN(C)CCN1CCC(n2cc(-c3cccc(OC)c3)c3c(N)ncnc32)CC
847,0.794305,0.0798,7.15,71.0,CS(=O)(=O)CCNc1nc(-c2ccc3ncnc(Nc4ccc5c(cnn5Cc5cccc
848,0.590573,0.0730,5.32,4840.0,CCN(CC)C(C)/C=C/C(=O)Nc1cc2c(Nc3ccc(F)c(Cl)c3)c(C#
849,0.654006,0.0914,5.89,1300.0,CCCCC(O)CN(C)[C@H]1C[C@@H]2O[C@](C)([C@H]1OC)n1c3c
850,0.696401,0.0772,6.27,540.0,CS(=O)(=O)CCNc1nc(-c2ccc3ncnc(Nc4ccc(OCc5cccc(C(F)
851,0.723182,0.0829,6.51,310.0,COCCNCCN1CCC(n2cc(-c3cccc(OC)c3)c3c(N)ncnc32)CC1
852,0.590573,0.0860,5.32,4840.0,CCN(CC)C(C)/C=C/C(=O)Nc1cc2c(Nc3ccc(F)c(Cl)c3)c(C#
853,0.590573,0.0800,5.32,4840.0,CCN(CC)C(C)/C=C/C(=O)Nc1cc2c(Nc3ccc(F)c(Cl)c3)c(C#
854,0.606215,0.0789,5.46,3500.0,CO[C@H]1[C@@H](N(C)C(=O)CNC(=O)OC(C)(C)C)C[C@@H]2O
855,0.888889,0.0754,8.00,10.0,CS(=O)(=O)CCNc1nc(-c2ccc3ncnc(Nc4ccc(OCc5cccc(F)c5
856,0.696401,0.0785,6.27,540.0,CS(=O)(=O)CCNc1nc(-c2ccc3ncnc(Nc4ccc(OCc5cccc(C(F)
857,0.995401,0.0860,8.96,1.1,Cc1cc(C(=O)NCCN2CCOCC2)[nH]c1/C=C1\C(=O)Nc2ncnc(Nc
858,0.453333,0.0823,4.08,83176.4,COc1cc(/C=C(\C#N)C(N)=O)cc(CSc2nc3cc(Cl)ccc3s2)c1O
859,0.606215,0.0794,5.46,3500.0,CO[C@H]1[C@@H](N(C)C(=O)CNC(=O)OC(C)(C)C)C[C@@H]2O
860,0.606215,0.0747,5.46,3500.0,CO[C@H]1[C@@H](N(C)C(=O)CNC(=O)OC(C)(C)C)C[C@@H]2O
861,0.590973,0.0832,5.32,4800.0,CO[C@H]1[C@@H](N(C)C(=O)c2cccc([N+](=O)[O-])c2)C[C
862,0.696401,0.0810,6.27,540.0,CS(=O)(=O)CCNc1nc(-c2ccc3ncnc(Nc4ccc(OCc5cccc(C(F)
863,0.888889,0.0785,8.00,10.0,CS(=O)(=O)CCNc1nc(-c2ccc3ncnc(Nc4ccc(OCc5cccc(F)c5
864,0.619822,0.0787,5.58,2640.0,CN(C)C/C=C/C(=O)Nc1cc2c(Nc3ccc(F)c(Cl)c3)c(C#N)cnc
865,0.675658,0.0694,6.08,830.0,COC(=O)CN1CCC(n2cc(-c3cccc(OC)c3)c3c(N)ncnc32)C1
866,0.794305,0.0795,7.15,71.0,CS(=O)(=O)CCNc1nc(-c2ccc3ncnc(Nc4ccc5c(cnn5Cc5cccc
867,0.995401,0.0812,8.96,1.1,Cc1cc(C(=O)NCCN2CCOCC2)[nH]c1/C=C1\C(=O)Nc2ncnc(Nc
868,0.696401,0.0801,6.27,540.0,CS(=O)(=O)CCNc1nc(-c2ccc3ncnc(Nc4ccc(OCc5cccc(C(F)
869,0.444444,0.0801,4.00,100000.0,CO[C@H]1[C@@H](N(C)C(=O)c2ccccc2)C[C@@H]2O[C@@]1(C
870,0.586101,0.0773,5.27,5310.0,Cc1cc(C(=O)NCCN2CCOCC2)[nH]c1/C=C1\C(=O)N(C)c2ncnc
871,0.654006,0.0761,5.89,1300.0,CCCCC(O)CN(C)[C@H]1C[C@@H]2O[C@](C)([C@H]1OC)n1c3c
872,0.586101,0.0866,5.27,5310.0,Cc1cc(C(=O)NCCN2CCOCC2)[nH]c1/C=C1\C(=O)N(C)c2ncnc
873,0.654006,0.0877,5.89,1300.0,CCCCC(O)CN(C)[C@H]1C[C@@H]2O[C@](C)([C@H]1OC)n1c3c
874,0.927421,0.0804,8.35,4.5,Cc1cc(C(=O)N2CCOCC2)[nH]c1/C=C1\C(=O)Nc2ncnc(Nc3cc
875,0.606215,0.0713,5.46,3500.0,CO[C@H]1[C@@H](N(C)C(=O)CNC(=O)OC(C)(C)C)C[C@@H]2O
876,0.606215,0.0744,5.46,3500.0,CO[C@H]1[C@@H](N(C)C(=O)CNC(=O)OC(C)(C)C)C[C@@H]2O
877,0.453333,0.0698,4.08,83176.4,COc1cc(/C=C(\C#N)C(N)=O)cc(CSc2nc3cc(Cl)ccc3s2)c1O
878,0.593027,0.0797,5.34,4600.0,CO[C@H]1[C@@H](N(C)C(=O)c2cccc(Cl)c2)C[C@@H]2O[C@@
879,0.675658,0.0763,6.08,830.0,COC(=O)CN1CCC(n2cc(-c3cccc(OC)c3)c3c(N)ncnc32)C1
880,0.561287,0.0744,5.05,8880.0,COc1cccc(-c2ccc3c(c2)NC(=O)/C3=C\c2[nH]c3c(c2CCC(=
881,0.696401,0.0704,6.27,540.0,CS(=O)(=O)CCNc1nc(-c2ccc3ncnc(Nc4ccc(OCc5cccc(C(F)
882,0.995401,0.0851,8.96,1.1,Cc1cc(C(=O)NCCN2CCOCC2)[nH]c1/C=C1\C(=O)Nc2ncnc(Nc
883,0.606215,0.0890,5.46,3500.0,CO[C@H]1[C@@H](N(C)C(=O)CNC(=O)OC(C)(C)C)C[C@@H]2O
884,0.654006,0.0805,5.89,1300.0,CCCCC(O)CN(C)[C@H]1C[C@@H]2O[C@](C)([C@H]1OC)n1c3c
885,0.860525,0.0808,7.74,18.0,C#Cc1cccc(Nc2ncnc3c2/C(=C/c2[nH]c(C(=O)NCCN4CCOCC4
886,0.888889,0.0812,8.00,10.0,CS(=O)(=O)CCNc1nc(-c2ccc3ncnc(Nc4ccc(OCc5cccc(F)c5
887,0.606215,0.0796,5.46,3500.0,CO[C@H]1[C@@H](N(C)C(=O)CNC(=O)OC(C)(C)C)C[C@@H]2O
888,0.995401,0.0783,8.96,1.1,Cc1cc(C(=O)NCCN2CCOCC2)[nH]c1/C=C1\C(=O)Nc2ncnc(Nc
889,0.846643,0.0896,7.62,24.0,CS(=O)(=O)CCNCCCCOc1ccc2ncnc(Nc3ccc4c(cnn4Cc4cccc(
890,0.696401,0.0756,6.27,540.0,CS(=O)(=O)CCNc1nc(-c2ccc3ncnc(Nc4ccc(OCc5cccc(C(F)
891,0.552789,0.0773,4.98,10590.0,COc1cc2ncc(C#N)c(Nc3ccc(F)c(Cl)c3)c2cc1NC(=O)/C=C/
892,0.888889,0.0712,8.00,10.0,CS(=O)(=O)CCNCc1ccc(-c2ccc3ncnc(Nc4ccc(OCc5cccc(F)
893,1.000000,0.0815,9.35,0.5,CCN(CC)CC(O)CNC(=O)c1cc(C)c(/C=C2\C(=O)Nc3ncnc(Nc4
894,0.888889,0.0803,8.00,10.0,CS(=O)(=O)CCNc1nc(-c2ccc3ncnc(Nc4ccc(OCc5cccc(F)c5
895,0.606215,0.0743,5.46,3500.0,CO[C@H]1[C@@H](N(C)C(=O)CNC(=O)OC(C)(C)C)C[C@@H]2O
896,0.444444,0.0787,4.00,100000.0,COC(=O)CN1Cc2c(c3c4ccccc4n4c3c3c2c2ccccc2n3[C@]2(C
897,0.662067,0.0938,5.96,1100.0,CO[C@H]1[C@@H](N(C)CCC#N)C[C@@H]2O[C@@]1(C)n1c3ccc
898,0.794305,0.0808,7.15,71.0,CS(=O)(=O)CCNc1nc(-c2ccc3ncnc(Nc4ccc5c(cnn5Cc5cccc
899,0.696401,0.0815,6.27,540.0,CS(=O)(=O)CCNc1nc(-c2ccc3ncnc(Nc4ccc(OCc5cccc(C(F)
900,0.794305,0.0773,7.15,71.0,CS(=O)(=O)CCNc1nc(-c2ccc3ncnc(Nc4ccc5c(cnn5Cc5cccc
901,0.654006,0.0785,5.89,1300.0,CCCCC(O)CN(C)[C@H]1C[C@@H]2O[C@](C)([C@H]1OC)n1c3c
902,0.654006,0.0705,5.89,1300.0,CCCCC(O)CN(C)[C@H]1C[C@@H]2O[C@](C)([C@H]1OC)n1c3c
903,0.654006,0.0829,5.89,1300.0,CCCCC(O)CN(C)[C@H]1C[C@@H]2O[C@](C)([C@H]1OC)n1c3c
904,0.758212,0.0745,6.82,150.0,COCC1CCCN1CC#CC(=O)Nc1ccc2ncc(C#N)c(Nc3cccc(Br)c3)
905,0.654006,0.0824,5.89,1300.0,CCCCC(O)CN(C)[C@H]1C[C@@H]2O[C@](C)([C@H]1OC)n1c3c
906,0.590973,0.0835,5.32,4800.0,CO[C@H]1[C@@H](N(C)C(=O)c2cccc([N+](=O)[O-])c2)C[C
907,0.606215,0.0796,5.46,3500.0,CO[C@H]1[C@@H](N(C)C(=O)CNC(=O)OC(C)(C)C)C[C@@H]2O
908,0.927421,0.0768,8.35,4.5,Cc1cc(C(=O)N2CCOCC2)[nH]c1/C=C1\C(=O)Nc2ncnc(Nc3cc
909,0.927421,0.0714,8.35,4.5,Cc1cc(C(=O)N2CCOCC2)[nH]c1/C=C1\C(=O)Nc2ncnc(Nc3cc
910,0.593027,0.0791,5.34,4600.0,CO[C@H]1[C@@H](N(C)C(=O)c2cccc(Cl)c2)C[C@@H]2O[C@@
911,0.971636,0.0768,8.74,1.8,Cc1cc(C(=O)N2CCOCC2)[nH]c1/C=C1\C(=O)Nc2ncnc(Nc3cc
912,0.995401,0.0801,8.96,1.1,Cc1cc(C(=O)NCCN2CCOCC2)[nH]c1/C=C1\C(=O)Nc2ncnc(Nc
913,0.590973,0.0813,5.32,4800.0,CO[C@H]1[C@@H](N(C)C(=O)c2cccc([N+](=O)[O-])c2)C[C
914,0.606215,0.0886,5.46,3500.0,CO[C@H]1[C@@H](N(C)C(=O)CNC(=O)OC(C)(C)C)C[C@@H]2O
915,0.788546,0.0726,7.10,80.0,C=CC(=O)Nc1cc2c(Nc3ccc(F)c(Cl)c3)c(C#N)cnc2cc1OCCC
916,0.606215,0.0839,5.46,3500.0,CO[C@H]1[C@@H](N(C)C(=O)CNC(=O)OC(C)(C)C)C[C@@H]2O
917,0.654006,0.0759,5.89,1300.0,CCCCC(O)CN(C)[C@H]1C[C@@H]2O[C@](C)([C@H]1OC)n1c3c
918,0.723182,0.0794,6.51,310.0,COCCNCCN1CCC(n2cc(-c3cccc(OC)c3)c3c(N)ncnc32)CC1
919,0.654006,0.0866,5.89,1300.0,CCCCC(O)CN(C)[C@H]1C[C@@H]2O[C@](C)([C@H]1OC)n1c3c
920,0.876229,0.0726,7.89,13.0,CCN1CCN(C(=O)c2cc(C)c(/C=C3\C(=O)Nc4ncnc(Nc5ccc(F)
921,1.000000,0.0812,9.35,0.5,CCN(CC)CC(O)CNC(=O)c1cc(C)c(/C=C2\C(=O)Nc3ncnc(Nc4
922,0.444444,0.0780,4.00,100000.0,CO[C@H]1[C@@H](N(C)C(=O)c2ccccc2)C[C@@H]2O[C@@]1(C
923,0.606215,0.0789,5.46,3500.0,CO[C@H]1[C@@H](N(C)C(=O)CNC(=O)OC(C)(C)C)C[C@@H]2O
924,0.590973,0.0832,5.32,4800.0,CO[C@H]1[C@@H](N(C)C(=O)c2cccc([N+](=O)[O-])c2)C[C
925,0.850842,0.0700,7.66,22.0,O=C1Nc2ncnc(Nc3ccc(F)c(Cl)c3)c2/C1=C/c1ccc(C(=O)NC
926,0.654006,0.0893,5.89,1300.0,CCCCC(O)CN(C)[C@H]1C[C@@H]2O[C@](C)([C@H]1OC)n1c3c
927,0.565250,0.0792,5.09,8180.0,CO[C@H]1[C@@H](N(C)C(=O)c2cccnc2)C[C@@H]2O[C@@]1(C
928,0.606215,0.0892,5.46,3500.0,CO[C@H]1[C@@H](N(C)C(=O)CNC(=O)OC(C)(C)C)C[C@@H]2O
929,0.654006,0.0851,5.89,1300.0,CCCCC(O)CN(C)[C@H]1C[C@@H]2O[C@](C)([C@H]1OC)n1c3c
930,0.590573,0.0790,5.32,4840.0,CCN(CC)C(C)/C=C/C(=O)Nc1cc2c(Nc3ccc(F)c(Cl)c3)c(C#
931,0.654006,0.0738,5.89,1300.0,CCCCC(O)CN(C)[C@H]1C[C@@H]2O[C@](C)([C@H]1OC)n1c3c
932,0.606215,0.0791,5.46,3500.0,CO[C@H]1[C@@H](N(C)C(=O)CNC(=O)OC(C)(C)C)C[C@@H]2O
933,0.606215,0.0785,5.46,3500.0,CO[C@H]1[C@@H](N(C)C(=O)CNC(=O)OC(C)(C)C)C[C@@H]2O
934,0.971636,0.0806,8.74,1.8,Cc1cc(C(=O)N2CCOCC2)[nH]c1/C=C1\C(=O)Nc2ncnc(Nc3cc
935,0.477892,0.0707,4.30,50000.0,CN1CC[C@H](c2c(O)cc(O)c3c(=O)cc(Oc4ccccc4Cl)oc23)[
936,0.654006,0.0810,5.89,1300.0,CCCCC(O)CN(C)[C@H]1C[C@@H]2O[C@](C)([C@H]1OC)n1c3c
937,0.927421,0.0763,8.35,4.5,Cc1cc(C(=O)N2CCOCC2)[nH]c1/C=C1\C(=O)Nc2ncnc(Nc3cc
938,0.696401,0.0804,6.27,540.0,CS(=O)(=O)CCNc1nc(-c2ccc3ncnc(Nc4ccc(OCc5cccc(C(F)
939,0.654006,0.0811,5.89,1300.0,CCCCC(O)CN(C)[C@H]1C[C@@H]2O[C@](C)([C@H]1OC)n1c3c
940,0.995401,0.0772,8.96,1.1,Cc1cc(C(=O)NCCN2CCOCC2)[nH]c1/C=C1\C(=O)Nc2ncnc(Nc
941,0.590973,0.0851,5.32,4800.0,CO[C@H]1[C@@H](N(C)C(=O)c2cccc([N+](=O)[O-])c2)C[C
942,0.606215,0.0762,5.46,3500.0,CO[C@H]1[C@@H](N(C)C(=O)CNC(=O)OC(C)(C)C)C[C@@H]2O
943,0.590973,0.0810,5.32,4800.0,CO[C@H]1[C@@H](N(C)C(=O)c2cccc([N+](=O)[O-])c2)C[C
944,0.590973,0.0891,5.32,4800.0,CO[C@H]1[C@@H](N(C)C(=O)c2cccc([N+](=O)[O-])c2)C[C
945,0.590973,0.0804,5.32,4800.0,CO[C@H]1[C@@H](N(C)C(=O)c2cccc([N+](=O)[O-])c2)C[C
946,0.654006,0.0860,5.89,1300.0,CCCCC(O)CN(C)[C@H]1C[C@@H]2O[C@](C)([C@H]1OC)n1c3c
947,0.654006,0.0810,5.89,1300.0,CCCCC(O)CN(C)[C@H]1C[C@@H]2O[C@](C)([C@H]1OC)n1c3c
948,0.995401,0.0901,8.96,1.1,Cc1cc(C(=O)NCCN2CCOCC2)[nH]c1/C=C1\C(=O)Nc2ncnc(Nc
949,0.606215,0.0898,5.46,3500.0,CO[C@H]1[C@@H](N(C)C(=O)CNC(=O)OC(C)(C)C)C[C@@H]2O
950,0.654006,0.0766,5.89,1300.0,CCCCC(O)CN(C)[C@H]1C[C@@H]2O[C@](C)([C@H]1OC)n1c3c
951,0.552789,0.0868,4.98,10590.0,COc1cc2ncc(C#N)c(Nc3ccc(F)c(Cl)c3)c2cc1NC(=O)/C=C/
952,0.552789,0.0808,4.98,10590.0,COc1cc2ncc(C#N)c(Nc3ccc(F)c(Cl)c3)c2cc1NC(=O)/C=C/
953,0.420000,0.0824,3.78,165958.8,CCOc1ccc2sc(SCc3cc(/C=C(\C#N)C(N)=O)cc(OC)c3O)nc2c
954,0.654006,0.0847,5.89,1300.0,CCCCC(O)CN(C)[C@H]1C[C@@H]2O[C@](C)([C@H]1OC)n1c3c
955,0.606215,0.0859,5.46,3500.0,CO[C@H]1[C@@H](N(C)C(=O)CNC(=O)OC(C)(C)C)C[C@@H]2O
956,0.606215,0.0841,5.46,3500.0,CO[C@H]1[C@@H](N(C)C(=O)CNC(=O)OC(C)(C)C)C[C@@H]2O
957,0.606215,0.0833,5.46,3500.0,CO[C@H]1[C@@H](N(C)C(=O)CNC(=O)OC(C)(C)C)C[C@@H]2O
958,0.696401,0.0786,6.27,540.0,CS(=O)(=O)CCNc1nc(-c2ccc3ncnc(Nc4ccc(OCc5cccc(C(F)
959,0.995401,0.0816,8.96,1.1,Cc1cc(C(=O)NCCN2CCOCC2)[nH]c1/C=C1\C(=O)Nc2ncnc(Nc
960,0.888889,0.0829,8.00,10.0,CS(=O)(=O)CCNCc1ccc(-c2ccc3ncnc(Nc4ccc(OCc5cccc(F)
961,0.606215,0.0724,5.46,3500.0,CO[C@H]1[C@@H](N(C)C(=O)CNC(=O)OC(C)(C)C)C[C@@H]2O
962,0.696401,0.0807,6.27,540.0,CS(=O)(=O)CCNc1nc(-c2ccc3ncnc(Nc4ccc(OCc5cccc(C(F)
963,0.654006,0.0841,5.89,1300.0,CCCCC(O)CN(C)[C@H]1C[C@@H]2O[C@](C)([C@H]1OC)n1c3c
964,0.654006,0.0785,5.89,1300.0,CCCCC(O)CN(C)[C@H]1C[C@@H]2O[C@](C)([C@H]1OC)n1c3c
965,0.552789,0.0814,4.98,10590.0,COc1cc2ncc(C#N)c(Nc3ccc(F)c(Cl)c3)c2cc1NC(=O)/C=C/
966,0.606215,0.0818,5.46,3500.0,CO[C@H]1[C@@H](N(C)C(=O)CNC(=O)OC(C)(C)C)C[C@@H]2O
967,0.794305,0.0803,7.15,71.0,CS(=O)(=O)CCNc1nc(-c2ccc3ncnc(Nc4ccc5c(cnn5Cc5cccc
968,0.995401,0.0821,8.96,1.1,Cc1cc(C(=O)NCCN2CCOCC2)[nH]c1/C=C1\C(=O)Nc2ncnc(Nc
969,0.794305,0.0727,7.15,71.0,CS(=O)(=O)CCNc1nc(-c2ccc3ncnc(Nc4ccc5c(cnn5Cc5cccc
970,0.552789,0.0776,4.98,10590.0,COc1cc2ncc(C#N)c(Nc3ccc(F)c(Cl)c3)c2cc1NC(=O)/C=C/
971,0.552789,0.0768,4.98,10590.0,COc1cc2ncc(C#N)c(Nc3ccc(F)c(Cl)c3)c2cc1NC(=O)/C=C/
972,0.606215,0.0786,5.46,3500.0,CO[C@H]1[C@@H](N(C)C(=O)CNC(=O)OC(C)(C)C)C[C@@H]2O
973,0.846643,0.0794,7.62,24.0,CS(=O)(=O)CCNCCCCOc1ccc2ncnc(Nc3ccc4c(cnn4Cc4cccc(
974,0.606215,0.0769,5.46,3500.0,CO[C@H]1[C@@H](N(C)C(=O)CNC(=O)OC(C)(C)C)C[C@@H]2O
975,0.552789,0.0875,4.98,10590.0,COc1cc2ncc(C#N)c(Nc3ccc(F)c(Cl)c3)c2cc1NC(=O)/C=C/
976,0.980434,0.0741,8.82,1.5,C=CC(=O)Nc1cc2c(Nc3ccc(F)c(Cl)c3)ncnc2cc1OCCCN1CCO
977,0.654006,0.0789,5.89,1300.0,CCCCC(O)CN(C)[C@H]1C[C@@H]2O[C@](C)([C@H]1OC)n1c3c
978,0.552789,0.0790,4.98,10590.0,COc1cc2ncc(C#N)c(Nc3ccc(F)c(Cl)c3)c2cc1NC(=O)/C=C/
979,0.552789,0.0747,4.98,10590.0,COc1cc2ncc(C#N)c(Nc3ccc(F)c(Cl)c3)c2cc1NC(=O)/C=C/
980,0.606215,0.0762,5.46,3500.0,CO[C@H]1[C@@H](N(C)C(=O)CNC(=O)OC(C)(C)C)C[C@@H]2O
981,0.606215,0.0873,5.46,3500.0,CO[C@H]1[C@@H](N(C)C(=O)CNC(=O)OC(C)(C)C)C[C@@H]2O
982,0.654006,0.0777,5.89,1300.0,CCCCC(O)CN(C)[C@H]1C[C@@H]2O[C@](C)([C@H]1OC)n1c3c
983,0.794305,0.0829,7.15,71.0,CS(=O)(=O)CCNc1nc(-c2ccc3ncnc(Nc4ccc5c(cnn5Cc5cccc
984,0.590573,0.0897,5.32,4840.0,CCN(CC)C(C)/C=C/C(=O)Nc1cc2c(Nc3ccc(F)c(Cl)c3)c(C#
985,0.696401,0.0817,6.27,540.0,CS(=O)(=O)CCNc1nc(-c2ccc3ncnc(Nc4ccc(OCc5cccc(C(F)
986,0.606215,0.0761,5.46,3500.0,CO[C@H]1[C@@H](N(C)C(=O)CNC(=O)OC(C)(C)C)C[C@@H]2O
987,0.606215,0.0762,5.46,3500.0,CO[C@H]1[C@@H](N(C)C(=O)CNC(=O)OC(C)(C)C)C[C@@H]2O
988,0.552789,0.0785,4.98,10590.0,COc1cc2ncc(C#N)c(Nc3ccc(F)c(Cl)c3)c2cc1NC(=O)/C=C/
989,0.552789,0.0827,4.98,10590.0,COc1cc2ncc(C#N)c(Nc3ccc(F)c(Cl)c3)c2cc1NC(=O)/C=C/
990,0.606215,0.0841,5.46,3500.0,CO[C@H]1[C@@H](N(C)C(=O)CNC(=O)OC(C)(C)C)C[C@@H]2O
991,0.654006,0.0882,5.89,1300.0,CCCCC(O)CN(C)[C@H]1C[C@@H]2O[C@](C)([C@H]1OC)n1c3c
992,0.654006,0.0752,5.89,1300.0,CCCCC(O)CN(C)[C@H]1C[C@@H]2O[C@](C)([C@H]1OC)n1c3c
993,0.552789,0.0756,4.98,10590.0,COc1cc2ncc(C#N)c(Nc3ccc(F)c(Cl)c3)c2cc1NC(=O)/C=C/
994,0.696401,0.0685,6.27,540.0,CS(=O)(=O)CCNc1nc(-c2ccc3ncnc(Nc4ccc(OCc5cccc(C(F)
995,0.654006,0.0729,5.89,1300.0,CCCCC(O)CN(C)[C@H]1C[C@@H]2O[C@](C)([C@H]1OC)n1c3c
996,0.706283,0.0754,6.36,440.0,COc1cccc(-c2cn(C3CCN(CC(N)=O)C3)c3ncnc(N)c23)c1
997,0.552789,0.0860,4.98,10590.0,COc1cc2ncc(C#N)c(Nc3ccc(F)c(Cl)c3)c2cc1NC(=O)/C=C/
998,0.654006,0.0799,5.89,1300.0,CCCCC(O)CN(C)[C@H]1C[C@@H]2O[C@](C)([C@H]1OC)n1c3c
999,0.590973,0.0757,5.32,4800.0,CO[C@H]1[C@@H](N(C)C(=O)c2cccc([N+](=O)[O-])c2)C[C
1000,0.995401,0.0831,8.96,1.1,Cc1cc(C(=O)NCCN2CCOCC2)[nH]c1/C=C1\C(=O)Nc2ncnc(Nc
1001,0.552789,0.0754,4.98,10590.0,COc1cc2ncc(C#N)c(Nc3ccc(F)c(Cl)c3)c2cc1NC(=O)/C=C/
1002,0.995401,0.0763,8.96,1.1,Cc1cc(C(=O)NCCN2CCOCC2)[nH]c1/C=C1\C(=O)Nc2ncnc(Nc
1003,0.606215,0.0806,5.46,3500.0,CO[C@H]1[C@@H](N(C)C(=O)CNC(=O)OC(C)(C)C)C[C@@H]2O
1004,0.654006,0.0860,5.89,1300.0,CCCCC(O)CN(C)[C@H]1C[C@@H]2O[C@](C)([C@H]1OC)n1c3c
1005,0.606215,0.0866,5.46,3500.0,CO[C@H]1[C@@H](N(C)C(=O)CNC(=O)OC(C)(C)C)C[C@@H]2O
1006,0.606215,0.0813,5.46,3500.0,CO[C@H]1[C@@H](N(C)C(=O)CNC(=O)OC(C)(C)C)C[C@@H]2O
1007,0.654006,0.0828,5.89,1300.0,CCCCC(O)CN(C)[C@H]1C[C@@H]2O[C@](C)([C@H]1OC)n1c3c
1008,0.606215,0.0846,5.46,3500.0,CO[C@H]1[C@@H](N(C)C(=O)CNC(=O)OC(C)(C)C)C[C@@H]2O
1009,0.654006,0.0789,5.89,1300.0,CCCCC(O)CN(C)[C@H]1C[C@@H]2O[C@](C)([C@H]1OC)n1c3c
1010,0.606215,0.0800,5.46,3500.0,CO[C@H]1[C@@H](N(C)C(=O)CNC(=O)OC(C)(C)C)C[C@@H]2O
1011,0.552789,0.0780,4.98,10590.0,COc1cc2ncc(C#N)c(Nc3ccc(F)c(Cl)c3)c2cc1NC(=O)/C=C/
1012,0.590573,0.0713,5.32,4840.0,CCN(CC)C(C)/C=C/C(=O)Nc1cc2c(Nc3ccc(F)c(Cl)c3)c(C#
1013,0.606215,0.0823,5.46,3500.0,CO[C@H]1[C@@H](N(C)C(=O)CNC(=O)OC(C)(C)C)C[C@@H]2O
1014,0.565250,0.0844,5.09,8180.0,CO[C@H]1[C@@H](N(C)C(=O)c2cnccn2)C[C@@H]2O[C@@]1(C
1015,0.606215,0.0733,5.46,3500.0,CO[C@H]1[C@@H](N(C)C(=O)CNC(=O)OC(C)(C)C)C[C@@H]2O
1016,0.694646,0.0804,6.25,560.0,C=C(CN(C)C)C(=O)Nc1cc2c(Nc3ccc(F)c(Cl)c3)c(C#N)cnc
1017,0.654006,0.0846,5.89,1300.0,CCCCC(O)CN(C)[C@H]1C[C@@H]2O[C@](C)([C@H]1OC)n1c3c
1018,0.590973,0.0858,5.32,4800.0,CO[C@H]1[C@@H](N(C)C(=O)c2cccc([N+](=O)[O-])c2)C[C
1019,0.654006,0.0777,5.89,1300.0,CCCCC(O)CN(C)[C@H]1C[C@@H]2O[C@](C)([C@H]1OC)n1c3c
1020,0.654006,0.0892,5.89,1300.0,CCCCC(O)CN(C)[C@H]1C[C@@H]2O[C@](C)([C@H]1OC)n1c3c
1021,0.888889,0.0821,8.00,10.0,CS(=O)(=O)CCNCc1ccc(-c2ccc3ncnc(Nc4ccc(OCc5cccc(F)
1022,0.606215,0.0939,5.46,3500.0,CO[C@H]1[C@@H](N(C)C(=O)CNC(=O)OC(C)(C)C)C[C@@H]2O
1023,0.654006,0.0777,5.89,1300.0,CCCCC(O)CN(C)[C@H]1C[C@@H]2O[C@](C)([C@H]1OC)n1c3c
1024,0.888889,0.0767,8.00,10.0,CS(=O)(=O)CCNCc1ccc(-c2ccc3ncnc(Nc4ccc(OCc5cccc(F)
1025,0.995401,0.0811,8.96,1.1,Cc1cc(C(=O)NCCN2CCOCC2)[nH]c1/C=C1\C(=O)Nc2ncnc(Nc
1026,0.606215,0.0866,5.46,3500.0,CO[C@H]1[C@@H](N(C)C(=O)CNC(=O)OC(C)(C)C)C[C@@H]2O
1027,0.586101,0.0747,5.27,5310.0,Cc1cc(C(=O)NCCN2CCOCC2)[nH]c1/C=C1\C(=O)N(C)c2ncnc
1028,0.606215,0.0853,5.46,3500.0,CO[C@H]1[C@@H](N(C)C(=O)CNC(=O)OC(C)(C)C)C[C@@H]2O
1029,0.995401,0.0776,8.96,1.1,Cc1cc(C(=O)NCCN2CCOCC2)[nH]c1/C=C1\C(=O)Nc2ncnc(Nc
1030,0.927421,0.0798,8.35,4.5,Cc1cc(C(=O)N2CCOCC2)[nH]c1/C=C1\C(=O)Nc2ncnc(Nc3cc
1031,0.590973,0.0977,5.32,4800.0,CO[C@H]1[C@@H](N(C)C(=O)c2cccc([N+](=O)[O-])c2)C[C
1032,0.654006,0.0829,5.89,1300.0,CCCCC(O)CN(C)[C@H]1C[C@@H]2O[C@](C)([C@H]1OC)n1c3c
1033,0.888889,0.0808,8.00,10.0,CS(=O)(=O)CCNCc1ccc(-c2ccc3ncnc(Nc4ccc(OCc5cccc(F)
1034,0.586101,0.0818,5.27,5310.0,Cc1cc(C(=O)NCCN2CCOCC2)[nH]c1/C=C1\C(=O)N(C)c2ncnc
1035,1.000000,0.0812,9.35,0.5,CCN(CC)CC(O)CNC(=O)c1cc(C)c(/C=C2\C(=O)Nc3ncnc(Nc4
1036,0.980434,0.0789,8.82,1.5,C=CC(=O)Nc1cc2c(Nc3ccc(F)c(Cl)c3)ncnc2cc1OCCCN1CCO
1037,0.444444,0.0769,4.00,100000.0,COC(=O)CN1Cc2c(c3c4ccccc4n4c3c3c2c2ccccc2n3[C@]2(C
1038,0.654006,0.0820,5.89,1300.0,CCCCC(O)CN(C)[C@H]1C[C@@H]2O[C@](C)([C@H]1OC)n1c3c
1039,0.606215,0.0816,5.46,3500.0,CO[C@H]1[C@@H](N(C)C(=O)CNC(=O)OC(C)(C)C)C[C@@H]2O
1040,0.606215,0.0820,5.46,3500.0,CO[C@H]1[C@@H](N(C)C(=O)CNC(=O)OC(C)(C)C)C[C@@H]2O
1041,0.606215,0.0883,5.46,3500.0,CO[C@H]1[C@@H](N(C)C(=O)CNC(=O)OC(C)(C)C)C[C@@H]2O
1042,0.606215,0.0760,5.46,3500.0,CO[C@H]1[C@@H](N(C)C(=O)CNC(=O)OC(C)(C)C)C[C@@H]2O
1043,0.586101,0.0807,5.27,5310.0,Cc1cc(C(=O)NCCN2CCOCC2)[nH]c1/C=C1\C(=O)N(C)c2ncnc
1044,0.593027,0.0764,5.34,4600.0,CO[C@H]1[C@@H](N(C)C(=O)c2cccc(Cl)c2)C[C@@H]2O[C@@
1045,0.552789,0.0784,4.98,10590.0,COc1cc2ncc(C#N)c(Nc3ccc(F)c(Cl)c3)c2cc1NC(=O)/C=C/
1046,0.654006,0.0790,5.89,1300.0,CCCCC(O)CN(C)[C@H]1C[C@@H]2O[C@](C)([C@H]1OC)n1c3c
1047,0.888889,0.0780,8.00,10.0,CS(=O)(=O)CCNCc1ccc(-c2ccc3ncnc(Nc4ccc(OCc5cccc(F)
1048,0.995401,0.0806,8.96,1.1,Cc1cc(C(=O)NCCN2CCOCC2)[nH]c1/C=C1\C(=O)Nc2ncnc(Nc
1049,0.606215,0.0829,5.46,3500.0,CO[C@H]1[C@@H](N(C)C(=O)CNC(=O)OC(C)(C)C)C[C@@H]2O
1050,0.654006,0.0842,5.89,1300.0,CCCCC(O)CN(C)[C@H]1C[C@@H]2O[C@](C)([C@H]1OC)n1c3c
1051,0.613653,0.0793,5.52,3000.0,COc1cc(Nc2c(C#N)cnc3cc(-c4ccc(CN5CCOCC5)cc4)ccc23)
1052,0.606215,0.0792,5.46,3500.0,CO[C@H]1[C@@H](N(C)C(=O)CNC(=O)OC(C)(C)C)C[C@@H]2O
1053,0.453333,0.0766,4.08,83176.4,COc1cc(/C=C(\C#N)C(N)=O)cc(CSc2nc3cc(Cl)ccc3s2)c1O
1054,0.606215,0.0841,5.46,3500.0,CO[C@H]1[C@@H](N(C)C(=O)CNC(=O)OC(C)(C)C)C[C@@H]2O
1055,0.995401,0.0828,8.96,1.1,Cc1cc(C(=O)NCCN2CCOCC2)[nH]c1/C=C1\C(=O)Nc2ncnc(Nc
1056,0.654006,0.0802,5.89,1300.0,CCCCC(O)CN(C)[C@H]1C[C@@H]2O[C@](C)([C@H]1OC)n1c3c
1057,0.606215,0.0879,5.46,3500.0,CO[C@H]1[C@@H](N(C)C(=O)CNC(=O)OC(C)(C)C)C[C@@H]2O
1058,0.606215,0.0912,5.46,3500.0,CO[C@H]1[C@@H](N(C)C(=O)CNC(=O)OC(C)(C)C)C[C@@H]2O
1059,0.654006,0.0761,5.89,1300.0,CCCCC(O)CN(C)[C@H]1C[C@@H]2O[C@](C)([C@H]1OC)n1c3c
1060,0.590973,0.0823,5.32,4800.0,CO[C@H]1[C@@H](N(C)C(=O)c2cccc([N+](=O)[O-])c2)C[C
1061,0.654006,0.0818,5.89,1300.0,CCCCC(O)CN(C)[C@H]1C[C@@H]2O[C@](C)([C@H]1OC)n1c3c
1062,0.654006,0.0842,5.89,1300.0,CCCCC(O)CN(C)[C@H]1C[C@@H]2O[C@](C)([C@H]1OC)n1c3c
1063,0.590973,0.0731,5.32,4800.0,CO[C@H]1[C@@H](N(C)C(=O)c2cccc([N+](=O)[O-])c2)C[C
1064,0.552789,0.0709,4.98,10590.0,COc1cc2ncc(C#N)c(Nc3ccc(F)c(Cl)c3)c2cc1NC(=O)/C=C/
1065,0.696401,0.0824,6.27,540.0,CS(=O)(=O)CCNc1nc(-c2ccc3ncnc(Nc4ccc(OCc5cccc(C(F)
1066,0.444444,0.0774,4.00,100000.0,COC(=O)CN1Cc2c(c3c4ccccc4n4c3c3c2c2ccccc2n3[C@]2(C
1067,0.606215,0.0763,5.46,3500.0,CO[C@H]1[C@@H](N(C)C(=O)CNC(=O)OC(C)(C)C)C[C@@H]2O
1068,0.654006,0.0766,5.89,1300.0,CCCCC(O)CN(C)[C@H]1C[C@@H]2O[C@](C)([C@H]1OC)n1c3c
1069,0.606215,0.0890,5.46,3500.0,CO[C@H]1[C@@H](N(C)C(=O)CNC(=O)OC(C)(C)C)C[C@@H]2O
1070,0.971636,0.0816,8.74,1.8,Cc1cc(C(=O)N2CCOCC2)[nH]c1/C=C1\C(=O)Nc2ncnc(Nc3cc
1071,0.552789,0.0911,4.98,10590.0,COc1cc2ncc(C#N)c(Nc3ccc(F)c(Cl)c3)c2cc1NC(=O)/C=C/
1072,0.606215,0.0756,5.46,3500.0,CO[C@H]1[C@@H](N(C)C(=O)CNC(=O)OC(C)(C)C)C[C@@H]2O
1073,1.000000,0.0796,9.35,0.5,CCN(CC)CC(O)CNC(=O)c1cc(C)c(/C=C2\C(=O)Nc3ncnc(Nc4
1074,0.654006,0.0830,5.89,1300.0,CCCCC(O)CN(C)[C@H]1C[C@@H]2O[C@](C)([C@H]1OC)n1c3c
1075,0.696401,0.0805,6.27,540.0,CS(=O)(=O)CCNc1nc(-c2ccc3ncnc(Nc4ccc(OCc5cccc(C(F)
1076,0.444444,0.0713,4.00,100000.0,COC(=O)CN1Cc2c(c3c4ccccc4n4c3c3c2c2ccccc2n3[C@]2(C
1077,0.654006,0.0819,5.89,1300.0,CCCCC(O)CN(C)[C@H]1C[C@@H]2O[C@](C)([C@H]1OC)n1c3c
1078,0.696401,0.0784,6.27,540.0,CS(=O)(=O)CCNc1nc(-c2ccc3ncnc(Nc4ccc(OCc5cccc(C(F)
1079,0.654006,0.0866,5.89,1300.0,CCCCC(O)CN(C)[C@H]1C[C@@H]2O[C@](C)([C@H]1OC)n1c3c
1080,0.794305,0.0870,7.15,71.0,CS(=O)(=O)CCNc1nc(-c2ccc3ncnc(Nc4ccc5c(cnn5Cc5cccc
1081,0.696401,0.0828,6.27,540.0,CS(=O)(=O)CCNc1nc(-c2ccc3ncnc(Nc4ccc(OCc5cccc(C(F)
1082,0.606215,0.0814,5.46,3500.0,CO[C@H]1[C@@H](N(C)C(=O)CNC(=O)OC(C)(C)C)C[C@@H]2O
1083,0.696401,0.0768,6.27,540.0,CS(=O)(=O)CCNc1nc(-c2ccc3ncnc(Nc4ccc(OCc5cccc(C(F)
1084,0.654006,0.0700,5.89,1300.0,CCCCC(O)CN(C)[C@H]1C[C@@H]2O[C@](C)([C@H]1OC)n1c3c
1085,0.888889,0.0880,8.00,10.0,CS(=O)(=O)CCNc1nc(-c2ccc3ncnc(Nc4ccc(OCc5cccc(F)c5
1086,0.565250,0.0921,5.09,8180.0,CO[C@H]1[C@@H](N(C)C(=O)c2cccnc2)C[C@@H]2O[C@@]1(C
1087,0.744330,0.0732,6.70,200.0,CCN(CC)CCNC(=O)c1c(C)[nH]c(/C=C2\C(=O)Nc3ncnc(Nc4c
1088,0.888889,0.0731,8.00,10.0,CS(=O)(=O)CCNCc1ccc(-c2ccc3ncnc(Nc4ccc(OCc5cccc(F)
1089,0.606215,0.0864,5.46,3500.0,CO[C@H]1[C@@H](N(C)C(=O)CNC(=O)OC(C)(C)C)C[C@@H]2O
1090,0.654006,0.0762,5.89,1300.0,CCCCC(O)CN(C)[C@H]1C[C@@H]2O[C@](C)([C@H]1OC)n1c3c
1091,0.888889,0.0773,8.00,10.0,CS(=O)(=O)CCNCc1ccc(-c2ccc3ncnc(Nc4ccc(OCc5cccc(F)
1092,0.444444,0.0772,4.00,100000.0,CO[C@H]1[C@@H](N(C)C(=O)c2ccccc2)C[C@@H]2O[C@@]1(C
1093,0.694646,0.0768,6.25,560.0,C=C(CN(C)C)C(=O)Nc1cc2c(Nc3ccc(F)c(Cl)c3)c(C#N)cnc
1094,0.444444,0.0785,4.00,100000.0,COC(=O)CN1Cc2c(c3c4ccccc4n4c3c3c2c2ccccc2n3[C@]2(C
1095,0.654006,0.0836,5.89,1300.0,CCCCC(O)CN(C)[C@H]1C[C@@H]2O[C@](C)([C@H]1OC)n1c3c
1096,0.927421,0.0743,8.35,4.5,Cc1cc(C(=O)N2CCOCC2)[nH]c1/C=C1\C(=O)Nc2ncnc(Nc3cc
1097,0.995401,0.0727,8.96,1.1,Cc1cc(C(=O)NCCN2CCOCC2)[nH]c1/C=C1\C(=O)Nc2ncnc(Nc
1098,0.794305,0.0772,7.15,71.0,CS(=O)(=O)CCNc1nc(-c2ccc3ncnc(Nc4ccc5c(cnn5Cc5cccc
1099,0.606215,0.0833,5.46,3500.0,CO[C@H]1[C@@H](N(C)C(=O)CNC(=O)OC(C)(C)C)C[C@@H]2O
1100,0.995401,0.0777,8.96,1.1,Cc1cc(C(=O)NCCN2CCOCC2)[nH]c1/C=C1\C(=O)Nc2ncnc(Nc
1101,0.888889,0.0846,8.00,10.0,CS(=O)(=O)CCNc1nc(-c2ccc3ncnc(Nc4ccc(OCc5cccc(F)c5
1102,0.995401,0.0757,8.96,1.1,Cc1cc(C(=O)NCCN2CCOCC2)[nH]c1/C=C1\C(=O)Nc2ncnc(Nc
1103,0.971636,0.0740,8.74,1.8,Cc1cc(C(=O)N2CCOCC2)[nH]c1/C=C1\C(=O)Nc2ncnc(Nc3cc
1104,0.552789,0.0836,4.98,10590.0,COc1cc2ncc(C#N)c(Nc3ccc(F)c(Cl)c3)c2cc1NC(=O)/C=C/
1105,0.680549,0.0813,6.12,750.0,COc1cccc(-c2cn(C3CCN(CC(=O)N(C)C)CC3)c3ncnc(N)c23)
1106,0.606215,0.0799,5.46,3500.0,CO[C@H]1[C@@H](N(C)C(=O)CNC(=O)OC(C)(C)C)C[C@@H]2O
1107,0.654006,0.0833,5.89,1300.0,CCCCC(O)CN(C)[C@H]1C[C@@H]2O[C@](C)([C@H]1OC)n1c3c
1108,0.590973,0.0812,5.32,4800.0,CO[C@H]1[C@@H](N(C)C(=O)c2cccc([N+](=O)[O-])c2)C[C
1109,0.453333,0.0785,4.08,83176.4,COc1cc(/C=C(\C#N)C(N)=O)cc(CSc2nc3cc(Cl)ccc3s2)c1O
1110,0.654006,0.0797,5.89,1300.0,CCCCC(O)CN(C)[C@H]1C[C@@H]2O[C@](C)([C@H]1OC)n1c3c
1111,0.590973,0.0861,5.32,4800.0,CO[C@H]1[C@@H](N(C)C(=O)c2cccc([N+](=O)[O-])c2)C[C
1112,0.995401,0.0821,8.96,1.1,Cc1cc(C(=O)NCCN2CCOCC2)[nH]c1/C=C1\C(=O)Nc2ncnc(Nc
1113,0.552789,0.0827,4.98,10590.0,COc1cc2ncc(C#N)c(Nc3ccc(F)c(Cl)c3)c2cc1NC(=O)/C=C/
1114,0.971636,0.0820,8.74,1.8,Cc1cc(C(=O)N2CCOCC2)[nH]c1/C=C1\C(=O)Nc2ncnc(Nc3cc
1115,0.444444,0.0797,4.00,100000.0,COC(=O)CN1Cc2c(c3c4ccccc4n4c3c3c2c2ccccc2n3[C@]2(C
1116,0.696401,0.0835,6.27,540.0,CS(=O)(=O)CCNc1nc(-c2ccc3ncnc(Nc4ccc(OCc5cccc(C(F)
1117,0.606215,0.0829,5.46,3500.0,CO[C@H]1[C@@H](N(C)C(=O)CNC(=O)OC(C)(C)C)C[C@@H]2O
1118,0.540824,0.0760,4.87,13570.0,COc1cc2ncc(C#N)c(Nc3ccc(F)c(Cl)c3)c2cc1NC(=O)/C=C/
1119,0.606215,0.0844,5.46,3500.0,CO[C@H]1[C@@H](N(C)C(=O)CNC(=O)OC(C)(C)C)C[C@@H]2O
1120,0.654006,0.0843,5.89,1300.0,CCCCC(O)CN(C)[C@H]1C[C@@H]2O[C@](C)([C@H]1OC)n1c3c
1121,0.654006,0.0863,5.89,1300.0,CCCCC(O)CN(C)[C@H]1C[C@@H]2O[C@](C)([C@H]1OC)n1c3c
1122,0.606215,0.0859,5.46,3500.0,CO[C@H]1[C@@H](N(C)C(=O)CNC(=O)OC(C)(C)C)C[C@@H]2O
1123,0.696401,0.0838,6.27,540.0,CS(=O)(=O)CCNc1nc(-c2ccc3ncnc(Nc4ccc(OCc5cccc(C(F)
1124,0.654006,0.0777,5.89,1300.0,CCCCC(O)CN(C)[C@H]1C[C@@H]2O[C@](C)([C@H]1OC)n1c3c
1125,0.654006,0.0841,5.89,1300.0,CCCCC(O)CN(C)[C@H]1C[C@@H]2O[C@](C)([C@H]1OC)n1c3c
1126,0.995401,0.0722,8.96,1.1,Cc1cc(C(=O)NCCN2CCOCC2)[nH]c1/C=C1\C(=O)Nc2ncnc(Nc
1127,0.654006,0.0870,5.89,1300.0,CCCCC(O)CN(C)[C@H]1C[C@@H]2O[C@](C)([C@H]1OC)n1c3c
1128,0.788546,0.0798,7.10,80.0,C=CC(=O)Nc1cc2c(Nc3ccc(F)c(Cl)c3)c(C#N)cnc2cc1OCCC
1129,0.606215,0.0826,5.46,3500.0,CO[C@H]1[C@@H](N(C)C(=O)CNC(=O)OC(C)(C)C)C[C@@H]2O
1130,0.654006,0.0880,5.89,1300.0,CCCCC(O)CN(C)[C@H]1C[C@@H]2O[C@](C)([C@H]1OC)n1c3c
1131,0.552789,0.0918,4.98,10590.0,COc1cc2ncc(C#N)c(Nc3ccc(F)c(Cl)c3)c2cc1NC(=O)/C=C/
1132,0.590973,0.0845,5.32,4800.0,CO[C@H]1[C@@H](N(C)C(=O)c2cccc([N+](=O)[O-])c2)C[C
1133,0.552789,0.0808,4.98,10590.0,COc1cc2ncc(C#N)c(Nc3ccc(F)c(Cl)c3)c2cc1NC(=O)/C=C/
1134,0.606215,0.0867,5.46,3500.0,CO[C@H]1[C@@H](N(C)C(=O)CNC(=O)OC(C)(C)C)C[C@@H]2O
1135,0.552789,0.0747,4.98,10590.0,COc1cc2ncc(C#N)c(Nc3ccc(F)c(Cl)c3)c2cc1NC(=O)/C=C/
1136,0.606215,0.0904,5.46,3500.0,CO[C@H]1[C@@H](N(C)C(=O)CNC(=O)OC(C)(C)C)C[C@@H]2O
1137,0.696401,0.0722,6.27,540.0,CS(=O)(=O)CCNc1nc(-c2ccc3ncnc(Nc4ccc(OCc5cccc(C(F)
1138,0.662067,0.0741,5.96,1100.0,CO[C@H]1[C@@H](N(C)CCC#N)C[C@@H]2O[C@@]1(C)n1c3ccc
1139,0.654006,0.0711,5.89,1300.0,CCCCC(O)CN(C)[C@H]1C[C@@H]2O[C@](C)([C@H]1OC)n1c3c
1140,0.971636,0.0708,8.74,1.8,Cc1cc(C(=O)N2CCOCC2)[nH]c1/C=C1\C(=O)Nc2ncnc(Nc3cc
1141,0.606215,0.0821,5.46,3500.0,CO[C@H]1[C@@H](N(C)C(=O)CNC(=O)OC(C)(C)C)C[C@@H]2O
1142,0.590573,0.0827,5.32,4840.0,CCN(CC)C(C)/C=C/C(=O)Nc1cc2c(Nc3ccc(F)c(Cl)c3)c(C#
1143,0.675658,0.0824,6.08,830.0,COC(=O)CN1CCC(n2cc(-c3cccc(OC)c3)c3c(N)ncnc32)C1
1144,0.606215,0.0832,5.46,3500.0,CO[C@H]1[C@@H](N(C)C(=O)CNC(=O)OC(C)(C)C)C[C@@H]2O
1145,0.680549,0.0779,6.12,750.0,COc1cccc(-c2cn(C3CCN(CC(=O)N(C)C)CC3)c3ncnc(N)c23)
1146,0.696401,0.0794,6.27,540.0,CS(=O)(=O)CCNc1nc(-c2ccc3ncnc(Nc4ccc(OCc5cccc(C(F)
1147,0.606215,0.0815,5.46,3500.0,CO[C@H]1[C@@H](N(C)C(=O)CNC(=O)OC(C)(C)C)C[C@@H]2O
1148,0.654006,0.0686,5.89,1300.0,CCCCC(O)CN(C)[C@H]1C[C@@H]2O[C@](C)([C@H]1OC)n1c3c
1149,0.606215,0.0798,5.46,3500.0,CO[C@H]1[C@@H](N(C)C(=O)CNC(=O)OC(C)(C)C)C[C@@H]2O
1150,0.654006,0.0811,5.89,1300.0,CCCCC(O)CN(C)[C@H]1C[C@@H]2O[C@](C)([C@H]1OC)n1c3c
1151,0.995401,0.0824,8.96,1.1,Cc1cc(C(=O)NCCN2CCOCC2)[nH]c1/C=C1\C(=O)Nc2ncnc(Nc
1152,0.606215,0.0800,5.46,3500.0,CO[C@H]1[C@@H](N(C)C(=O)CNC(=O)OC(C)(C)C)C[C@@H]2O
1153,0.995401,0.0762,8.96,1.1,Cc1cc(C(=O)NCCN2CCOCC2)[nH]c1/C=C1\C(=O)Nc2ncnc(Nc
1154,0.586101,0.0805,5.27,5310.0,Cc1cc(C(=O)NCCN2CCOCC2)[nH]c1/C=C1\C(=O)N(C)c2ncnc
1155,0.654006,0.0749,5.89,1300.0,CCCCC(O)CN(C)[C@H]1C[C@@H]2O[C@](C)([C@H]1OC)n1c3c
1156,0.888889,0.0753,8.00,10.0,CS(=O)(=O)CCNCc1ccc(-c2ccc3ncnc(Nc4ccc(OCc5cccc(F)
1157,0.696401,0.0805,6.27,540.0,CS(=O)(=O)CCNc1nc(-c2ccc3ncnc(Nc4ccc(OCc5cccc(C(F)
1158,0.444444,0.0844,4.00,100000.0,COC(=O)CN1Cc2c(c3c4ccccc4n4c3c3c2c2ccccc2n3[C@]2(C
1159,0.593027,0.0832,5.34,4600.0,CO[C@H]1[C@@H](N(C)C(=O)c2cccc(Cl)c2)C[C@@H]2O[C@@
1160,0.654006,0.0790,5.89,1300.0,CCCCC(O)CN(C)[C@H]1C[C@@H]2O[C@](C)([C@H]1OC)n1c3c
1161,0.654006,0.0841,5.89,1300.0,CCCCC(O)CN(C)[C@H]1C[C@@H]2O[C@](C)([C@H]1OC)n1c3c
1162,0.654006,0.0765,5.89,1300.0,CCCCC(O)CN(C)[C@H]1C[C@@H]2O[C@](C)([C@H]1OC)n1c3c
1163,0.995401,0.0759,8.96,1.1,Cc1cc(C(=O)NCCN2CCOCC2)[nH]c1/C=C1\C(=O)Nc2ncnc(Nc
1164,0.606215,0.0854,5.46,3500.0,CO[C@H]1[C@@H](N(C)C(=O)CNC(=O)OC(C)(C)C)C[C@@H]2O
1165,0.995401,0.0826,8.96,1.1,Cc1cc(C(=O)NCCN2CCOCC2)[nH]c1/C=C1\C(=O)Nc2ncnc(Nc
1166,0.860525,0.0764,7.74,18.0,C#Cc1cccc(Nc2ncnc3c2/C(=C/c2[nH]c(C(=O)NCCN4CCOCC4
1167,0.590573,0.0795,5.32,4840.0,CCN(CC)C(C)/C=C/C(=O)Nc1cc2c(Nc3ccc(F)c(Cl)c3)c(C#
1168,0.606215,0.0861,5.46,3500.0,CO[C@H]1[C@@H](N(C)C(=O)CNC(=O)OC(C)(C)C)C[C@@H]2O
1169,0.453333,0.0747,4.08,83176.4,COc1cc(/C=C(\C#N)C(N)=O)cc(CSc2nc3cc(Cl)ccc3s2)c1O
1170,0.606215,0.0869,5.46,3500.0,CO[C@H]1[C@@H](N(C)C(=O)CNC(=O)OC(C)(C)C)C[C@@H]2O
1171,0.613653,0.0757,5.52,3000.0,COc1cc(Nc2c(C#N)cnc3cc(-c4ccc(CN5CCOCC5)cc4)ccc23)
1172,0.680549,0.0829,6.12,750.0,COc1cccc(-c2cn(C3CCN(CC(=O)N(C)C)CC3)c3ncnc(N)c23)
1173,0.444444,0.0812,4.00,100000.0,COC(=O)CN1Cc2c(c3c4ccccc4n4c3c3c2c2ccccc2n3[C@]2(C
1174,0.606215,0.0799,5.46,3500.0,CO[C@H]1[C@@H](N(C)C(=O)CNC(=O)OC(C)(C)C)C[C@@H]2O
1175,0.586101,0.0815,5.27,5310.0,Cc1cc(C(=O)NCCN2CCOCC2)[nH]c1/C=C1\C(=O)N(C)c2ncnc
1176,0.654006,0.0859,5.89,1300.0,CCCCC(O)CN(C)[C@H]1C[C@@H]2O[C@](C)([C@H]1OC)n1c3c
1177,0.654006,0.0981,5.89,1300.0,CCCCC(O)CN(C)[C@H]1C[C@@H]2O[C@](C)([C@H]1OC)n1c3c
1178,0.677434,0.0708,6.10,800.0,COc1cc2c(Nc3ccc(C#N)cc3F)ncnc2cc1OC/C=C/CN1CCCC1
1179,0.606215,0.0802,5.46,3500.0,CO[C@H]1[C@@H](N(C)C(=O)CNC(=O)OC(C)(C)C)C[C@@H]2O
1180,0.995401,0.0829,8.96,1.1,Cc1cc(C(=O)NCCN2CCOCC2)[nH]c1/C=C1\C(=O)Nc2ncnc(Nc
1181,0.860525,0.0810,7.74,18.0,C#Cc1cccc(Nc2ncnc3c2/C(=C/c2[nH]c(C(=O)NCCN4CCOCC4
1182,0.606215,0.0784,5.46,3500.0,CO[C@H]1[C@@H](N(C)C(=O)CNC(=O)OC(C)(C)C)C[C@@H]2O
1183,0.654006,0.0780,5.89,1300.0,CCCCC(O)CN(C)[C@H]1C[C@@H]2O[C@](C)([C@H]1OC)n1c3c
1184,0.606215,0.0835,5.46,3500.0,CO[C@H]1[C@@H](N(C)C(=O)CNC(=O)OC(C)(C)C)C[C@@H]2O
1185,0.606215,0.0828,5.46,3500.0,CO[C@H]1[C@@H](N(C)C(=O)CNC(=O)OC(C)(C)C)C[C@@H]2O
1186,0.794305,0.0753,7.15,71.0,CS(=O)(=O)CCNc1nc(-c2ccc3ncnc(Nc4ccc5c(cnn5Cc5cccc
1187,0.565250,0.0809,5.09,8180.0,CO[C@H]1[C@@H](N(C)C(=O)c2cnccn2)C[C@@H]2O[C@@]1(C
1188,0.675658,0.0744,6.08,830.0,COC(=O)CN1CCC(n2cc(-c3cccc(OC)c3)c3c(N)ncnc32)C1
1189,0.606215,0.0762,5.46,3500.0,CO[C@H]1[C@@H](N(C)C(=O)CNC(=O)OC(C)(C)C)C[C@@H]2O
1190,0.606215,0.0777,5.46,3500.0,CO[C@H]1[C@@H](N(C)C(=O)CNC(=O)OC(C)(C)C)C[C@@H]2O
1191,0.654006,0.0842,5.89,1300.0,CCCCC(O)CN(C)[C@H]1C[C@@H]2O[C@](C)([C@H]1OC)n1c3c
1192,0.606215,0.0851,5.46,3500.0,CO[C@H]1[C@@H](N(C)C(=O)CNC(=O)OC(C)(C)C)C[C@@H]2O
1193,0.888889,0.0817,8.00,10.0,CS(=O)(=O)CCNc1nc(-c2ccc3ncnc(Nc4ccc(OCc5cccc(F)c5
1194,0.606215,0.0839,5.46,3500.0,CO[C@H]1[C@@H](N(C)C(=O)CNC(=O)OC(C)(C)C)C[C@@H]2O
1195,0.888889,0.0750,8.00,10.0,CS(=O)(=O)CCNCc1ccc(-c2ccc3ncnc(Nc4ccc(OCc5cccc(F)
1196,0.590573,0.0823,5.32,4840.0,CCN(CC)C(C)/C=C/C(=O)Nc1cc2c(Nc3ccc(F)c(Cl)c3)c(C#
1197,0.846643,0.0758,7.62,24.0,CS(=O)(=O)CCNCCCCOc1ccc2ncnc(Nc3ccc4c(cnn4Cc4cccc(
1198,0.606215,0.0924,5.46,3500.0,CO[C@H]1[C@@H](N(C)C(=O)CNC(=O)OC(C)(C)C)C[C@@H]2O
1199,0.606215,0.0859,5.46,3500.0,CO[C@H]1[C@@H](N(C)C(=O)CNC(=O)OC(C)(C)C)C[C@@H]2O
1200,0.606215,0.0813,5.46,3500.0,CO[C@H]1[C@@H](N(C)C(=O)CNC(=O)OC(C)(C)C)C[C@@H]2O
1201,0.552789,0.0746,4.98,10590.0,COc1cc2ncc(C#N)c(Nc3ccc(F)c(Cl)c3)c2cc1NC(=O)/C=C/
1202,0.606215,0.0848,5.46,3500.0,CO[C@H]1[C@@H](N(C)C(=O)CNC(=O)OC(C)(C)C)C[C@@H]2O
1203,0.444444,0.0806,4.00,100000.0,COC(=O)CN1Cc2c(c3c4ccccc4n4c3c3c2c2ccccc2n3[C@]2(C
1204,0.606215,0.0815,5.46,3500.0,CO[C@H]1[C@@H](N(C)C(=O)CNC(=O)OC(C)(C)C)C[C@@H]2O
1205,0.606215,0.0764,5.46,3500.0,CO[C@H]1[C@@H](N(C)C(=O)CNC(=O)OC(C)(C)C)C[C@@H]2O
1206,0.420000,0.0772,3.78,165958.8,CCOc1ccc2sc(SCc3cc(/C=C(\C#N)C(N)=O)cc(OC)c3O)nc2c
1207,0.586101,0.0725,5.27,5310.0,Cc1cc(C(=O)NCCN2CCOCC2)[nH]c1/C=C1\C(=O)N(C)c2ncnc
1208,0.606215,0.0722,5.46,3500.0,CO[C@H]1[C@@H](N(C)C(=O)CNC(=O)OC(C)(C)C)C[C@@H]2O
1209,0.696401,0.0784,6.27,540.0,CS(=O)(=O)CCNc1nc(-c2ccc3ncnc(Nc4ccc(OCc5cccc(C(F)
1210,0.696401,0.0778,6.27,540.0,CS(=O)(=O)CCNc1nc(-c2ccc3ncnc(Nc4ccc(OCc5cccc(C(F)
1211,0.590973,0.0785,5.32,4800.0,CO[C@H]1[C@@H](N(C)C(=O)c2cccc([N+](=O)[O-])c2)C[C
1212,0.590973,0.0792,5.32,4800.0,CO[C@H]1[C@@H](N(C)C(=O)c2cccc([N+](=O)[O-])c2)C[C
1213,1.000000,0.0785,9.35,0.5,CCN(CC)CC(O)CNC(=O)c1cc(C)c(/C=C2\C(=O)Nc3ncnc(Nc4
1214,0.606215,0.0743,5.46,3500.0,CO[C@H]1[C@@H](N(C)C(=O)CNC(=O)OC(C)(C)C)C[C@@H]2O
1215,0.654006,0.0893,5.89,1300.0,CCCCC(O)CN(C)[C@H]1C[C@@H]2O[C@](C)([C@H]1OC)n1c3c
1216,0.552789,0.0863,4.98,10590.0,COc1cc2ncc(C#N)c(Nc3ccc(F)c(Cl)c3)c2cc1NC(=O)/C=C/
1217,0.654006,0.0841,5.89,1300.0,CCCCC(O)CN(C)[C@H]1C[C@@H]2O[C@](C)([C@H]1OC)n1c3c
1218,0.696401,0.0843,6.27,540.0,CS(=O)(=O)CCNc1nc(-c2ccc3ncnc(Nc4ccc(OCc5cccc(C(F)
1219,0.565250,0.0829,5.09,8180.0,CO[C@H]1[C@@H](N(C)C(=O)c2cccnc2)C[C@@H]2O[C@@]1(C
1220,0.654006,0.0762,5.89,1300.0,CCCCC(O)CN(C)[C@H]1C[C@@H]2O[C@](C)([C@H]1OC)n1c3c
1221,0.606215,0.0794,5.46,3500.0,CO[C@H]1[C@@H](N(C)C(=O)CNC(=O)OC(C)(C)C)C[C@@H]2O
1222,0.654006,0.0796,5.89,1300.0,CCCCC(O)CN(C)[C@H]1C[C@@H]2O[C@](C)([C@H]1OC)n1c3c
1223,0.654006,0.0811,5.89,1300.0,CCCCC(O)CN(C)[C@H]1C[C@@H]2O[C@](C)([C@H]1OC)n1c3c
1224,0.444444,0.0825,4.00,100000.0,COC(=O)CN1Cc2c(c3c4ccccc4n4c3c3c2c2ccccc2n3[C@]2(C
1225,0.606215,0.0850,5.46,3500.0,CO[C@H]1[C@@H](N(C)C(=O)CNC(=O)OC(C)(C)C)C[C@@H]2O
1226,0.606215,0.0884,5.46,3500.0,CO[C@H]1[C@@H](N(C)C(=O)CNC(=O)OC(C)(C)C)C[C@@H]2O
1227,0.794305,0.0859,7.15,71.0,CS(=O)(=O)CCNc1nc(-c2ccc3ncnc(Nc4ccc5c(cnn5Cc5cccc
1228,0.606215,0.0785,5.46,3500.0,CO[C@H]1[C@@H](N(C)C(=O)CNC(=O)OC(C)(C)C)C[C@@H]2O
1229,0.606215,0.0794,5.46,3500.0,CO[C@H]1[C@@H](N(C)C(=O)CNC(=O)OC(C)(C)C)C[C@@H]2O
1230,0.701089,0.0792,6.31,490.0,COc1cccc(-c2cn(C3CC(CNCCO)C3)c3ncnc(N)c23)c1
1231,0.606215,0.0788,5.46,3500.0,CO[C@H]1[C@@H](N(C)C(=O)CNC(=O)OC(C)(C)C)C[C@@H]2O
1232,0.444444,0.0759,4.00,100000.0,COC(=O)CN1Cc2c(c3c4ccccc4n4c3c3c2c2ccccc2n3[C@]2(C
1233,1.000000,0.0791,9.35,0.5,CCN(CC)CC(O)CNC(=O)c1cc(C)c(/C=C2\C(=O)Nc3ncnc(Nc4
1234,0.606215,0.0861,5.46,3500.0,CO[C@H]1[C@@H](N(C)C(=O)CNC(=O)OC(C)(C)C)C[C@@H]2O
1235,0.552789,0.0805,4.98,10590.0,COc1cc2ncc(C#N)c(Nc3ccc(F)c(Cl)c3)c2cc1NC(=O)/C=C/
1236,0.606215,0.0811,5.46,3500.0,CO[C@H]1[C@@H](N(C)C(=O)CNC(=O)OC(C)(C)C)C[C@@H]2O
1237,0.654006,0.0862,5.89,1300.0,CCCCC(O)CN(C)[C@H]1C[C@@H]2O[C@](C)([C@H]1OC)n1c3c
1238,0.606215,0.0804,5.46,3500.0,CO[C@H]1[C@@H](N(C)C(=O)CNC(=O)OC(C)(C)C)C[C@@H]2O
1239,0.654006,0.0807,5.89,1300.0,CCCCC(O)CN(C)[C@H]1C[C@@H]2O[C@](C)([C@H]1OC)n1c3c
1240,0.888889,0.0750,8.00,10.0,CS(=O)(=O)CCNc1nc(-c2ccc3ncnc(Nc4ccc(OCc5cccc(F)c5
1241,0.654006,0.0783,5.89,1300.0,CCCCC(O)CN(C)[C@H]1C[C@@H]2O[C@](C)([C@H]1OC)n1c3c
1242,0.586101,0.0743,5.27,5310.0,Cc1cc(C(=O)NCCN2CCOCC2)[nH]c1/C=C1\C(=O)N(C)c2ncnc
1243,0.606215,0.0783,5.46,3500.0,CO[C@H]1[C@@H](N(C)C(=O)CNC(=O)OC(C)(C)C)C[C@@H]2O
1244,0.565250,0.0836,5.09,8180.0,CO[C@H]1[C@@H](N(C)C(=O)c2cnccn2)C[C@@H]2O[C@@]1(C
1245,0.696401,0.0856,6.27,540.0,CS(=O)(=O)CCNc1nc(-c2ccc3ncnc(Nc4ccc(OCc5cccc(C(F)
1246,0.723182,0.0760,6.51,310.0,COCCNCCN1CCC(n2cc(-c3cccc(OC)c3)c3c(N)ncnc32)CC1
1247,0.606215,0.0802,5.46,3500.0,CO[C@H]1[C@@H](N(C)C(=O)CNC(=O)OC(C)(C)C)C[C@@H]2O
1248,0.654006,0.0890,5.89,1300.0,CCCCC(O)CN(C)[C@H]1C[C@@H]2O[C@](C)([C@H]1OC)n1c3c
1249,0.565250,0.0881,5.09,8180.0,CO[C@H]1[C@@H](N(C)C(=O)c2cccnc2)C[C@@H]2O[C@@]1(C
1250,0.850842,0.0755,7.66,22.0,O=C1Nc2ncnc(Nc3ccc(F)c(Cl)c3)c2/C1=C/c1ccc(C(=O)NC
1251,0.444444,0.0836,4.00,100000.0,CO[C@H]1[C@@H](N(C)C(=O)c2ccccc2)C[C@@H]2O[C@@]1(C
1252,0.586101,0.0787,5.27,5310.0,Cc1cc(C(=O)NCCN2CCOCC2)[nH]c1/C=C1\C(=O)N(C)c2ncnc
1253,0.444444,0.0732,4.00,100000.0,COC(=O)CN1Cc2c(c3c4ccccc4n4c3c3c2c2ccccc2n3[C@]2(C
1254,0.590573,0.0825,5.32,4840.0,CCN(CC)C(C)/C=C/C(=O)Nc1cc2c(Nc3ccc(F)c(Cl)c3)c(C#
1255,0.606215,0.0835,5.46,3500.0,CO[C@H]1[C@@H](N(C)C(=O)CNC(=O)OC(C)(C)C)C[C@@H]2O
1256,0.654006,0.0821,5.89,1300.0,CCCCC(O)CN(C)[C@H]1C[C@@H]2O[C@](C)([C@H]1OC)n1c3c
1257,0.995401,0.0803,8.96,1.1,Cc1cc(C(=O)NCCN2CCOCC2)[nH]c1/C=C1\C(=O)Nc2ncnc(Nc
1258,0.565250,0.0838,5.09,8180.0,CO[C@H]1[C@@H](N(C)C(=O)c2cccnc2)C[C@@H]2O[C@@]1(C
1259,0.590973,0.0926,5.32,4800.0,CO[C@H]1[C@@H](N(C)C(=O)c2cccc([N+](=O)[O-])c2)C[C
1260,0.654006,0.0833,5.89,1300.0,CCCCC(O)CN(C)[C@H]1C[C@@H]2O[C@](C)([C@H]1OC)n1c3c
1261,0.995401,0.0817,8.96,1.1,Cc1cc(C(=O)NCCN2CCOCC2)[nH]c1/C=C1\C(=O)Nc2ncnc(Nc
1262,0.444444,0.0746,4.00,100000.0,CO[C@H]1[C@@H](N(C)C(=O)c2ccccc2)C[C@@H]2O[C@@]1(C
1263,0.696401,0.0691,6.27,540.0,CS(=O)(=O)CCNc1nc(-c2ccc3ncnc(Nc4ccc(OCc5cccc(C(F)
1264,0.995401,0.0816,8.96,1.1,Cc1cc(C(=O)NCCN2CCOCC2)[nH]c1/C=C1\C(=O)Nc2ncnc(Nc
1265,0.552789,0.0837,4.98,10590.0,COc1cc2ncc(C#N)c(Nc3ccc(F)c(Cl)c3)c2cc1NC(=O)/C=C/
1266,0.860525,0.0740,7.74,18.0,C#Cc1cccc(Nc2ncnc3c2/C(=C/c2[nH]c(C(=O)NCCN4CCOCC4
1267,0.888889,0.0731,8.00,10.0,CS(=O)(=O)CCNc1nc(-c2ccc3ncnc(Nc4ccc(OCc5cccc(F)c5
1268,1.000000,0.0808,9.35,0.5,CCN(CC)CC(O)CNC(=O)c1cc(C)c(/C=C2\C(=O)Nc3ncnc(Nc4
1269,0.444444,0.0724,4.00,100000.0,CO[C@H]1[C@@H](N(C)C(=O)c2ccccc2)C[C@@H]2O[C@@]1(C
1270,0.888889,0.0806,8.00,10.0,CS(=O)(=O)CCNCc1ccc(-c2ccc3ncnc(Nc4ccc(OCc5cccc(F)
1271,0.995401,0.0812,8.96,1.1,Cc1cc(C(=O)NCCN2CCOCC2)[nH]c1/C=C1\C(=O)Nc2ncnc(Nc
1272,0.696401,0.0769,6.27,540.0,CS(=O)(=O)CCNc1nc(-c2ccc3ncnc(Nc4ccc(OCc5cccc(C(F)
1273,0.654006,0.0853,5.89,1300.0,CCCCC(O)CN(C)[C@H]1C[C@@H]2O[C@](C)([C@H]1OC)n1c3c
1274,0.606215,0.0890,5.46,3500.0,CO[C@H]1[C@@H](N(C)C(=O)CNC(=O)OC(C)(C)C)C[C@@H]2O
1275,1.000000,0.0833,9.35,0.5,CCN(CC)CC(O)CNC(=O)c1cc(C)c(/C=C2\C(=O)Nc3ncnc(Nc4
1276,0.606215,0.0788,5.46,3500.0,CO[C@H]1[C@@H](N(C)C(=O)CNC(=O)OC(C)(C)C)C[C@@H]2O
1277,0.995401,0.0836,8.96,1.1,Cc1cc(C(=O)NCCN2CCOCC2)[nH]c1/C=C1\C(=O)Nc2ncnc(Nc
1278,0.680549,0.0846,6.12,750.0,COc1cccc(-c2cn(C3CCN(CC(=O)N(C)C)CC3)c3ncnc(N)c23)
1279,0.927421,0.0809,8.35,4.5,Cc1cc(C(=O)N2CCOCC2)[nH]c1/C=C1\C(=O)Nc2ncnc(Nc3cc
1280,0.606215,0.0821,5.46,3500.0,CO[C@H]1[C@@H](N(C)C(=O)CNC(=O)OC(C)(C)C)C[C@@H]2O
1281,1.000000,0.0866,9.35,0.5,CCN(CC)CC(O)CNC(=O)c1cc(C)c(/C=C2\C(=O)Nc3ncnc(Nc4
1282,1.000000,0.0805,9.35,0.5,CCN(CC)CC(O)CNC(=O)c1cc(C)c(/C=C2\C(=O)Nc3ncnc(Nc4
1283,0.654006,0.0952,5.89,1300.0,CCCCC(O)CN(C)[C@H]1C[C@@H]2O[C@](C)([C@H]1OC)n1c3c
1284,0.888889,0.0821,8.00,10.0,CS(=O)(=O)CCNCc1ccc(-c2ccc3ncnc(Nc4ccc(OCc5cccc(F)
1285,0.453333,0.0739,4.08,83176.4,COc1cc(/C=C(\C#N)C(N)=O)cc(CSc2nc3cc(Cl)ccc3s2)c1O
1286,1.000000,0.0806,9.35,0.5,CCN(CC)CC(O)CNC(=O)c1cc(C)c(/C=C2\C(=O)Nc3ncnc(Nc4
1287,0.696401,0.0759,6.27,540.0,CS(=O)(=O)CCNc1nc(-c2ccc3ncnc(Nc4ccc(OCc5cccc(C(F)
1288,0.606215,0.0870,5.46,3500.0,CO[C@H]1[C@@H](N(C)C(=O)CNC(=O)OC(C)(C)C)C[C@@H]2O
1289,0.696401,0.0813,6.27,540.0,CS(=O)(=O)CCNc1nc(-c2ccc3ncnc(Nc4ccc(OCc5cccc(C(F)
1290,0.606215,0.0795,5.46,3500.0,CO[C@H]1[C@@H](N(C)C(=O)CNC(=O)OC(C)(C)C)C[C@@H]2O
1291,0.606215,0.0796,5.46,3500.0,CO[C@H]1[C@@H](N(C)C(=O)CNC(=O)OC(C)(C)C)C[C@@H]2O
1292,0.586101,0.0777,5.27,5310.0,Cc1cc(C(=O)NCCN2CCOCC2)[nH]c1/C=C1\C(=O)N(C)c2ncnc
1293,0.696401,0.0753,6.27,540.0,CS(=O)(=O)CCNc1nc(-c2ccc3ncnc(Nc4ccc(OCc5cccc(C(F)
1294,0.590573,0.0776,5.32,4840.0,CCN(CC)C(C)/C=C/C(=O)Nc1cc2c(Nc3ccc(F)c(Cl)c3)c(C#
1295,0.654006,0.0829,5.89,1300.0,CCCCC(O)CN(C)[C@H]1C[C@@H]2O[C@](C)([C@H]1OC)n1c3c
1296,0.606215,0.0765,5.46,3500.0,CO[C@H]1[C@@H](N(C)C(=O)CNC(=O)OC(C)(C)C)C[C@@H]2O
1297,0.590973,0.0779,5.32,4800.0,CO[C@H]1[C@@H](N(C)C(=O)c2cccc([N+](=O)[O-])c2)C[C
1298,0.675658,0.0825,6.08,830.0,COC(=O)CN1CCC(n2cc(-c3cccc(OC)c3)c3c(N)ncnc32)C1
1299,0.606215,0.0913,5.46,3500.0,CO[C@H]1[C@@H](N(C)C(=O)CNC(=O)OC(C)(C)C)C[C@@H]2O
1300,0.654006,0.0773,5.89,1300.0,CCCCC(O)CN(C)[C@H]1C[C@@H]2O[C@](C)([C@H]1OC)n1c3c
1301,0.654006,0.0750,5.89,1300.0,CCCCC(O)CN(C)[C@H]1C[C@@H]2O[C@](C)([C@H]1OC)n1c3c
1302,0.888889,0.0879,8.00,10.0,CS(=O)(=O)CCNCc1ccc(-c2ccc3ncnc(Nc4ccc(OCc5cccc(F)
1303,0.654006,0.0785,5.89,1300.0,CCCCC(O)CN(C)[C@H]1C[C@@H]2O[C@](C)([C@H]1OC)n1c3c
1304,0.606215,0.0812,5.46,3500.0,CO[C@H]1[C@@H](N(C)C(=O)CNC(=O)OC(C)(C)C)C[C@@H]2O
1305,0.444444,0.0765,4.00,100000.0,COC(=O)CN1Cc2c(c3c4ccccc4n4c3c3c2c2ccccc2n3[C@]2(C
1306,0.701089,0.0797,6.31,490.0,COc1cccc(-c2cn(C3CC(CNCCO)C3)c3ncnc(N)c23)c1
1307,0.590973,0.0820,5.32,4800.0,CO[C@H]1[C@@H](N(C)C(=O)c2cccc([N+](=O)[O-])c2)C[C
1308,0.888889,0.0717,8.00,10.0,CS(=O)(=O)CCNc1nc(-c2ccc3ncnc(Nc4ccc(OCc5cccc(F)c5
1309,0.794305,0.0797,7.15,71.0,CS(=O)(=O)CCNc1nc(-c2ccc3ncnc(Nc4ccc5c(cnn5Cc5cccc
1310,0.606215,0.0824,5.46,3500.0,CO[C@H]1[C@@H](N(C)C(=O)CNC(=O)OC(C)(C)C)C[C@@H]2O
1311,0.606215,0.0884,5.46,3500.0,CO[C@H]1[C@@H](N(C)C(=O)CNC(=O)OC(C)(C)C)C[C@@H]2O
1312,0.995401,0.0867,8.96,1.1,Cc1cc(C(=O)NCCN2CCOCC2)[nH]c1/C=C1\C(=O)Nc2ncnc(Nc
1313,0.654006,0.0859,5.89,1300.0,CCCCC(O)CN(C)[C@H]1C[C@@H]2O[C@](C)([C@H]1OC)n1c3c
1314,0.606215,0.0850,5.46,3500.0,CO[C@H]1[C@@H](N(C)C(=O)CNC(=O)OC(C)(C)C)C[C@@H]2O
1315,0.540824,0.0826,4.87,13570.0,COc1cc2ncc(C#N)c(Nc3ccc(F)c(Cl)c3)c2cc1NC(=O)/C=C/
1316,0.794305,0.0786,7.15,71.0,CS(=O)(=O)CCNc1nc(-c2ccc3ncnc(Nc4ccc5c(cnn5Cc5cccc
1317,0.654006,0.0840,5.89,1300.0,CCCCC(O)CN(C)[C@H]1C[C@@H]2O[C@](C)([C@H]1OC)n1c3c
1318,0.590973,0.0881,5.32,4800.0,CO[C@H]1[C@@H](N(C)C(=O)c2cccc([N+](=O)[O-])c2)C[C
1319,0.654006,0.0810,5.89,1300.0,CCCCC(O)CN(C)[C@H]1C[C@@H]2O[C@](C)([C@H]1OC)n1c3c
1320,0.444444,0.0708,4.00,100000.0,COC(=O)CN1Cc2c(c3c4ccccc4n4c3c3c2c2ccccc2n3[C@]2(C
1321,0.654006,0.0724,5.89,1300.0,CCCCC(O)CN(C)[C@H]1C[C@@H]2O[C@](C)([C@H]1OC)n1c3c
1322,0.444444,0.0838,4.00,100000.0,CO[C@H]1[C@@H](N(C)C(=O)c2ccccc2)C[C@@H]2O[C@@]1(C
1323,0.586667,0.0714,5.28,5248.1,COc1cc(/C=C(\C#N)C(N)=O)cc(CSc2nc3ccccc3o2)c1O
1324,0.552789,0.0754,4.98,10590.0,COc1cc2ncc(C#N)c(Nc3ccc(F)c(Cl)c3)c2cc1NC(=O)/C=C/
1325,0.696401,0.0777,6.27,540.0,CS(=O)(=O)CCNc1nc(-c2ccc3ncnc(Nc4ccc(OCc5cccc(C(F)
1326,0.995401,0.0752,8.96,1.1,Cc1cc(C(=O)NCCN2CCOCC2)[nH]c1/C=C1\C(=O)Nc2ncnc(Nc
1327,0.444444,0.0772,4.00,100000.0,CO[C@H]1[C@@H](N(C)C(=O)c2ccccc2)C[C@@H]2O[C@@]1(C
1328,0.694646,0.0823,6.25,560.0,C=C(CN(C)C)C(=O)Nc1cc2c(Nc3ccc(F)c(Cl)c3)c(C#N)cnc
1329,0.606215,0.0799,5.46,3500.0,CO[C@H]1[C@@H](N(C)C(=O)CNC(=O)OC(C)(C)C)C[C@@H]2O
1330,0.590973,0.0796,5.32,4800.0,CO[C@H]1[C@@H](N(C)C(=O)c2cccc([N+](=O)[O-])c2)C[C
1331,0.606215,0.0874,5.46,3500.0,CO[C@H]1[C@@H](N(C)C(=O)CNC(=O)OC(C)(C)C)C[C@@H]2O
1332,0.927421,0.0805,8.35,4.5,Cc1cc(C(=O)N2CCOCC2)[nH]c1/C=C1\C(=O)Nc2ncnc(Nc3cc
1333,0.794305,0.0806,7.15,71.0,CS(=O)(=O)CCNc1nc(-c2ccc3ncnc(Nc4ccc5c(cnn5Cc5cccc
1334,0.794305,0.0835,7.15,71.0,CS(=O)(=O)CCNc1nc(-c2ccc3ncnc(Nc4ccc5c(cnn5Cc5cccc
1335,0.677434,0.0735,6.10,800.0,COc1cc2c(Nc3ccc(C#N)cc3F)ncnc2cc1OC/C=C/CN1CCCC1
1336,0.927421,0.0761,8.35,4.5,Cc1cc(C(=O)N2CCOCC2)[nH]c1/C=C1\C(=O)Nc2ncnc(Nc3cc
1337,0.654006,0.0830,5.89,1300.0,CCCCC(O)CN(C)[C@H]1C[C@@H]2O[C@](C)([C@H]1OC)n1c3c
1338,0.654006,0.0878,5.89,1300.0,CCCCC(O)CN(C)[C@H]1C[C@@H]2O[C@](C)([C@H]1OC)n1c3c
1339,0.540824,0.0779,4.87,13570.0,COc1cc2ncc(C#N)c(Nc3ccc(F)c(Cl)c3)c2cc1NC(=O)/C=C/
1340,0.444444,0.0817,4.00,100000.0,COC(=O)CN1Cc2c(c3c4ccccc4n4c3c3c2c2ccccc2n3[C@]2(C
1341,0.590973,0.0764,5.32,4800.0,CO[C@H]1[C@@H](N(C)C(=O)c2cccc([N+](=O)[O-])c2)C[C
1342,0.606215,0.0828,5.46,3500.0,CO[C@H]1[C@@H](N(C)C(=O)CNC(=O)OC(C)(C)C)C[C@@H]2O
1343,0.654006,0.0739,5.89,1300.0,CCCCC(O)CN(C)[C@H]1C[C@@H]2O[C@](C)([C@H]1OC)n1c3c
1344,0.606215,0.0819,5.46,3500.0,CO[C@H]1[C@@H](N(C)C(=O)CNC(=O)OC(C)(C)C)C[C@@H]2O
1345,0.794305,0.0739,7.15,71.0,CS(=O)(=O)CCNc1nc(-c2ccc3ncnc(Nc4ccc5c(cnn5Cc5cccc
1346,0.552789,0.0739,4.98,10590.0,COc1cc2ncc(C#N)c(Nc3ccc(F)c(Cl)c3)c2cc1NC(=O)/C=C/
1347,0.606215,0.0777,5.46,3500.0,CO[C@H]1[C@@H](N(C)C(=O)CNC(=O)OC(C)(C)C)C[C@@H]2O
1348,0.654006,0.0800,5.89,1300.0,CCCCC(O)CN(C)[C@H]1C[C@@H]2O[C@](C)([C@H]1OC)n1c3c
1349,0.725575,0.0773,6.53,295.0,COc1cccc(-c2cn(C3CCN(CCN(C)CCO)CC3)c3ncnc(N)c23)c1
1350,0.590973,0.0765,5.32,4800.0,CO[C@H]1[C@@H](N(C)C(=O)c2cccc([N+](=O)[O-])c2)C[C
1351,0.846643,0.0748,7.62,24.0,CS(=O)(=O)CCNCCCCOc1ccc2ncnc(Nc3ccc4c(cnn4Cc4cccc(
1352,0.606215,0.0941,5.46,3500.0,CO[C@H]1[C@@H](N(C)C(=O)CNC(=O)OC(C)(C)C)C[C@@H]2O
1353,0.888889,0.0783,8.00,10.0,CS(=O)(=O)CCNCc1ccc(-c2ccc3ncnc(Nc4ccc(OCc5cccc(F)
1354,0.888889,0.0775,8.00,10.0,CS(=O)(=O)CCNc1nc(-c2ccc3ncnc(Nc4ccc(OCc5cccc(F)c5
1355,1.000000,0.0849,9.35,0.5,CCN(CC)CC(O)CNC(=O)c1cc(C)c(/C=C2\C(=O)Nc3ncnc(Nc4
1356,0.696401,0.0738,6.27,540.0,CS(=O)(=O)CCNc1nc(-c2ccc3ncnc(Nc4ccc(OCc5cccc(C(F)
1357,0.971636,0.0853,8.74,1.8,Cc1cc(C(=O)N2CCOCC2)[nH]c1/C=C1\C(=O)Nc2ncnc(Nc3cc
1358,0.654006,0.0800,5.89,1300.0,CCCCC(O)CN(C)[C@H]1C[C@@H]2O[C@](C)([C@H]1OC)n1c3c
1359,0.696401,0.0807,6.27,540.0,CS(=O)(=O)CCNc1nc(-c2ccc3ncnc(Nc4ccc(OCc5cccc(C(F)
1360,0.971636,0.0720,8.74,1.8,Cc1cc(C(=O)N2CCOCC2)[nH]c1/C=C1\C(=O)Nc2ncnc(Nc3cc
1361,0.654006,0.0779,5.89,1300.0,CCCCC(O)CN(C)[C@H]1C[C@@H]2O[C@](C)([C@H]1OC)n1c3c
1362,0.654006,0.0864,5.89,1300.0,CCCCC(O)CN(C)[C@H]1C[C@@H]2O[C@](C)([C@H]1OC)n1c3c
1363,0.552789,0.0908,4.98,10590.0,COc1cc2ncc(C#N)c(Nc3ccc(F)c(Cl)c3)c2cc1NC(=O)/C=C/
1364,0.654006,0.0790,5.89,1300.0,CCCCC(O)CN(C)[C@H]1C[C@@H]2O[C@](C)([C@H]1OC)n1c3c
1365,0.590573,0.0797,5.32,4840.0,CCN(CC)C(C)/C=C/C(=O)Nc1cc2c(Nc3ccc(F)c(Cl)c3)c(C#
1366,0.654006,0.0816,5.89,1300.0,CCCCC(O)CN(C)[C@H]1C[C@@H]2O[C@](C)([C@H]1OC)n1c3c
1367,0.606215,0.0855,5.46,3500.0,CO[C@H]1[C@@H](N(C)C(=O)CNC(=O)OC(C)(C)C)C[C@@H]2O
1368,0.846643,0.0769,7.62,24.0,CS(=O)(=O)CCNCCCCOc1ccc2ncnc(Nc3ccc4c(cnn4Cc4cccc(
1369,0.788546,0.0808,7.10,80.0,C=CC(=O)Nc1cc2c(Nc3ccc(F)c(Cl)c3)c(C#N)cnc2cc1OCCC
1370,0.696401,0.0816,6.27,540.0,CS(=O)(=O)CCNc1nc(-c2ccc3ncnc(Nc4ccc(OCc5cccc(C(F)
1371,0.654006,0.0772,5.89,1300.0,CCCCC(O)CN(C)[C@H]1C[C@@H]2O[C@](C)([C@H]1OC)n1c3c
1372,0.606215,0.0849,5.46,3500.0,CO[C@H]1[C@@H](N(C)C(=O)CNC(=O)OC(C)(C)C)C[C@@H]2O
1373,0.552789,0.0849,4.98,10590.0,COc1cc2ncc(C#N)c(Nc3ccc(F)c(Cl)c3)c2cc1NC(=O)/C=C/
1374,0.696401,0.0763,6.27,540.0,CS(=O)(=O)CCNc1nc(-c2ccc3ncnc(Nc4ccc(OCc5cccc(C(F)
1375,0.606215,0.0809,5.46,3500.0,CO[C@H]1[C@@H](N(C)C(=O)CNC(=O)OC(C)(C)C)C[C@@H]2O
1376,0.980434,0.0817,8.82,1.5,C=CC(=O)Nc1cc2c(Nc3ccc(F)c(Cl)c3)ncnc2cc1OCCCN1CCO
1377,0.675658,0.0773,6.08,830.0,COC(=O)CN1CCC(n2cc(-c3cccc(OC)c3)c3c(N)ncnc32)C1
1378,0.590573,0.0801,5.32,4840.0,CCN(CC)C(C)/C=C/C(=O)Nc1cc2c(Nc3ccc(F)c(Cl)c3)c(C#
1379,0.654006,0.0682,5.89,1300.0,CCCCC(O)CN(C)[C@H]1C[C@@H]2O[C@](C)([C@H]1OC)n1c3c
1380,0.590573,0.0825,5.32,4840.0,CCN(CC)C(C)/C=C/C(=O)Nc1cc2c(Nc3ccc(F)c(Cl)c3)c(C#
1381,0.654006,0.0812,5.89,1300.0,CCCCC(O)CN(C)[C@H]1C[C@@H]2O[C@](C)([C@H]1OC)n1c3c
1382,0.586101,0.0730,5.27,5310.0,Cc1cc(C(=O)NCCN2CCOCC2)[nH]c1/C=C1\C(=O)N(C)c2ncnc
1383,0.654006,0.0850,5.89,1300.0,CCCCC(O)CN(C)[C@H]1C[C@@H]2O[C@](C)([C@H]1OC)n1c3c
1384,0.606215,0.0796,5.46,3500.0,CO[C@H]1[C@@H](N(C)C(=O)CNC(=O)OC(C)(C)C)C[C@@H]2O
1385,0.606215,0.0858,5.46,3500.0,CO[C@H]1[C@@H](N(C)C(=O)CNC(=O)OC(C)(C)C)C[C@@H]2O
1386,0.680549,0.0796,6.12,750.0,COc1cccc(-c2cn(C3CCN(CC(=O)N(C)C)CC3)c3ncnc(N)c23)
1387,0.606215,0.0784,5.46,3500.0,CO[C@H]1[C@@H](N(C)C(=O)CNC(=O)OC(C)(C)C)C[C@@H]2O
1388,0.654006,0.0740,5.89,1300.0,CCCCC(O)CN(C)[C@H]1C[C@@H]2O[C@](C)([C@H]1OC)n1c3c
1389,0.619822,0.0784,5.58,2640.0,CN(C)C/C=C/C(=O)Nc1cc2c(Nc3ccc(F)c(Cl)c3)c(C#N)cnc
1390,0.593027,0.0788,5.34,4600.0,CO[C@H]1[C@@H](N(C)C(=O)c2cccc(Cl)c2)C[C@@H]2O[C@@
1391,0.654006,0.0835,5.89,1300.0,CCCCC(O)CN(C)[C@H]1C[C@@H]2O[C@](C)([C@H]1OC)n1c3c
1392,0.654006,0.0833,5.89,1300.0,CCCCC(O)CN(C)[C@H]1C[C@@H]2O[C@](C)([C@H]1OC)n1c3c
1393,0.606215,0.0898,5.46,3500.0,CO[C@H]1[C@@H](N(C)C(=O)CNC(=O)OC(C)(C)C)C[C@@H]2O
1394,0.606215,0.0816,5.46,3500.0,CO[C@H]1[C@@H](N(C)C(=O)CNC(=O)OC(C)(C)C)C[C@@H]2O
1395,0.606215,0.0872,5.46,3500.0,CO[C@H]1[C@@H](N(C)C(=O)CNC(=O)OC(C)(C)C)C[C@@H]2O
1396,0.927421,0.0800,8.35,4.5,Cc1cc(C(=O)N2CCOCC2)[nH]c1/C=C1\C(=O)Nc2ncnc(Nc3cc
1397,0.593027,0.0766,5.34,4600.0,CO[C@H]1[C@@H](N(C)C(=O)c2cccc(Cl)c2)C[C@@H]2O[C@@
1398,0.565250,0.0845,5.09,8180.0,CO[C@H]1[C@@H](N(C)C(=O)c2cnccn2)C[C@@H]2O[C@@]1(C
1399,0.590973,0.0779,5.32,4800.0,CO[C@H]1[C@@H](N(C)C(=O)c2cccc([N+](=O)[O-])c2)C[C
1400,0.696401,0.0769,6.27,540.0,CS(=O)(=O)CCNc1nc(-c2ccc3ncnc(Nc4ccc(OCc5cccc(C(F)
1401,0.590973,0.0853,5.32,4800.0,CO[C@H]1[C@@H](N(C)C(=O)c2cccc([N+](=O)[O-])c2)C[C
1402,0.606215,0.0819,5.46,3500.0,CO[C@H]1[C@@H](N(C)C(=O)CNC(=O)OC(C)(C)C)C[C@@H]2O
1403,0.654006,0.0804,5.89,1300.0,CCCCC(O)CN(C)[C@H]1C[C@@H]2O[C@](C)([C@H]1OC)n1c3c
1404,0.552789,0.0768,4.98,10590.0,COc1cc2ncc(C#N)c(Nc3ccc(F)c(Cl)c3)c2cc1NC(=O)/C=C/
1405,0.590973,0.0735,5.32,4800.0,CO[C@H]1[C@@H](N(C)C(=O)c2cccc([N+](=O)[O-])c2)C[C
1406,1.000000,0.0858,9.35,0.5,CCN(CC)CC(O)CNC(=O)c1cc(C)c(/C=C2\C(=O)Nc3ncnc(Nc4
1407,0.606215,0.0795,5.46,3500.0,CO[C@H]1[C@@H](N(C)C(=O)CNC(=O)OC(C)(C)C)C[C@@H]2O
1408,0.586101,0.0839,5.27,5310.0,Cc1cc(C(=O)NCCN2CCOCC2)[nH]c1/C=C1\C(=O)N(C)c2ncnc
1409,0.606215,0.0795,5.46,3500.0,CO[C@H]1[C@@H](N(C)C(=O)CNC(=O)OC(C)(C)C)C[C@@H]2O
1410,0.606215,0.0846,5.46,3500.0,CO[C@H]1[C@@H](N(C)C(=O)CNC(=O)OC(C)(C)C)C[C@@H]2O
1411,0.593027,0.0752,5.34,4600.0,CO[C@H]1[C@@H](N(C)C(=O)c2cccc(Cl)c2)C[C@@H]2O[C@@
1412,0.606215,0.0806,5.46,3500.0,CO[C@H]1[C@@H](N(C)C(=O)CNC(=O)OC(C)(C)C)C[C@@H]2O
1413,0.606215,0.0786,5.46,3500.0,CO[C@H]1[C@@H](N(C)C(=O)CNC(=O)OC(C)(C)C)C[C@@H]2O
1414,0.654006,0.0828,5.89,1300.0,CCCCC(O)CN(C)[C@H]1C[C@@H]2O[C@](C)([C@H]1OC)n1c3c
1415,0.619822,0.0824,5.58,2640.0,CN(C)C/C=C/C(=O)Nc1cc2c(Nc3ccc(F)c(Cl)c3)c(C#N)cnc
1416,0.606215,0.0830,5.46,3500.0,CO[C@H]1[C@@H](N(C)C(=O)CNC(=O)OC(C)(C)C)C[C@@H]2O
1417,0.590973,0.0803,5.32,4800.0,CO[C@H]1[C@@H](N(C)C(=O)c2cccc([N+](=O)[O-])c2)C[C
1418,0.654006,0.0856,5.89,1300.0,CCCCC(O)CN(C)[C@H]1C[C@@H]2O[C@](C)([C@H]1OC)n1c3c
1419,0.606215,0.0872,5.46,3500.0,CO[C@H]1[C@@H](N(C)C(=O)CNC(=O)OC(C)(C)C)C[C@@H]2O
1420,0.590573,0.0765,5.32,4840.0,CCN(CC)C(C)/C=C/C(=O)Nc1cc2c(Nc3ccc(F)c(Cl)c3)c(C#
1421,0.654006,0.0817,5.89,1300.0,CCCCC(O)CN(C)[C@H]1C[C@@H]2O[C@](C)([C@H]1OC)n1c3c
1422,0.995401,0.0804,8.96,1.1,Cc1cc(C(=O)NCCN2CCOCC2)[nH]c1/C=C1\C(=O)Nc2ncnc(Nc
1423,0.552789,0.0824,4.98,10590.0,COc1cc2ncc(C#N)c(Nc3ccc(F)c(Cl)c3)c2cc1NC(=O)/C=C/
1424,0.654006,0.0891,5.89,1300.0,CCCCC(O)CN(C)[C@H]1C[C@@H]2O[C@](C)([C@H]1OC)n1c3c
1425,0.971636,0.0771,8.74,1.8,Cc1cc(C(=O)N2CCOCC2)[nH]c1/C=C1\C(=O)Nc2ncnc(Nc3cc
1426,0.606215,0.0836,5.46,3500.0,CO[C@H]1[C@@H](N(C)C(=O)CNC(=O)OC(C)(C)C)C[C@@H]2O
1427,0.606215,0.0720,5.46,3500.0,CO[C@H]1[C@@H](N(C)C(=O)CNC(=O)OC(C)(C)C)C[C@@H]2O
1428,0.552789,0.0825,4.98,10590.0,COc1cc2ncc(C#N)c(Nc3ccc(F)c(Cl)c3)c2cc1NC(=O)/C=C/
1429,0.606215,0.0839,5.46,3500.0,CO[C@H]1[C@@H](N(C)C(=O)CNC(=O)OC(C)(C)C)C[C@@H]2O
1430,0.606215,0.0821,5.46,3500.0,CO[C@H]1[C@@H](N(C)C(=O)CNC(=O)OC(C)(C)C)C[C@@H]2O
1431,0.606215,0.0836,5.46,3500.0,CO[C@H]1[C@@H](N(C)C(=O)CNC(=O)OC(C)(C)C)C[C@@H]2O
1432,0.654006,0.0876,5.89,1300.0,CCCCC(O)CN(C)[C@H]1C[C@@H]2O[C@](C)([C@H]1OC)n1c3c
1433,0.654006,0.0836,5.89,1300.0,CCCCC(O)CN(C)[C@H]1C[C@@H]2O[C@](C)([C@H]1OC)n1c3c
1434,0.453333,0.0805,4.08,83176.4,COc1cc(/C=C(\C#N)C(N)=O)cc(CSc2nc3cc(Cl)ccc3s2)c1O
1435,0.696401,0.0853,6.27,540.0,CS(=O)(=O)CCNc1nc(-c2ccc3ncnc(Nc4ccc(OCc5cccc(C(F)
1436,0.606215,0.0801,5.46,3500.0,CO[C@H]1[C@@H](N(C)C(=O)CNC(=O)OC(C)(C)C)C[C@@H]2O
1437,0.606215,0.0787,5.46,3500.0,CO[C@H]1[C@@H](N(C)C(=O)CNC(=O)OC(C)(C)C)C[C@@H]2O
1438,0.654006,0.0882,5.89,1300.0,CCCCC(O)CN(C)[C@H]1C[C@@H]2O[C@](C)([C@H]1OC)n1c3c
1439,0.654006,0.0807,5.89,1300.0,CCCCC(O)CN(C)[C@H]1C[C@@H]2O[C@](C)([C@H]1OC)n1c3c
1440,0.606215,0.0768,5.46,3500.0,CO[C@H]1[C@@H](N(C)C(=O)CNC(=O)OC(C)(C)C)C[C@@H]2O
1441,0.590573,0.0832,5.32,4840.0,CCN(CC)C(C)/C=C/C(=O)Nc1cc2c(Nc3ccc(F)c(Cl)c3)c(C#
1442,0.654006,0.0884,5.89,1300.0,CCCCC(O)CN(C)[C@H]1C[C@@H]2O[C@](C)([C@H]1OC)n1c3c
1443,0.606215,0.0807,5.46,3500.0,CO[C@H]1[C@@H](N(C)C(=O)CNC(=O)OC(C)(C)C)C[C@@H]2O
1444,0.927421,0.0786,8.35,4.5,Cc1cc(C(=O)N2CCOCC2)[nH]c1/C=C1\C(=O)Nc2ncnc(Nc3cc
1445,0.662067,0.0867,5.96,1100.0,CO[C@H]1[C@@H](N(C)CCC#N)C[C@@H]2O[C@@]1(C)n1c3ccc
1446,0.444444,0.0806,4.00,100000.0,COC(=O)CN1Cc2c(c3c4ccccc4n4c3c3c2c2ccccc2n3[C@]2(C
1447,0.696401,0.0764,6.27,540.0,CS(=O)(=O)CCNc1nc(-c2ccc3ncnc(Nc4ccc(OCc5cccc(C(F)
1448,0.723182,0.0756,6.51,310.0,COCCNCCN1CCC(n2cc(-c3cccc(OC)c3)c3c(N)ncnc32)CC1
1449,0.606215,0.0751,5.46,3500.0,CO[C@H]1[C@@H](N(C)C(=O)CNC(=O)OC(C)(C)C)C[C@@H]2O
1450,0.586101,0.0799,5.27,5310.0,Cc1cc(C(=O)NCCN2CCOCC2)[nH]c1/C=C1\C(=O)N(C)c2ncnc
1451,0.654006,0.0726,5.89,1300.0,CCCCC(O)CN(C)[C@H]1C[C@@H]2O[C@](C)([C@H]1OC)n1c3c
1452,0.590573,0.0827,5.32,4840.0,CCN(CC)C(C)/C=C/C(=O)Nc1cc2c(Nc3ccc(F)c(Cl)c3)c(C#
1453,0.696401,0.0838,6.27,540.0,CS(=O)(=O)CCNc1nc(-c2ccc3ncnc(Nc4ccc(OCc5cccc(C(F)
1454,0.696401,0.0754,6.27,540.0,CS(=O)(=O)CCNc1nc(-c2ccc3ncnc(Nc4ccc(OCc5cccc(C(F)
1455,0.995401,0.0813,8.96,1.1,Cc1cc(C(=O)NCCN2CCOCC2)[nH]c1/C=C1\C(=O)Nc2ncnc(Nc
1456,0.619822,0.0769,5.58,2640.0,CN(C)C/C=C/C(=O)Nc1cc2c(Nc3ccc(F)c(Cl)c3)c(C#N)cnc
1457,0.654006,0.0839,5.89,1300.0,CCCCC(O)CN(C)[C@H]1C[C@@H]2O[C@](C)([C@H]1OC)n1c3c
1458,0.606215,0.0804,5.46,3500.0,CO[C@H]1[C@@H](N(C)C(=O)CNC(=O)OC(C)(C)C)C[C@@H]2O
1459,0.654006,0.0764,5.89,1300.0,CCCCC(O)CN(C)[C@H]1C[C@@H]2O[C@](C)([C@H]1OC)n1c3c
1460,0.606215,0.0790,5.46,3500.0,CO[C@H]1[C@@H](N(C)C(=O)CNC(=O)OC(C)(C)C)C[C@@H]2O
1461,0.606215,0.0792,5.46,3500.0,CO[C@H]1[C@@H](N(C)C(=O)CNC(=O)OC(C)(C)C)C[C@@H]2O
1462,0.980434,0.0774,8.82,1.5,C=CC(=O)Nc1cc2c(Nc3ccc(F)c(Cl)c3)ncnc2cc1OCCCN1CCO
1463,0.606215,0.0808,5.46,3500.0,CO[C@H]1[C@@H](N(C)C(=O)CNC(=O)OC(C)(C)C)C[C@@H]2O
1464,0.606215,0.0838,5.46,3500.0,CO[C@H]1[C@@H](N(C)C(=O)CNC(=O)OC(C)(C)C)C[C@@H]2O
1465,0.675658,0.0768,6.08,830.0,COC(=O)CN1CCC(n2cc(-c3cccc(OC)c3)c3c(N)ncnc32)C1
1466,0.586101,0.0808,5.27,5310.0,Cc1cc(C(=O)NCCN2CCOCC2)[nH]c1/C=C1\C(=O)N(C)c2ncnc
1467,0.888889,0.0644,8.00,10.0,CS(=O)(=O)CCNCc1ccc(-c2ccc3ncnc(Nc4ccc(OCc5cccc(F)
1468,0.606215,0.0906,5.46,3500.0,CO[C@H]1[C@@H](N(C)C(=O)CNC(=O)OC(C)(C)C)C[C@@H]2O
1469,0.565250,0.0858,5.09,8180.0,CO[C@H]1[C@@H](N(C)C(=O)c2cnccn2)C[C@@H]2O[C@@]1(C
1470,0.606215,0.0763,5.46,3500.0,CO[C@H]1[C@@H](N(C)C(=O)CNC(=O)OC(C)(C)C)C[C@@H]2O
1471,0.995401,0.0692,8.96,1.1,Cc1cc(C(=O)NCCN2CCOCC2)[nH]c1/C=C1\C(=O)Nc2ncnc(Nc
1472,0.453333,0.0772,4.08,83176.4,COc1cc(/C=C(\C#N)C(N)=O)cc(CSc2nc3cc(Cl)ccc3s2)c1O
1473,0.606215,0.0784,5.46,3500.0,CO[C@H]1[C@@H](N(C)C(=O)CNC(=O)OC(C)(C)C)C[C@@H]2O
1474,0.606215,0.0792,5.46,3500.0,CO[C@H]1[C@@H](N(C)C(=O)CNC(=O)OC(C)(C)C)C[C@@H]2O
1475,0.654006,0.0920,5.89,1300.0,CCCCC(O)CN(C)[C@H]1C[C@@H]2O[C@](C)([C@H]1OC)n1c3c
1476,0.606215,0.0781,5.46,3500.0,CO[C@H]1[C@@H](N(C)C(=O)CNC(=O)OC(C)(C)C)C[C@@H]2O
1477,0.696401,0.0786,6.27,540.0,CS(=O)(=O)CCNc1nc(-c2ccc3ncnc(Nc4ccc(OCc5cccc(C(F)
1478,0.606215,0.0828,5.46,3500.0,CO[C@H]1[C@@H](N(C)C(=O)CNC(=O)OC(C)(C)C)C[C@@H]2O
1479,0.995401,0.0781,8.96,1.1,Cc1cc(C(=O)NCCN2CCOCC2)[nH]c1/C=C1\C(=O)Nc2ncnc(Nc
1480,0.606215,0.0805,5.46,3500.0,CO[C@H]1[C@@H](N(C)C(=O)CNC(=O)OC(C)(C)C)C[C@@H]2O
1481,0.654006,0.0841,5.89,1300.0,CCCCC(O)CN(C)[C@H]1C[C@@H]2O[C@](C)([C@H]1OC)n1c3c
1482,0.696401,0.0871,6.27,540.0,CS(=O)(=O)CCNc1nc(-c2ccc3ncnc(Nc4ccc(OCc5cccc(C(F)
1483,0.552789,0.0782,4.98,10590.0,COc1cc2ncc(C#N)c(Nc3ccc(F)c(Cl)c3)c2cc1NC(=O)/C=C/
1484,0.888889,0.0733,8.00,10.0,CS(=O)(=O)CCNc1nc(-c2ccc3ncnc(Nc4ccc(OCc5cccc(F)c5
1485,0.654006,0.0875,5.89,1300.0,CCCCC(O)CN(C)[C@H]1C[C@@H]2O[C@](C)([C@H]1OC)n1c3c
1486,0.654006,0.0903,5.89,1300.0,CCCCC(O)CN(C)[C@H]1C[C@@H]2O[C@](C)([C@H]1OC)n1c3c
1487,0.590573,0.0723,5.32,4840.0,CCN(CC)C(C)/C=C/C(=O)Nc1cc2c(Nc3ccc(F)c(Cl)c3)c(C#
1488,0.552789,0.0887,4.98,10590.0,COc1cc2ncc(C#N)c(Nc3ccc(F)c(Cl)c3)c2cc1NC(=O)/C=C/
1489,0.552789,0.0758,4.98,10590.0,COc1cc2ncc(C#N)c(Nc3ccc(F)c(Cl)c3)c2cc1NC(=O)/C=C/
1490,0.696401,0.0768,6.27,540.0,CS(=O)(=O)CCNc1nc(-c2ccc3ncnc(Nc4ccc(OCc5cccc(C(F)
1491,0.995401,0.0734,8.96,1.1,Cc1cc(C(=O)NCCN2CCOCC2)[nH]c1/C=C1\C(=O)Nc2ncnc(Nc
1492,0.888889,0.0891,8.00,10.0,CS(=O)(=O)CCNc1nc(-c2ccc3ncnc(Nc4ccc(OCc5cccc(F)c5
1493,1.000000,0.0725,9.35,0.5,CCN(CC)CC(O)CNC(=O)c1cc(C)c(/C=C2\C(=O)Nc3ncnc(Nc4
1494,0.606215,0.0849,5.46,3500.0,CO[C@H]1[C@@H](N(C)C(=O)CNC(=O)OC(C)(C)C)C[C@@H]2O
1495,0.606215,0.0817,5.46,3500.0,CO[C@H]1[C@@H](N(C)C(=O)CNC(=O)OC(C)(C)C)C[C@@H]2O
1496,0.696401,0.0793,6.27,540.0,CS(=O)(=O)CCNc1nc(-c2ccc3ncnc(Nc4ccc(OCc5cccc(C(F)
1497,0.606215,0.0913,5.46,3500.0,CO[C@H]1[C@@H](N(C)C(=O)CNC(=O)OC(C)(C)C)C[C@@H]2O
1498,0.971636,0.0776,8.74,1.8,Cc1cc(C(=O)N2CCOCC2)[nH]c1/C=C1\C(=O)Nc2ncnc(Nc3cc
1499,0.552789,0.0841,4.98,10590.0,COc1cc2ncc(C#N)c(Nc3ccc(F)c(Cl)c3)c2cc1NC(=O)/C=C/
1500,0.552789,0.0806,4.98,10590.0,COc1cc2ncc(C#N)c(Nc3ccc(F)c(Cl)c3)c2cc1NC(=O)/C=C/
1501,0.606215,0.0815,5.46,3500.0,CO[C@H]1[C@@H](N(C)C(=O)CNC(=O)OC(C)(C)C)C[C@@H]2O
1502,0.552789,0.0784,4.98,10590.0,COc1cc2ncc(C#N)c(Nc3ccc(F)c(Cl)c3)c2cc1NC(=O)/C=C/
1503,0.888889,0.0733,8.00,10.0,CS(=O)(=O)CCNCc1ccc(-c2ccc3ncnc(Nc4ccc(OCc5cccc(F)
1504,0.788546,0.0798,7.10,80.0,C=CC(=O)Nc1cc2c(Nc3ccc(F)c(Cl)c3)c(C#N)cnc2cc1OCCC
1505,0.971636,0.0720,8.74,1.8,Cc1cc(C(=O)N2CCOCC2)[nH]c1/C=C1\C(=O)Nc2ncnc(Nc3cc
1506,0.606215,0.0767,5.46,3500.0,CO[C@H]1[C@@H](N(C)C(=O)CNC(=O)OC(C)(C)C)C[C@@H]2O
1507,0.696401,0.0783,6.27,540.0,CS(=O)(=O)CCNc1nc(-c2ccc3ncnc(Nc4ccc(OCc5cccc(C(F)
1508,0.606215,0.0723,5.46,3500.0,CO[C@H]1[C@@H](N(C)C(=O)CNC(=O)OC(C)(C)C)C[C@@H]2O
1509,0.606215,0.0708,5.46,3500.0,CO[C@H]1[C@@H](N(C)C(=O)CNC(=O)OC(C)(C)C)C[C@@H]2O
1510,0.606215,0.0841,5.46,3500.0,CO[C@H]1[C@@H](N(C)C(=O)CNC(=O)OC(C)(C)C)C[C@@H]2O
1511,0.606215,0.0856,5.46,3500.0,CO[C@H]1[C@@H](N(C)C(=O)CNC(=O)OC(C)(C)C)C[C@@H]2O
1512,0.654006,0.0784,5.89,1300.0,CCCCC(O)CN(C)[C@H]1C[C@@H]2O[C@](C)([C@H]1OC)n1c3c
1513,0.794305,0.0742,7.15,71.0,CS(=O)(=O)CCNc1nc(-c2ccc3ncnc(Nc4ccc5c(cnn5Cc5cccc
1514,0.995401,0.0797,8.96,1.1,Cc1cc(C(=O)NCCN2CCOCC2)[nH]c1/C=C1\C(=O)Nc2ncnc(Nc
1515,0.590973,0.0787,5.32,4800.0,CO[C@H]1[C@@H](N(C)C(=O)c2cccc([N+](=O)[O-])c2)C[C
1516,0.696401,0.0831,6.27,540.0,CS(=O)(=O)CCNc1nc(-c2ccc3ncnc(Nc4ccc(OCc5cccc(C(F)
1517,0.654006,0.0860,5.89,1300.0,CCCCC(O)CN(C)[C@H]1C[C@@H]2O[C@](C)([C@H]1OC)n1c3c
1518,0.606215,0.0792,5.46,3500.0,CO[C@H]1[C@@H](N(C)C(=O)CNC(=O)OC(C)(C)C)C[C@@H]2O
1519,0.995401,0.0869,8.96,1.1,Cc1cc(C(=O)NCCN2CCOCC2)[nH]c1/C=C1\C(=O)Nc2ncnc(Nc
1520,0.590573,0.0771,5.32,4840.0,CCN(CC)C(C)/C=C/C(=O)Nc1cc2c(Nc3ccc(F)c(Cl)c3)c(C#
1521,0.453333,0.0801,4.08,83176.4,COc1cc(/C=C(\C#N)C(N)=O)cc(CSc2nc3cc(Cl)ccc3s2)c1O
1522,0.606215,0.0846,5.46,3500.0,CO[C@H]1[C@@H](N(C)C(=O)CNC(=O)OC(C)(C)C)C[C@@H]2O
1523,1.000000,0.0778,9.35,0.5,CCN(CC)CC(O)CNC(=O)c1cc(C)c(/C=C2\C(=O)Nc3ncnc(Nc4
1524,0.670169,0.0829,6.03,930.0,COCCN(C)CCN1CCC(n2cc(-c3cccc(OC)c3)c3c(N)ncnc32)CC
1525,0.453333,0.0731,4.08,83176.4,COc1cc(/C=C(\C#N)C(N)=O)cc(CSc2nc3cc(Cl)ccc3s2)c1O
1526,0.654006,0.0899,5.89,1300.0,CCCCC(O)CN(C)[C@H]1C[C@@H]2O[C@](C)([C@H]1OC)n1c3c
1527,0.888889,0.0835,8.00,10.0,CS(=O)(=O)CCNc1nc(-c2ccc3ncnc(Nc4ccc(OCc5cccc(F)c5
1528,0.606215,0.0909,5.46,3500.0,CO[C@H]1[C@@H](N(C)C(=O)CNC(=O)OC(C)(C)C)C[C@@H]2O
1529,0.444444,0.0771,4.00,100000.0,COC(=O)CN1Cc2c(c3c4ccccc4n4c3c3c2c2ccccc2n3[C@]2(C
1530,0.888889,0.0754,8.00,10.0,CS(=O)(=O)CCNCc1ccc(-c2ccc3ncnc(Nc4ccc(OCc5cccc(F)
1531,0.654006,0.0775,5.89,1300.0,CCCCC(O)CN(C)[C@H]1C[C@@H]2O[C@](C)([C@H]1OC)n1c3c
1532,0.444444,0.0756,4.00,100000.0,COC(=O)CN1Cc2c(c3c4ccccc4n4c3c3c2c2ccccc2n3[C@]2(C
1533,0.654006,0.0827,5.89,1300.0,CCCCC(O)CN(C)[C@H]1C[C@@H]2O[C@](C)([C@H]1OC)n1c3c
1534,0.654006,0.0802,5.89,1300.0,CCCCC(O)CN(C)[C@H]1C[C@@H]2O[C@](C)([C@H]1OC)n1c3c
1535,0.696401,0.0806,6.27,540.0,CS(=O)(=O)CCNc1nc(-c2ccc3ncnc(Nc4ccc(OCc5cccc(C(F)
1536,0.606215,0.0831,5.46,3500.0,CO[C@H]1[C@@H](N(C)C(=O)CNC(=O)OC(C)(C)C)C[C@@H]2O
1537,0.654006,0.0826,5.89,1300.0,CCCCC(O)CN(C)[C@H]1C[C@@H]2O[C@](C)([C@H]1OC)n1c3c
1538,0.606215,0.0812,5.46,3500.0,CO[C@H]1[C@@H](N(C)C(=O)CNC(=O)OC(C)(C)C)C[C@@H]2O
1539,0.606215,0.0780,5.46,3500.0,CO[C@H]1[C@@H](N(C)C(=O)CNC(=O)OC(C)(C)C)C[C@@H]2O
1540,0.606215,0.0796,5.46,3500.0,CO[C@H]1[C@@H](N(C)C(=O)CNC(=O)OC(C)(C)C)C[C@@H]2O
1541,0.995401,0.0799,8.96,1.1,Cc1cc(C(=O)NCCN2CCOCC2)[nH]c1/C=C1\C(=O)Nc2ncnc(Nc
1542,0.552789,0.0786,4.98,10590.0,COc1cc2ncc(C#N)c(Nc3ccc(F)c(Cl)c3)c2cc1NC(=O)/C=C/
1543,0.606215,0.0850,5.46,3500.0,CO[C@H]1[C@@H](N(C)C(=O)CNC(=O)OC(C)(C)C)C[C@@H]2O
1544,0.654006,0.0880,5.89,1300.0,CCCCC(O)CN(C)[C@H]1C[C@@H]2O[C@](C)([C@H]1OC)n1c3c
1545,0.586101,0.0778,5.27,5310.0,Cc1cc(C(=O)NCCN2CCOCC2)[nH]c1/C=C1\C(=O)N(C)c2ncnc
1546,1.000000,0.0798,9.35,0.5,CCN(CC)CC(O)CNC(=O)c1cc(C)c(/C=C2\C(=O)Nc3ncnc(Nc4
1547,0.590973,0.0753,5.32,4800.0,CO[C@H]1[C@@H](N(C)C(=O)c2cccc([N+](=O)[O-])c2)C[C
1548,0.606215,0.0848,5.46,3500.0,CO[C@H]1[C@@H](N(C)C(=O)CNC(=O)OC(C)(C)C)C[C@@H]2O
1549,0.552789,0.0841,4.98,10590.0,COc1cc2ncc(C#N)c(Nc3ccc(F)c(Cl)c3)c2cc1NC(=O)/C=C/
1550,0.444444,0.0747,4.00,100000.0,COC(=O)CN1Cc2c(c3c4ccccc4n4c3c3c2c2ccccc2n3[C@]2(C
1551,0.590973,0.0814,5.32,4800.0,CO[C@H]1[C@@H](N(C)C(=O)c2cccc([N+](=O)[O-])c2)C[C
1552,0.606215,0.0871,5.46,3500.0,CO[C@H]1[C@@H](N(C)C(=O)CNC(=O)OC(C)(C)C)C[C@@H]2O
1553,0.971636,0.0754,8.74,1.8,Cc1cc(C(=O)N2CCOCC2)[nH]c1/C=C1\C(=O)Nc2ncnc(Nc3cc
1554,0.794305,0.0808,7.15,71.0,CS(=O)(=O)CCNc1nc(-c2ccc3ncnc(Nc4ccc5c(cnn5Cc5cccc
1555,0.696401,0.0769,6.27,540.0,CS(=O)(=O)CCNc1nc(-c2ccc3ncnc(Nc4ccc(OCc5cccc(C(F)
1556,0.590573,0.0774,5.32,4840.0,CCN(CC)C(C)/C=C/C(=O)Nc1cc2c(Nc3ccc(F)c(Cl)c3)c(C#
1557,0.552789,0.0829,4.98,10590.0,COc1cc2ncc(C#N)c(Nc3ccc(F)c(Cl)c3)c2cc1NC(=O)/C=C/
1558,0.927421,0.0808,8.35,4.5,Cc1cc(C(=O)N2CCOCC2)[nH]c1/C=C1\C(=O)Nc2ncnc(Nc3cc
1559,0.606215,0.0904,5.46,3500.0,CO[C@H]1[C@@H](N(C)C(=O)CNC(=O)OC(C)(C)C)C[C@@H]2O
1560,0.606215,0.0792,5.46,3500.0,CO[C@H]1[C@@H](N(C)C(=O)CNC(=O)OC(C)(C)C)C[C@@H]2O
1561,0.696401,0.0794,6.27,540.0,CS(=O)(=O)CCNc1nc(-c2ccc3ncnc(Nc4ccc(OCc5cccc(C(F)
1562,0.654006,0.0799,5.89,1300.0,CCCCC(O)CN(C)[C@H]1C[C@@H]2O[C@](C)([C@H]1OC)n1c3c
1563,0.606215,0.0789,5.46,3500.0,CO[C@H]1[C@@H](N(C)C(=O)CNC(=O)OC(C)(C)C)C[C@@H]2O
1564,0.654006,0.0832,5.89,1300.0,CCCCC(O)CN(C)[C@H]1C[C@@H]2O[C@](C)([C@H]1OC)n1c3c
1565,0.696401,0.0790,6.27,540.0,CS(=O)(=O)CCNc1nc(-c2ccc3ncnc(Nc4ccc(OCc5cccc(C(F)
1566,0.654006,0.0799,5.89,1300.0,CCCCC(O)CN(C)[C@H]1C[C@@H]2O[C@](C)([C@H]1OC)n1c3c
1567,0.654006,0.0835,5.89,1300.0,CCCCC(O)CN(C)[C@H]1C[C@@H]2O[C@](C)([C@H]1OC)n1c3c
1568,0.696401,0.0845,6.27,540.0,CS(=O)(=O)CCNc1nc(-c2ccc3ncnc(Nc4ccc(OCc5cccc(C(F)
1569,0.995401,0.0767,8.96,1.1,Cc1cc(C(=O)NCCN2CCOCC2)[nH]c1/C=C1\C(=O)Nc2ncnc(Nc
1570,0.606215,0.0882,5.46,3500.0,CO[C@H]1[C@@H](N(C)C(=O)CNC(=O)OC(C)(C)C)C[C@@H]2O
1571,0.696401,0.0807,6.27,540.0,CS(=O)(=O)CCNc1nc(-c2ccc3ncnc(Nc4ccc(OCc5cccc(C(F)
1572,0.654006,0.0858,5.89,1300.0,CCCCC(O)CN(C)[C@H]1C[C@@H]2O[C@](C)([C@H]1OC)n1c3c
1573,0.593027,0.0832,5.34,4600.0,CO[C@H]1[C@@H](N(C)C(=O)c2cccc(Cl)c2)C[C@@H]2O[C@@
1574,0.606215,0.0914,5.46,3500.0,CO[C@H]1[C@@H](N(C)C(=O)CNC(=O)OC(C)(C)C)C[C@@H]2O
1575,0.696401,0.0793,6.27,540.0,CS(=O)(=O)CCNc1nc(-c2ccc3ncnc(Nc4ccc(OCc5cccc(C(F)
1576,0.606215,0.0735,5.46,3500.0,CO[C@H]1[C@@H](N(C)C(=O)CNC(=O)OC(C)(C)C)C[C@@H]2O
1577,0.606215,0.0805,5.46,3500.0,CO[C@H]1[C@@H](N(C)C(=O)CNC(=O)OC(C)(C)C)C[C@@H]2O
1578,0.654006,0.0837,5.89,1300.0,CCCCC(O)CN(C)[C@H]1C[C@@H]2O[C@](C)([C@H]1OC)n1c3c
1579,0.606215,0.0830,5.46,3500.0,CO[C@H]1[C@@H](N(C)C(=O)CNC(=O)OC(C)(C)C)C[C@@H]2O
1580,0.606215,0.0731,5.46,3500.0,CO[C@H]1[C@@H](N(C)C(=O)CNC(=O)OC(C)(C)C)C[C@@H]2O
1581,0.794305,0.0821,7.15,71.0,CS(=O)(=O)CCNc1nc(-c2ccc3ncnc(Nc4ccc5c(cnn5Cc5cccc
1582,0.606215,0.0819,5.46,3500.0,CO[C@H]1[C@@H](N(C)C(=O)CNC(=O)OC(C)(C)C)C[C@@H]2O
1583,0.565250,0.0722,5.09,8180.0,CO[C@H]1[C@@H](N(C)C(=O)c2cnccn2)C[C@@H]2O[C@@]1(C
1584,0.794305,0.0728,7.15,71.0,CS(=O)(=O)CCNc1nc(-c2ccc3ncnc(Nc4ccc5c(cnn5Cc5cccc
1585,0.606215,0.0785,5.46,3500.0,CO[C@H]1[C@@H](N(C)C(=O)CNC(=O)OC(C)(C)C)C[C@@H]2O
1586,0.590973,0.0809,5.32,4800.0,CO[C@H]1[C@@H](N(C)C(=O)c2cccc([N+](=O)[O-])c2)C[C
1587,0.606215,0.0826,5.46,3500.0,CO[C@H]1[C@@H](N(C)C(=O)CNC(=O)OC(C)(C)C)C[C@@H]2O
1588,0.654006,0.0840,5.89,1300.0,CCCCC(O)CN(C)[C@H]1C[C@@H]2O[C@](C)([C@H]1OC)n1c3c
1589,0.696401,0.0702,6.27,540.0,CS(=O)(=O)CCNc1nc(-c2ccc3ncnc(Nc4ccc(OCc5cccc(C(F)
1590,0.654006,0.0830,5.89,1300.0,CCCCC(O)CN(C)[C@H]1C[C@@H]2O[C@](C)([C@H]1OC)n1c3c
1591,0.696401,0.0752,6.27,540.0,CS(=O)(=O)CCNc1nc(-c2ccc3ncnc(Nc4ccc(OCc5cccc(C(F)
1592,0.606215,0.0879,5.46,3500.0,CO[C@H]1[C@@H](N(C)C(=O)CNC(=O)OC(C)(C)C)C[C@@H]2O
1593,0.590573,0.0813,5.32,4840.0,CCN(CC)C(C)/C=C/C(=O)Nc1cc2c(Nc3ccc(F)c(Cl)c3)c(C#
1594,0.654006,0.0810,5.89,1300.0,CCCCC(O)CN(C)[C@H]1C[C@@H]2O[C@](C)([C@H]1OC)n1c3c
1595,0.888889,0.0878,8.00,10.0,CS(=O)(=O)CCNc1nc(-c2ccc3ncnc(Nc4ccc(OCc5cccc(F)c5
1596,0.606215,0.0838,5.46,3500.0,CO[C@H]1[C@@H](N(C)C(=O)CNC(=O)OC(C)(C)C)C[C@@H]2O
1597,0.552789,0.0846,4.98,10590.0,COc1cc2ncc(C#N)c(Nc3ccc(F)c(Cl)c3)c2cc1NC(=O)/C=C/
1598,0.606215,0.0780,5.46,3500.0,CO[C@H]1[C@@H](N(C)C(=O)CNC(=O)OC(C)(C)C)C[C@@H]2O
1599,0.654006,0.0781,5.89,1300.0,CCCCC(O)CN(C)[C@H]1C[C@@H]2O[C@](C)([C@H]1OC)n1c3c
1600,0.565250,0.0777,5.09,8180.0,CO[C@H]1[C@@H](N(C)C(=O)c2cccnc2)C[C@@H]2O[C@@]1(C
1601,0.606215,0.0911,5.46,3500.0,CO[C@H]1[C@@H](N(C)C(=O)CNC(=O)OC(C)(C)C)C[C@@H]2O
1602,0.744330,0.0750,6.70,200.0,CCN(CC)CCNC(=O)c1c(C)[nH]c(/C=C2\C(=O)Nc3ncnc(Nc4c
1603,0.846643,0.0772,7.62,24.0,CS(=O)(=O)CCNCCCCOc1ccc2ncnc(Nc3ccc4c(cnn4Cc4cccc(
1604,0.720165,0.0768,6.48,330.0,COc1cccc(-c2cn(C3CC(C(=O)NCCO)C3)c3ncnc(N)c23)c1
1605,0.444444,0.0888,4.00,100000.0,COC(=O)CN1Cc2c(c3c4ccccc4n4c3c3c2c2ccccc2n3[C@]2(C
1606,0.696401,0.0721,6.27,540.0,CS(=O)(=O)CCNc1nc(-c2ccc3ncnc(Nc4ccc(OCc5cccc(C(F)
1607,0.995401,0.0780,8.96,1.1,Cc1cc(C(=O)NCCN2CCOCC2)[nH]c1/C=C1\C(=O)Nc2ncnc(Nc
1608,0.606215,0.0850,5.46,3500.0,CO[C@H]1[C@@H](N(C)C(=O)CNC(=O)OC(C)(C)C)C[C@@H]2O
1609,0.552789,0.0792,4.98,10590.0,COc1cc2ncc(C#N)c(Nc3ccc(F)c(Cl)c3)c2cc1NC(=O)/C=C/
1610,0.888889,0.0752,8.00,10.0,CS(=O)(=O)CCNc1nc(-c2ccc3ncnc(Nc4ccc(OCc5cccc(F)c5
1611,0.654006,0.0800,5.89,1300.0,CCCCC(O)CN(C)[C@H]1C[C@@H]2O[C@](C)([C@H]1OC)n1c3c
1612,0.606215,0.0878,5.46,3500.0,CO[C@H]1[C@@H](N(C)C(=O)CNC(=O)OC(C)(C)C)C[C@@H]2O
1613,0.593027,0.0810,5.34,4600.0,CO[C@H]1[C@@H](N(C)C(=O)c2cccc(Cl)c2)C[C@@H]2O[C@@
1614,0.593027,0.0806,5.34,4600.0,CO[C@H]1[C@@H](N(C)C(=O)c2cccc(Cl)c2)C[C@@H]2O[C@@
1615,0.654006,0.0785,5.89,1300.0,CCCCC(O)CN(C)[C@H]1C[C@@H]2O[C@](C)([C@H]1OC)n1c3c
1616,0.606215,0.0823,5.46,3500.0,CO[C@H]1[C@@H](N(C)C(=O)CNC(=O)OC(C)(C)C)C[C@@H]2O
1617,0.606215,0.0773,5.46,3500.0,CO[C@H]1[C@@H](N(C)C(=O)CNC(=O)OC(C)(C)C)C[C@@H]2O
1618,0.971636,0.0753,8.74,1.8,Cc1cc(C(=O)N2CCOCC2)[nH]c1/C=C1\C(=O)Nc2ncnc(Nc3cc
1619,0.654006,0.0814,5.89,1300.0,CCCCC(O)CN(C)[C@H]1C[C@@H]2O[C@](C)([C@H]1OC)n1c3c
1620,0.696401,0.0813,6.27,540.0,CS(=O)(=O)CCNc1nc(-c2ccc3ncnc(Nc4ccc(OCc5cccc(C(F)
1621,0.744330,0.0761,6.70,200.0,CCN(CC)CCNC(=O)c1c(C)[nH]c(/C=C2\C(=O)Nc3ncnc(Nc4c
1622,0.794305,0.0676,7.15,71.0,CS(=O)(=O)CCNc1nc(-c2ccc3ncnc(Nc4ccc5c(cnn5Cc5cccc
1623,0.590973,0.0832,5.32,4800.0,CO[C@H]1[C@@H](N(C)C(=O)c2cccc([N+](=O)[O-])c2)C[C
1624,0.590573,0.0807,5.32,4840.0,CCN(CC)C(C)/C=C/C(=O)Nc1cc2c(Nc3ccc(F)c(Cl)c3)c(C#
1625,0.606215,0.0853,5.46,3500.0,CO[C@H]1[C@@H](N(C)C(=O)CNC(=O)OC(C)(C)C)C[C@@H]2O
1626,0.654006,0.0840,5.89,1300.0,CCCCC(O)CN(C)[C@H]1C[C@@H]2O[C@](C)([C@H]1OC)n1c3c
1627,0.586667,0.0728,5.28,5248.1,COc1cc(/C=C(\C#N)C(N)=O)cc(CSc2nc3ccccc3o2)c1O
1628,0.606215,0.0833,5.46,3500.0,CO[C@H]1[C@@H](N(C)C(=O)CNC(=O)OC(C)(C)C)C[C@@H]2O
1629,0.444444,0.0674,4.00,100000.0,COC(=O)CN1Cc2c(c3c4ccccc4n4c3c3c2c2ccccc2n3[C@]2(C
1630,1.000000,0.0747,9.35,0.5,CCN(CC)CC(O)CNC(=O)c1cc(C)c(/C=C2\C(=O)Nc3ncnc(Nc4
1631,0.995401,0.0836,8.96,1.1,Cc1cc(C(=O)NCCN2CCOCC2)[nH]c1/C=C1\C(=O)Nc2ncnc(Nc
1632,0.590973,0.0831,5.32,4800.0,CO[C@H]1[C@@H](N(C)C(=O)c2cccc([N+](=O)[O-])c2)C[C
1633,0.654006,0.0769,5.89,1300.0,CCCCC(O)CN(C)[C@H]1C[C@@H]2O[C@](C)([C@H]1OC)n1c3c
1634,0.606215,0.0772,5.46,3500.0,CO[C@H]1[C@@H](N(C)C(=O)CNC(=O)OC(C)(C)C)C[C@@H]2O
1635,0.654006,0.0828,5.89,1300.0,CCCCC(O)CN(C)[C@H]1C[C@@H]2O[C@](C)([C@H]1OC)n1c3c
1636,0.696401,0.0784,6.27,540.0,CS(=O)(=O)CCNc1nc(-c2ccc3ncnc(Nc4ccc(OCc5cccc(C(F)
1637,0.927421,0.0802,8.35,4.5,Cc1cc(C(=O)N2CCOCC2)[nH]c1/C=C1\C(=O)Nc2ncnc(Nc3cc
1638,1.000000,0.0699,9.35,0.5,CCN(CC)CC(O)CNC(=O)c1cc(C)c(/C=C2\C(=O)Nc3ncnc(Nc4
1639,0.606215,0.0800,5.46,3500.0,CO[C@H]1[C@@H](N(C)C(=O)CNC(=O)OC(C)(C)C)C[C@@H]2O
1640,0.654006,0.0793,5.89,1300.0,CCCCC(O)CN(C)[C@H]1C[C@@H]2O[C@](C)([C@H]1OC)n1c3c
1641,0.675658,0.0764,6.08,830.0,COC(=O)CN1CCC(n2cc(-c3cccc(OC)c3)c3c(N)ncnc32)C1
1642,0.453333,0.0769,4.08,83176.4,COc1cc(/C=C(\C#N)C(N)=O)cc(CSc2nc3cc(Cl)ccc3s2)c1O
1643,0.590573,0.0821,5.32,4840.0,CCN(CC)C(C)/C=C/C(=O)Nc1cc2c(Nc3ccc(F)c(Cl)c3)c(C#
1644,0.593027,0.0801,5.34,4600.0,CO[C@H]1[C@@H](N(C)C(=O)c2cccc(Cl)c2)C[C@@H]2O[C@@
1645,0.606215,0.0805,5.46,3500.0,CO[C@H]1[C@@H](N(C)C(=O)CNC(=O)OC(C)(C)C)C[C@@H]2O
1646,0.654006,0.0707,5.89,1300.0,CCCCC(O)CN(C)[C@H]1C[C@@H]2O[C@](C)([C@H]1OC)n1c3c
1647,0.860525,0.0782,7.74,18.0,C#Cc1cccc(Nc2ncnc3c2/C(=C/c2[nH]c(C(=O)NCCN4CCOCC4
1648,0.590573,0.0799,5.32,4840.0,CCN(CC)C(C)/C=C/C(=O)Nc1cc2c(Nc3ccc(F)c(Cl)c3)c(C#
1649,0.590973,0.0879,5.32,4800.0,CO[C@H]1[C@@H](N(C)C(=O)c2cccc([N+](=O)[O-])c2)C[C
1650,0.654006,0.0909,5.89,1300.0,CCCCC(O)CN(C)[C@H]1C[C@@H]2O[C@](C)([C@H]1OC)n1c3c
1651,0.552789,0.0817,4.98,10590.0,COc1cc2ncc(C#N)c(Nc3ccc(F)c(Cl)c3)c2cc1NC(=O)/C=C/
1652,0.453333,0.0769,4.08,83176.4,COc1cc(/C=C(\C#N)C(N)=O)cc(CSc2nc3cc(Cl)ccc3s2)c1O
1653,0.654006,0.0857,5.89,1300.0,CCCCC(O)CN(C)[C@H]1C[C@@H]2O[C@](C)([C@H]1OC)n1c3c
1654,0.654006,0.0713,5.89,1300.0,CCCCC(O)CN(C)[C@H]1C[C@@H]2O[C@](C)([C@H]1OC)n1c3c
1655,0.654006,0.0812,5.89,1300.0,CCCCC(O)CN(C)[C@H]1C[C@@H]2O[C@](C)([C@H]1OC)n1c3c
1656,0.606215,0.0764,5.46,3500.0,CO[C@H]1[C@@H](N(C)C(=O)CNC(=O)OC(C)(C)C)C[C@@H]2O
1657,0.565250,0.0803,5.09,8180.0,CO[C@H]1[C@@H](N(C)C(=O)c2cccnc2)C[C@@H]2O[C@@]1(C
1658,0.654006,0.0789,5.89,1300.0,CCCCC(O)CN(C)[C@H]1C[C@@H]2O[C@](C)([C@H]1OC)n1c3c
1659,0.606215,0.0810,5.46,3500.0,CO[C@H]1[C@@H](N(C)C(=O)CNC(=O)OC(C)(C)C)C[C@@H]2O
1660,0.606215,0.0785,5.46,3500.0,CO[C@H]1[C@@H](N(C)C(=O)CNC(=O)OC(C)(C)C)C[C@@H]2O
1661,0.552789,0.0803,4.98,10590.0,COc1cc2ncc(C#N)c(Nc3ccc(F)c(Cl)c3)c2cc1NC(=O)/C=C/
1662,0.654006,0.0795,5.89,1300.0,CCCCC(O)CN(C)[C@H]1C[C@@H]2O[C@](C)([C@H]1OC)n1c3c
1663,0.654006,0.0768,5.89,1300.0,CCCCC(O)CN(C)[C@H]1C[C@@H]2O[C@](C)([C@H]1OC)n1c3c
1664,0.444444,0.0770,4.00,100000.0,COC(=O)CN1Cc2c(c3c4ccccc4n4c3c3c2c2ccccc2n3[C@]2(C
1665,0.696401,0.0827,6.27,540.0,CS(=O)(=O)CCNc1nc(-c2ccc3ncnc(Nc4ccc(OCc5cccc(C(F)
1666,0.696401,0.0765,6.27,540.0,CS(=O)(=O)CCNc1nc(-c2ccc3ncnc(Nc4ccc(OCc5cccc(C(F)
1667,0.696401,0.0832,6.27,540.0,CS(=O)(=O)CCNc1nc(-c2ccc3ncnc(Nc4ccc(OCc5cccc(C(F)
1668,0.619822,0.0819,5.58,2640.0,CN(C)C/C=C/C(=O)Nc1cc2c(Nc3ccc(F)c(Cl)c3)c(C#N)cnc
1669,0.606215,0.0822,5.46,3500.0,CO[C@H]1[C@@H](N(C)C(=O)CNC(=O)OC(C)(C)C)C[C@@H]2O
1670,0.606215,0.0763,5.46,3500.0,CO[C@H]1[C@@H](N(C)C(=O)CNC(=O)OC(C)(C)C)C[C@@H]2O
1671,0.696401,0.0824,6.27,540.0,CS(=O)(=O)CCNc1nc(-c2ccc3ncnc(Nc4ccc(OCc5cccc(C(F)
1672,0.606215,0.0881,5.46,3500.0,CO[C@H]1[C@@H](N(C)C(=O)CNC(=O)OC(C)(C)C)C[C@@H]2O
1673,0.606215,0.0824,5.46,3500.0,CO[C@H]1[C@@H](N(C)C(=O)CNC(=O)OC(C)(C)C)C[C@@H]2O
1674,0.654006,0.0889,5.89,1300.0,CCCCC(O)CN(C)[C@H]1C[C@@H]2O[C@](C)([C@H]1OC)n1c3c
1675,0.590973,0.0833,5.32,4800.0,CO[C@H]1[C@@H](N(C)C(=O)c2cccc([N+](=O)[O-])c2)C[C
1676,0.552789,0.0776,4.98,10590.0,COc1cc2ncc(C#N)c(Nc3ccc(F)c(Cl)c3)c2cc1NC(=O)/C=C/
1677,0.696401,0.0783,6.27,540.0,CS(=O)(=O)CCNc1nc(-c2ccc3ncnc(Nc4ccc(OCc5cccc(C(F)
1678,0.654006,0.0775,5.89,1300.0,CCCCC(O)CN(C)[C@H]1C[C@@H]2O[C@](C)([C@H]1OC)n1c3c
1679,0.444444,0.0801,4.00,100000.0,CO[C@H]1[C@@H](N(C)C(=O)c2ccccc2)C[C@@H]2O[C@@]1(C
1680,0.654006,0.0816,5.89,1300.0,CCCCC(O)CN(C)[C@H]1C[C@@H]2O[C@](C)([C@H]1OC)n1c3c
1681,0.552789,0.0809,4.98,10590.0,COc1cc2ncc(C#N)c(Nc3ccc(F)c(Cl)c3)c2cc1NC(=O)/C=C/
1682,0.606215,0.0791,5.46,3500.0,CO[C@H]1[C@@H](N(C)C(=O)CNC(=O)OC(C)(C)C)C[C@@H]2O
1683,0.927421,0.0776,8.35,4.5,Cc1cc(C(=O)N2CCOCC2)[nH]c1/C=C1\C(=O)Nc2ncnc(Nc3cc
1684,0.606215,0.0889,5.46,3500.0,CO[C@H]1[C@@H](N(C)C(=O)CNC(=O)OC(C)(C)C)C[C@@H]2O
1685,0.444444,0.0753,4.00,100000.0,COC(=O)CN1Cc2c(c3c4ccccc4n4c3c3c2c2ccccc2n3[C@]2(C
1686,0.565250,0.0815,5.09,8180.0,CO[C@H]1[C@@H](N(C)C(=O)c2cccnc2)C[C@@H]2O[C@@]1(C
1687,0.606215,0.0852,5.46,3500.0,CO[C@H]1[C@@H](N(C)C(=O)CNC(=O)OC(C)(C)C)C[C@@H]2O
1688,0.696401,0.0825,6.27,540.0,CS(=O)(=O)CCNc1nc(-c2ccc3ncnc(Nc4ccc(OCc5cccc(C(F)
1689,0.696401,0.0780,6.27,540.0,CS(=O)(=O)CCNc1nc(-c2ccc3ncnc(Nc4ccc(OCc5cccc(C(F)
1690,0.654006,0.0841,5.89,1300.0,CCCCC(O)CN(C)[C@H]1C[C@@H]2O[C@](C)([C@H]1OC)n1c3c
1691,0.888889,0.0799,8.00,10.0,CS(=O)(=O)CCNCc1ccc(-c2ccc3ncnc(Nc4ccc(OCc5cccc(F)
1692,0.927421,0.0776,8.35,4.5,Cc1cc(C(=O)N2CCOCC2)[nH]c1/C=C1\C(=O)Nc2ncnc(Nc3cc
1693,0.995401,0.0767,8.96,1.1,Cc1cc(C(=O)NCCN2CCOCC2)[nH]c1/C=C1\C(=O)Nc2ncnc(Nc
1694,0.606215,0.1014,5.46,3500.0,CO[C@H]1[C@@H](N(C)C(=O)CNC(=O)OC(C)(C)C)C[C@@H]2O
1695,0.696401,0.0789,6.27,540.0,CS(=O)(=O)CCNc1nc(-c2ccc3ncnc(Nc4ccc(OCc5cccc(C(F)
1696,1.000000,0.0760,9.35,0.5,CCN(CC)CC(O)CNC(=O)c1cc(C)c(/C=C2\C(=O)Nc3ncnc(Nc4
1697,0.696401,0.0792,6.27,540.0,CS(=O)(=O)CCNc1nc(-c2ccc3ncnc(Nc4ccc(OCc5cccc(C(F)
1698,0.586101,0.0870,5.27,5310.0,Cc1cc(C(=O)NCCN2CCOCC2)[nH]c1/C=C1\C(=O)N(C)c2ncnc
1699,0.565250,0.0687,5.09,8180.0,CO[C@H]1[C@@H](N(C)C(=O)c2cnccn2)C[C@@H]2O[C@@]1(C
1700,0.606215,0.0792,5.46,3500.0,CO[C@H]1[C@@H](N(C)C(=O)CNC(=O)OC(C)(C)C)C[C@@H]2O
1701,0.606215,0.0760,5.46,3500.0,CO[C@H]1[C@@H](N(C)C(=O)CNC(=O)OC(C)(C)C)C[C@@H]2O
1702,0.606215,0.0815,5.46,3500.0,CO[C@H]1[C@@H](N(C)C(=O)CNC(=O)OC(C)(C)C)C[C@@H]2O
1703,0.670169,0.0741,6.03,930.0,COCCN(C)CCN1CCC(n2cc(-c3cccc(OC)c3)c3c(N)ncnc32)CC
1704,0.590973,0.0906,5.32,4800.0,CO[C@H]1[C@@H](N(C)C(=O)c2cccc([N+](=O)[O-])c2)C[C
1705,0.662067,0.0860,5.96,1100.0,CO[C@H]1[C@@H](N(C)CCC#N)C[C@@H]2O[C@@]1(C)n1c3ccc
1706,0.654006,0.0767,5.89,1300.0,CCCCC(O)CN(C)[C@H]1C[C@@H]2O[C@](C)([C@H]1OC)n1c3c
1707,0.590973,0.0800,5.32,4800.0,CO[C@H]1[C@@H](N(C)C(=O)c2cccc([N+](=O)[O-])c2)C[C
1708,0.794305,0.0760,7.15,71.0,CS(=O)(=O)CCNc1nc(-c2ccc3ncnc(Nc4ccc5c(cnn5Cc5cccc
1709,0.586101,0.0836,5.27,5310.0,Cc1cc(C(=O)NCCN2CCOCC2)[nH]c1/C=C1\C(=O)N(C)c2ncnc
1710,0.593027,0.0769,5.34,4600.0,CO[C@H]1[C@@H](N(C)C(=O)c2cccc(Cl)c2)C[C@@H]2O[C@@
1711,0.565250,0.0906,5.09,8180.0,CO[C@H]1[C@@H](N(C)C(=O)c2cnccn2)C[C@@H]2O[C@@]1(C
1712,0.696401,0.0805,6.27,540.0,CS(=O)(=O)CCNc1nc(-c2ccc3ncnc(Nc4ccc(OCc5cccc(C(F)
1713,0.654006,0.0797,5.89,1300.0,CCCCC(O)CN(C)[C@H]1C[C@@H]2O[C@](C)([C@H]1OC)n1c3c
1714,0.654006,0.0886,5.89,1300.0,CCCCC(O)CN(C)[C@H]1C[C@@H]2O[C@](C)([C@H]1OC)n1c3c
1715,0.995401,0.0759,8.96,1.1,Cc1cc(C(=O)NCCN2CCOCC2)[nH]c1/C=C1\C(=O)Nc2ncnc(Nc
1716,0.552789,0.0820,4.98,10590.0,COc1cc2ncc(C#N)c(Nc3ccc(F)c(Cl)c3)c2cc1NC(=O)/C=C/
1717,0.696401,0.0746,6.27,540.0,CS(=O)(=O)CCNc1nc(-c2ccc3ncnc(Nc4ccc(OCc5cccc(C(F)
1718,0.586101,0.0729,5.27,5310.0,Cc1cc(C(=O)NCCN2CCOCC2)[nH]c1/C=C1\C(=O)N(C)c2ncnc
1719,0.630865,0.0753,5.68,2100.0,COc1cccc(-c2cn(C3CCN(C(=O)OC(C)(C)C)C3)c3ncnc(N)c2
1720,0.654006,0.0869,5.89,1300.0,CCCCC(O)CN(C)[C@H]1C[C@@H]2O[C@](C)([C@H]1OC)n1c3c
1721,0.654006,0.0765,5.89,1300.0,CCCCC(O)CN(C)[C@H]1C[C@@H]2O[C@](C)([C@H]1OC)n1c3c
1722,0.606215,0.0772,5.46,3500.0,CO[C@H]1[C@@H](N(C)C(=O)CNC(=O)OC(C)(C)C)C[C@@H]2O
1723,0.696401,0.0753,6.27,540.0,CS(=O)(=O)CCNc1nc(-c2ccc3ncnc(Nc4ccc(OCc5cccc(C(F)
1724,0.606215,0.0769,5.46,3500.0,CO[C@H]1[C@@H](N(C)C(=O)CNC(=O)OC(C)(C)C)C[C@@H]2O
1725,0.696401,0.0749,6.27,540.0,CS(=O)(=O)CCNc1nc(-c2ccc3ncnc(Nc4ccc(OCc5cccc(C(F)
1726,0.590973,0.0785,5.32,4800.0,CO[C@H]1[C@@H](N(C)C(=O)c2cccc([N+](=O)[O-])c2)C[C
1727,0.590973,0.0812,5.32,4800.0,CO[C@H]1[C@@H](N(C)C(=O)c2cccc([N+](=O)[O-])c2)C[C
1728,0.744330,0.0729,6.70,200.0,CCN(CC)CCNC(=O)c1c(C)[nH]c(/C=C2\C(=O)Nc3ncnc(Nc4c
1729,0.606215,0.0877,5.46,3500.0,CO[C@H]1[C@@H](N(C)C(=O)CNC(=O)OC(C)(C)C)C[C@@H]2O
1730,1.000000,0.0818,9.35,0.5,CCN(CC)CC(O)CNC(=O)c1cc(C)c(/C=C2\C(=O)Nc3ncnc(Nc4
1731,0.606215,0.0889,5.46,3500.0,CO[C@H]1[C@@H](N(C)C(=O)CNC(=O)OC(C)(C)C)C[C@@H]2O
1732,0.606215,0.0779,5.46,3500.0,CO[C@H]1[C@@H](N(C)C(=O)CNC(=O)OC(C)(C)C)C[C@@H]2O
1733,0.586101,0.0754,5.27,5310.0,Cc1cc(C(=O)NCCN2CCOCC2)[nH]c1/C=C1\C(=O)N(C)c2ncnc
1734,0.846643,0.0809,7.62,24.0,CS(=O)(=O)CCNCCCCOc1ccc2ncnc(Nc3ccc4c(cnn4Cc4cccc(
1735,0.453333,0.0747,4.08,83176.4,COc1cc(/C=C(\C#N)C(N)=O)cc(CSc2nc3cc(Cl)ccc3s2)c1O
1736,0.606215,0.0852,5.46,3500.0,CO[C@H]1[C@@H](N(C)C(=O)CNC(=O)OC(C)(C)C)C[C@@H]2O
1737,0.565250,0.0883,5.09,8180.0,CO[C@H]1[C@@H](N(C)C(=O)c2cccnc2)C[C@@H]2O[C@@]1(C
1738,0.561287,0.0713,5.05,8880.0,COc1cccc(-c2ccc3c(c2)NC(=O)/C3=C\c2[nH]c3c(c2CCC(=
1739,0.444444,0.0747,4.00,100000.0,COC(=O)CN1Cc2c(c3c4ccccc4n4c3c3c2c2ccccc2n3[C@]2(C
1740,0.696401,0.0772,6.27,540.0,CS(=O)(=O)CCNc1nc(-c2ccc3ncnc(Nc4ccc(OCc5cccc(C(F)
1741,0.606215,0.0804,5.46,3500.0,CO[C@H]1[C@@H](N(C)C(=O)CNC(=O)OC(C)(C)C)C[C@@H]2O
1742,0.606215,0.0825,5.46,3500.0,CO[C@H]1[C@@H](N(C)C(=O)CNC(=O)OC(C)(C)C)C[C@@H]2O
1743,0.927421,0.0758,8.35,4.5,Cc1cc(C(=O)N2CCOCC2)[nH]c1/C=C1\C(=O)Nc2ncnc(Nc3cc
1744,0.696401,0.0793,6.27,540.0,CS(=O)(=O)CCNc1nc(-c2ccc3ncnc(Nc4ccc(OCc5cccc(C(F)
1745,0.696401,0.0744,6.27,540.0,CS(=O)(=O)CCNc1nc(-c2ccc3ncnc(Nc4ccc(OCc5cccc(C(F)
1746,0.606215,0.0858,5.46,3500.0,CO[C@H]1[C@@H](N(C)C(=O)CNC(=O)OC(C)(C)C)C[C@@H]2O
1747,0.606215,0.0890,5.46,3500.0,CO[C@H]1[C@@H](N(C)C(=O)CNC(=O)OC(C)(C)C)C[C@@H]2O
1748,0.606215,0.0838,5.46,3500.0,CO[C@H]1[C@@H](N(C)C(=O)CNC(=O)OC(C)(C)C)C[C@@H]2O
1749,0.654006,0.0761,5.89,1300.0,CCCCC(O)CN(C)[C@H]1C[C@@H]2O[C@](C)([C@H]1OC)n1c3c
1750,0.606215,0.0757,5.46,3500.0,CO[C@H]1[C@@H](N(C)C(=O)CNC(=O)OC(C)(C)C)C[C@@H]2O
1751,0.606215,0.0847,5.46,3500.0,CO[C@H]1[C@@H](N(C)C(=O)CNC(=O)OC(C)(C)C)C[C@@H]2O
1752,0.606215,0.0854,5.46,3500.0,CO[C@H]1[C@@H](N(C)C(=O)CNC(=O)OC(C)(C)C)C[C@@H]2O
1753,0.606215,0.0798,5.46,3500.0,CO[C@H]1[C@@H](N(C)C(=O)CNC(=O)OC(C)(C)C)C[C@@H]2O
1754,0.606215,0.0863,5.46,3500.0,CO[C@H]1[C@@H](N(C)C(=O)CNC(=O)OC(C)(C)C)C[C@@H]2O
1755,0.606215,0.0758,5.46,3500.0,CO[C@H]1[C@@H](N(C)C(=O)CNC(=O)OC(C)(C)C)C[C@@H]2O
1756,0.606215,0.0861,5.46,3500.0,CO[C@H]1[C@@H](N(C)C(=O)CNC(=O)OC(C)(C)C)C[C@@H]2O
1757,0.654006,0.0861,5.89,1300.0,CCCCC(O)CN(C)[C@H]1C[C@@H]2O[C@](C)([C@H]1OC)n1c3c
1758,0.606215,0.0772,5.46,3500.0,CO[C@H]1[C@@H](N(C)C(=O)CNC(=O)OC(C)(C)C)C[C@@H]2O
1759,0.701089,0.0771,6.31,490.0,COc1cccc(-c2cn(C3CC(CNCCO)C3)c3ncnc(N)c23)c1
1760,0.593027,0.0826,5.34,4600.0,CO[C@H]1[C@@H](N(C)C(=O)c2cccc(Cl)c2)C[C@@H]2O[C@@
1761,0.794305,0.0801,7.15,71.0,CS(=O)(=O)CCNc1nc(-c2ccc3ncnc(Nc4ccc5c(cnn5Cc5cccc
1762,0.590973,0.0881,5.32,4800.0,CO[C@H]1[C@@H](N(C)C(=O)c2cccc([N+](=O)[O-])c2)C[C
1763,0.654006,0.0833,5.89,1300.0,CCCCC(O)CN(C)[C@H]1C[C@@H]2O[C@](C)([C@H]1OC)n1c3c
1764,0.846643,0.0722,7.62,24.0,CS(=O)(=O)CCNCCCCOc1ccc2ncnc(Nc3ccc4c(cnn4Cc4cccc(
1765,0.606215,0.0846,5.46,3500.0,CO[C@H]1[C@@H](N(C)C(=O)CNC(=O)OC(C)(C)C)C[C@@H]2O
1766,0.696401,0.0788,6.27,540.0,CS(=O)(=O)CCNc1nc(-c2ccc3ncnc(Nc4ccc(OCc5cccc(C(F)
1767,0.794305,0.0840,7.15,71.0,CS(=O)(=O)CCNc1nc(-c2ccc3ncnc(Nc4ccc5c(cnn5Cc5cccc
1768,0.654006,0.0833,5.89,1300.0,CCCCC(O)CN(C)[C@H]1C[C@@H]2O[C@](C)([C@H]1OC)n1c3c
1769,0.606215,0.0828,5.46,3500.0,CO[C@H]1[C@@H](N(C)C(=O)CNC(=O)OC(C)(C)C)C[C@@H]2O
1770,0.606215,0.0774,5.46,3500.0,CO[C@H]1[C@@H](N(C)C(=O)CNC(=O)OC(C)(C)C)C[C@@H]2O
1771,0.654006,0.0761,5.89,1300.0,CCCCC(O)CN(C)[C@H]1C[C@@H]2O[C@](C)([C@H]1OC)n1c3c
1772,0.606215,0.0883,5.46,3500.0,CO[C@H]1[C@@H](N(C)C(=O)CNC(=O)OC(C)(C)C)C[C@@H]2O
1773,0.927421,0.0874,8.35,4.5,Cc1cc(C(=O)N2CCOCC2)[nH]c1/C=C1\C(=O)Nc2ncnc(Nc3cc
1774,0.654006,0.0853,5.89,1300.0,CCCCC(O)CN(C)[C@H]1C[C@@H]2O[C@](C)([C@H]1OC)n1c3c
1775,0.606215,0.0889,5.46,3500.0,CO[C@H]1[C@@H](N(C)C(=O)CNC(=O)OC(C)(C)C)C[C@@H]2O
1776,0.654006,0.0863,5.89,1300.0,CCCCC(O)CN(C)[C@H]1C[C@@H]2O[C@](C)([C@H]1OC)n1c3c
1777,0.654006,0.0851,5.89,1300.0,CCCCC(O)CN(C)[C@H]1C[C@@H]2O[C@](C)([C@H]1OC)n1c3c
1778,0.888889,0.0754,8.00,10.0,CS(=O)(=O)CCNCc1ccc(-c2ccc3ncnc(Nc4ccc(OCc5cccc(F)
1779,0.696401,0.0820,6.27,540.0,CS(=O)(=O)CCNc1nc(-c2ccc3ncnc(Nc4ccc(OCc5cccc(C(F)
1780,0.619822,0.0812,5.58,2640.0,CN(C)C/C=C/C(=O)Nc1cc2c(Nc3ccc(F)c(Cl)c3)c(C#N)cnc
1781,0.606215,0.0842,5.46,3500.0,CO[C@H]1[C@@H](N(C)C(=O)CNC(=O)OC(C)(C)C)C[C@@H]2O
1782,0.606215,0.0785,5.46,3500.0,CO[C@H]1[C@@H](N(C)C(=O)CNC(=O)OC(C)(C)C)C[C@@H]2O
1783,0.995401,0.0850,8.96,1.1,Cc1cc(C(=O)NCCN2CCOCC2)[nH]c1/C=C1\C(=O)Nc2ncnc(Nc
1784,0.606215,0.0856,5.46,3500.0,CO[C@H]1[C@@H](N(C)C(=O)CNC(=O)OC(C)(C)C)C[C@@H]2O
1785,0.552789,0.0844,4.98,10590.0,COc1cc2ncc(C#N)c(Nc3ccc(F)c(Cl)c3)c2cc1NC(=O)/C=C/
1786,0.444444,0.0820,4.00,100000.0,CO[C@H]1[C@@H](N(C)C(=O)c2ccccc2)C[C@@H]2O[C@@]1(C
1787,0.590573,0.0810,5.32,4840.0,CCN(CC)C(C)/C=C/C(=O)Nc1cc2c(Nc3ccc(F)c(Cl)c3)c(C#
1788,0.654006,0.0803,5.89,1300.0,CCCCC(O)CN(C)[C@H]1C[C@@H]2O[C@](C)([C@H]1OC)n1c3c
1789,0.606215,0.0781,5.46,3500.0,CO[C@H]1[C@@H](N(C)C(=O)CNC(=O)OC(C)(C)C)C[C@@H]2O
1790,0.552789,0.0845,4.98,10590.0,COc1cc2ncc(C#N)c(Nc3ccc(F)c(Cl)c3)c2cc1NC(=O)/C=C/
1791,0.654006,0.0860,5.89,1300.0,CCCCC(O)CN(C)[C@H]1C[C@@H]2O[C@](C)([C@H]1OC)n1c3c
1792,0.860525,0.0732,7.74,18.0,C#Cc1cccc(Nc2ncnc3c2/C(=C/c2[nH]c(C(=O)NCCN4CCOCC4
1793,0.888889,0.0783,8.00,10.0,CS(=O)(=O)CCNCc1ccc(-c2ccc3ncnc(Nc4ccc(OCc5cccc(F)
1794,0.654006,0.0821,5.89,1300.0,CCCCC(O)CN(C)[C@H]1C[C@@H]2O[C@](C)([C@H]1OC)n1c3c
1795,0.744330,0.0825,6.70,200.0,CCN(CC)CCNC(=O)c1c(C)[nH]c(/C=C2\C(=O)Nc3ncnc(Nc4c
1796,0.453333,0.0745,4.08,83176.4,COc1cc(/C=C(\C#N)C(N)=O)cc(CSc2nc3cc(Cl)ccc3s2)c1O
1797,0.971636,0.0835,8.74,1.8,Cc1cc(C(=O)N2CCOCC2)[nH]c1/C=C1\C(=O)Nc2ncnc(Nc3cc
1798,0.995401,0.0764,8.96,1.1,Cc1cc(C(=O)NCCN2CCOCC2)[nH]c1/C=C1\C(=O)Nc2ncnc(Nc
1799,0.606215,0.0852,5.46,3500.0,CO[C@H]1[C@@H](N(C)C(=O)CNC(=O)OC(C)(C)C)C[C@@H]2O
1800,0.654006,0.0832,5.89,1300.0,CCCCC(O)CN(C)[C@H]1C[C@@H]2O[C@](C)([C@H]1OC)n1c3c
1801,0.888889,0.0790,8.00,10.0,CS(=O)(=O)CCNCc1ccc(-c2ccc3ncnc(Nc4ccc(OCc5cccc(F)
1802,0.590973,0.0820,5.32,4800.0,CO[C@H]1[C@@H](N(C)C(=O)c2cccc([N+](=O)[O-])c2)C[C
1803,0.444444,0.0764,4.00,100000.0,COC(=O)CN1Cc2c(c3c4ccccc4n4c3c3c2c2ccccc2n3[C@]2(C
1804,0.995401,0.0786,8.96,1.1,Cc1cc(C(=O)NCCN2CCOCC2)[nH]c1/C=C1\C(=O)Nc2ncnc(Nc
1805,0.586101,0.0772,5.27,5310.0,Cc1cc(C(=O)NCCN2CCOCC2)[nH]c1/C=C1\C(=O)N(C)c2ncnc
1806,0.593027,0.0810,5.34,4600.0,CO[C@H]1[C@@H](N(C)C(=O)c2cccc(Cl)c2)C[C@@H]2O[C@@
1807,0.590573,0.0735,5.32,4840.0,CCN(CC)C(C)/C=C/C(=O)Nc1cc2c(Nc3ccc(F)c(Cl)c3)c(C#
1808,0.565250,0.0759,5.09,8180.0,CO[C@H]1[C@@H](N(C)C(=O)c2cnccn2)C[C@@H]2O[C@@]1(C
1809,0.590573,0.0815,5.32,4840.0,CCN(CC)C(C)/C=C/C(=O)Nc1cc2c(Nc3ccc(F)c(Cl)c3)c(C#
1810,0.995401,0.0811,8.96,1.1,Cc1cc(C(=O)NCCN2CCOCC2)[nH]c1/C=C1\C(=O)Nc2ncnc(Nc
1811,0.606215,0.0800,5.46,3500.0,CO[C@H]1[C@@H](N(C)C(=O)CNC(=O)OC(C)(C)C)C[C@@H]2O
1812,0.586667,0.0769,5.28,5248.1,COc1cc(/C=C(\C#N)C(N)=O)cc(CSc2nc3ccccc3o2)c1O
1813,0.696401,0.0739,6.27,540.0,CS(=O)(=O)CCNc1nc(-c2ccc3ncnc(Nc4ccc(OCc5cccc(C(F)
1814,0.654006,0.0809,5.89,1300.0,CCCCC(O)CN(C)[C@H]1C[C@@H]2O[C@](C)([C@H]1OC)n1c3c
1815,0.696401,0.0751,6.27,540.0,CS(=O)(=O)CCNc1nc(-c2ccc3ncnc(Nc4ccc(OCc5cccc(C(F)
1816,0.888889,0.0836,8.00,10.0,CS(=O)(=O)CCNCc1ccc(-c2ccc3ncnc(Nc4ccc(OCc5cccc(F)
1817,0.606215,0.0862,5.46,3500.0,CO[C@H]1[C@@H](N(C)C(=O)CNC(=O)OC(C)(C)C)C[C@@H]2O
1818,0.606215,0.0840,5.46,3500.0,CO[C@H]1[C@@H](N(C)C(=O)CNC(=O)OC(C)(C)C)C[C@@H]2O
1819,0.606215,0.0776,5.46,3500.0,CO[C@H]1[C@@H](N(C)C(=O)CNC(=O)OC(C)(C)C)C[C@@H]2O
1820,0.606215,0.0866,5.46,3500.0,CO[C@H]1[C@@H](N(C)C(=O)CNC(=O)OC(C)(C)C)C[C@@H]2O
1821,0.927421,0.0706,8.35,4.5,Cc1cc(C(=O)N2CCOCC2)[nH]c1/C=C1\C(=O)Nc2ncnc(Nc3cc
1822,0.590973,0.0777,5.32,4800.0,CO[C@H]1[C@@H](N(C)C(=O)c2cccc([N+](=O)[O-])c2)C[C
1823,0.606215,0.0829,5.46,3500.0,CO[C@H]1[C@@H](N(C)C(=O)CNC(=O)OC(C)(C)C)C[C@@H]2O
1824,0.606215,0.0861,5.46,3500.0,CO[C@H]1[C@@H](N(C)C(=O)CNC(=O)OC(C)(C)C)C[C@@H]2O
1825,0.731116,0.0785,6.58,263.0,CS(=O)(=O)CCN(CCCCOc1ccc2ncnc(Nc3ccc(OCc4ccccc4)cc
1826,0.654006,0.0771,5.89,1300.0,CCCCC(O)CN(C)[C@H]1C[C@@H]2O[C@](C)([C@H]1OC)n1c3c
1827,0.606215,0.0807,5.46,3500.0,CO[C@H]1[C@@H](N(C)C(=O)CNC(=O)OC(C)(C)C)C[C@@H]2O
1828,0.654006,0.0916,5.89,1300.0,CCCCC(O)CN(C)[C@H]1C[C@@H]2O[C@](C)([C@H]1OC)n1c3c
1829,0.654006,0.0741,5.89,1300.0,CCCCC(O)CN(C)[C@H]1C[C@@H]2O[C@](C)([C@H]1OC)n1c3c
1830,0.590973,0.0776,5.32,4800.0,CO[C@H]1[C@@H](N(C)C(=O)c2cccc([N+](=O)[O-])c2)C[C
1831,0.888889,0.0855,8.00,10.0,CS(=O)(=O)CCNCc1ccc(-c2ccc3ncnc(Nc4ccc(OCc5cccc(F)
1832,0.444444,0.0776,4.00,100000.0,COC(=O)CN1Cc2c(c3c4ccccc4n4c3c3c2c2ccccc2n3[C@]2(C
1833,0.606215,0.0875,5.46,3500.0,CO[C@H]1[C@@H](N(C)C(=O)CNC(=O)OC(C)(C)C)C[C@@H]2O
1834,0.606215,0.0830,5.46,3500.0,CO[C@H]1[C@@H](N(C)C(=O)CNC(=O)OC(C)(C)C)C[C@@H]2O
1835,0.552789,0.0773,4.98,10590.0,COc1cc2ncc(C#N)c(Nc3ccc(F)c(Cl)c3)c2cc1NC(=O)/C=C/
1836,0.606215,0.0850,5.46,3500.0,CO[C@H]1[C@@H](N(C)C(=O)CNC(=O)OC(C)(C)C)C[C@@H]2O
1837,0.453333,0.0787,4.08,83176.4,COc1cc(/C=C(\C#N)C(N)=O)cc(CSc2nc3cc(Cl)ccc3s2)c1O
1838,0.606215,0.0853,5.46,3500.0,CO[C@H]1[C@@H](N(C)C(=O)CNC(=O)OC(C)(C)C)C[C@@H]2O
1839,0.606215,0.0814,5.46,3500.0,CO[C@H]1[C@@H](N(C)C(=O)CNC(=O)OC(C)(C)C)C[C@@H]2O
1840,0.654006,0.0802,5.89,1300.0,CCCCC(O)CN(C)[C@H]1C[C@@H]2O[C@](C)([C@H]1OC)n1c3c
1841,0.590973,0.0818,5.32,4800.0,CO[C@H]1[C@@H](N(C)C(=O)c2cccc([N+](=O)[O-])c2)C[C
1842,0.444444,0.0871,4.00,100000.0,CO[C@H]1[C@@H](N(C)C(=O)c2ccccc2)C[C@@H]2O[C@@]1(C
1843,0.606215,0.0831,5.46,3500.0,CO[C@H]1[C@@H](N(C)C(=O)CNC(=O)OC(C)(C)C)C[C@@H]2O
1844,0.654006,0.0815,5.89,1300.0,CCCCC(O)CN(C)[C@H]1C[C@@H]2O[C@](C)([C@H]1OC)n1c3c
1845,0.606215,0.0852,5.46,3500.0,CO[C@H]1[C@@H](N(C)C(=O)CNC(=O)OC(C)(C)C)C[C@@H]2O
1846,0.696401,0.0776,6.27,540.0,CS(=O)(=O)CCNc1nc(-c2ccc3ncnc(Nc4ccc(OCc5cccc(C(F)
1847,0.654006,0.0890,5.89,1300.0,CCCCC(O)CN(C)[C@H]1C[C@@H]2O[C@](C)([C@H]1OC)n1c3c
1848,0.606215,0.0840,5.46,3500.0,CO[C@H]1[C@@H](N(C)C(=O)CNC(=O)OC(C)(C)C)C[C@@H]2O
1849,0.552789,0.0842,4.98,10590.0,COc1cc2ncc(C#N)c(Nc3ccc(F)c(Cl)c3)c2cc1NC(=O)/C=C/
1850,0.606215,0.0922,5.46,3500.0,CO[C@H]1[C@@H](N(C)C(=O)CNC(=O)OC(C)(C)C)C[C@@H]2O
1851,0.606215,0.0894,5.46,3500.0,CO[C@H]1[C@@H](N(C)C(=O)CNC(=O)OC(C)(C)C)C[C@@H]2O
1852,0.654006,0.0819,5.89,1300.0,CCCCC(O)CN(C)[C@H]1C[C@@H]2O[C@](C)([C@H]1OC)n1c3c
1853,0.590573,0.0751,5.32,4840.0,CCN(CC)C(C)/C=C/C(=O)Nc1cc2c(Nc3ccc(F)c(Cl)c3)c(C#
1854,0.606215,0.0881,5.46,3500.0,CO[C@H]1[C@@H](N(C)C(=O)CNC(=O)OC(C)(C)C)C[C@@H]2O
1855,0.606215,0.0883,5.46,3500.0,CO[C@H]1[C@@H](N(C)C(=O)CNC(=O)OC(C)(C)C)C[C@@H]2O
1856,0.696401,0.0709,6.27,540.0,CS(=O)(=O)CCNc1nc(-c2ccc3ncnc(Nc4ccc(OCc5cccc(C(F)
1857,0.606215,0.0824,5.46,3500.0,CO[C@H]1[C@@H](N(C)C(=O)CNC(=O)OC(C)(C)C)C[C@@H]2O
1858,0.696401,0.0789,6.27,540.0,CS(=O)(=O)CCNc1nc(-c2ccc3ncnc(Nc4ccc(OCc5cccc(C(F)
1859,0.552789,0.0846,4.98,10590.0,COc1cc2ncc(C#N)c(Nc3ccc(F)c(Cl)c3)c2cc1NC(=O)/C=C/
1860,0.619822,0.0830,5.58,2640.0,CN(C)C/C=C/C(=O)Nc1cc2c(Nc3ccc(F)c(Cl)c3)c(C#N)cnc
1861,0.606215,0.0919,5.46,3500.0,CO[C@H]1[C@@H](N(C)C(=O)CNC(=O)OC(C)(C)C)C[C@@H]2O
1862,0.654006,0.0869,5.89,1300.0,CCCCC(O)CN(C)[C@H]1C[C@@H]2O[C@](C)([C@H]1OC)n1c3c
1863,0.606215,0.0841,5.46,3500.0,CO[C@H]1[C@@H](N(C)C(=O)CNC(=O)OC(C)(C)C)C[C@@H]2O
1864,0.995401,0.0772,8.96,1.1,Cc1cc(C(=O)NCCN2CCOCC2)[nH]c1/C=C1\C(=O)Nc2ncnc(Nc
1865,0.654006,0.0895,5.89,1300.0,CCCCC(O)CN(C)[C@H]1C[C@@H]2O[C@](C)([C@H]1OC)n1c3c
1866,0.590573,0.0818,5.32,4840.0,CCN(CC)C(C)/C=C/C(=O)Nc1cc2c(Nc3ccc(F)c(Cl)c3)c(C#
1867,0.590573,0.0749,5.32,4840.0,CCN(CC)C(C)/C=C/C(=O)Nc1cc2c(Nc3ccc(F)c(Cl)c3)c(C#
1868,1.000000,0.0779,9.35,0.5,CCN(CC)CC(O)CNC(=O)c1cc(C)c(/C=C2\C(=O)Nc3ncnc(Nc4
1869,0.606215,0.0789,5.46,3500.0,CO[C@H]1[C@@H](N(C)C(=O)CNC(=O)OC(C)(C)C)C[C@@H]2O
1870,0.606215,0.0815,5.46,3500.0,CO[C@H]1[C@@H](N(C)C(=O)CNC(=O)OC(C)(C)C)C[C@@H]2O
1871,1.000000,0.0827,9.35,0.5,CCN(CC)CC(O)CNC(=O)c1cc(C)c(/C=C2\C(=O)Nc3ncnc(Nc4
1872,1.000000,0.0744,9.35,0.5,CCN(CC)CC(O)CNC(=O)c1cc(C)c(/C=C2\C(=O)Nc3ncnc(Nc4
1873,0.606215,0.0748,5.46,3500.0,CO[C@H]1[C@@H](N(C)C(=O)CNC(=O)OC(C)(C)C)C[C@@H]2O
1874,0.794305,0.0677,7.15,71.0,CS(=O)(=O)CCNc1nc(-c2ccc3ncnc(Nc4ccc5c(cnn5Cc5cccc
1875,0.606215,0.0799,5.46,3500.0,CO[C@H]1[C@@H](N(C)C(=O)CNC(=O)OC(C)(C)C)C[C@@H]2O
1876,0.794305,0.0785,7.15,71.0,CS(=O)(=O)CCNc1nc(-c2ccc3ncnc(Nc4ccc5c(cnn5Cc5cccc
1877,0.654006,0.0896,5.89,1300.0,CCCCC(O)CN(C)[C@H]1C[C@@H]2O[C@](C)([C@H]1OC)n1c3c
1878,0.606215,0.0799,5.46,3500.0,CO[C@H]1[C@@H](N(C)C(=O)CNC(=O)OC(C)(C)C)C[C@@H]2O
1879,0.654006,0.0855,5.89,1300.0,CCCCC(O)CN(C)[C@H]1C[C@@H]2O[C@](C)([C@H]1OC)n1c3c
1880,0.654006,0.0730,5.89,1300.0,CCCCC(O)CN(C)[C@H]1C[C@@H]2O[C@](C)([C@H]1OC)n1c3c
1881,0.995401,0.0824,8.96,1.1,Cc1cc(C(=O)NCCN2CCOCC2)[nH]c1/C=C1\C(=O)Nc2ncnc(Nc
1882,0.606215,0.0887,5.46,3500.0,CO[C@H]1[C@@H](N(C)C(=O)CNC(=O)OC(C)(C)C)C[C@@H]2O
1883,0.696401,0.0829,6.27,540.0,CS(=O)(=O)CCNc1nc(-c2ccc3ncnc(Nc4ccc(OCc5cccc(C(F)
1884,0.995401,0.0829,8.96,1.1,Cc1cc(C(=O)NCCN2CCOCC2)[nH]c1/C=C1\C(=O)Nc2ncnc(Nc
1885,0.606215,0.0774,5.46,3500.0,CO[C@H]1[C@@H](N(C)C(=O)CNC(=O)OC(C)(C)C)C[C@@H]2O
1886,0.654006,0.0794,5.89,1300.0,CCCCC(O)CN(C)[C@H]1C[C@@H]2O[C@](C)([C@H]1OC)n1c3c
1887,0.606215,0.0895,5.46,3500.0,CO[C@H]1[C@@H](N(C)C(=O)CNC(=O)OC(C)(C)C)C[C@@H]2O
1888,0.606215,0.0875,5.46,3500.0,CO[C@H]1[C@@H](N(C)C(=O)CNC(=O)OC(C)(C)C)C[C@@H]2O
1889,0.590573,0.0755,5.32,4840.0,CCN(CC)C(C)/C=C/C(=O)Nc1cc2c(Nc3ccc(F)c(Cl)c3)c(C#
1890,0.788546,0.0705,7.10,80.0,C=CC(=O)Nc1cc2c(Nc3ccc(F)c(Cl)c3)c(C#N)cnc2cc1OCCC
1891,0.552789,0.0823,4.98,10590.0,COc1cc2ncc(C#N)c(Nc3ccc(F)c(Cl)c3)c2cc1NC(=O)/C=C/
1892,0.995401,0.0838,8.96,1.1,Cc1cc(C(=O)NCCN2CCOCC2)[nH]c1/C=C1\C(=O)Nc2ncnc(Nc
1893,0.654006,0.0821,5.89,1300.0,CCCCC(O)CN(C)[C@H]1C[C@@H]2O[C@](C)([C@H]1OC)n1c3c
1894,0.654006,0.0858,5.89,1300.0,CCCCC(O)CN(C)[C@H]1C[C@@H]2O[C@](C)([C@H]1OC)n1c3c
1895,0.914350,0.0777,8.23,5.9,Cc1cc(C(=O)N2CC(C)NC(C)C2)[nH]c1/C=C1\C(=O)Nc2ncnc
1896,0.606215,0.0789,5.46,3500.0,CO[C@H]1[C@@H](N(C)C(=O)CNC(=O)OC(C)(C)C)C[C@@H]2O
1897,0.654006,0.0882,5.89,1300.0,CCCCC(O)CN(C)[C@H]1C[C@@H]2O[C@](C)([C@H]1OC)n1c3c
1898,0.696401,0.0792,6.27,540.0,CS(=O)(=O)CCNc1nc(-c2ccc3ncnc(Nc4ccc(OCc5cccc(C(F)
1899,0.565250,0.0784,5.09,8180.0,CO[C@H]1[C@@H](N(C)C(=O)c2cccnc2)C[C@@H]2O[C@@]1(C
1900,0.444444,0.0733,4.00,100000.0,CO[C@H]1[C@@H](N(C)C(=O)c2ccccc2)C[C@@H]2O[C@@]1(C
1901,0.888889,0.0755,8.00,10.0,CS(=O)(=O)CCNc1nc(-c2ccc3ncnc(Nc4ccc(OCc5cccc(F)c5
1902,0.927421,0.0800,8.35,4.5,Cc1cc(C(=O)N2CCOCC2)[nH]c1/C=C1\C(=O)Nc2ncnc(Nc3cc
1903,0.606215,0.0742,5.46,3500.0,CO[C@H]1[C@@H](N(C)C(=O)CNC(=O)OC(C)(C)C)C[C@@H]2O
1904,0.606215,0.0857,5.46,3500.0,CO[C@H]1[C@@H](N(C)C(=O)CNC(=O)OC(C)(C)C)C[C@@H]2O
1905,0.606215,0.0928,5.46,3500.0,CO[C@H]1[C@@H](N(C)C(=O)CNC(=O)OC(C)(C)C)C[C@@H]2O
1906,0.794305,0.0777,7.15,71.0,CS(=O)(=O)CCNc1nc(-c2ccc3ncnc(Nc4ccc5c(cnn5Cc5cccc
1907,0.590973,0.0771,5.32,4800.0,CO[C@H]1[C@@H](N(C)C(=O)c2cccc([N+](=O)[O-])c2)C[C
1908,0.995401,0.0776,8.96,1.1,Cc1cc(C(=O)NCCN2CCOCC2)[nH]c1/C=C1\C(=O)Nc2ncnc(Nc
1909,0.552789,0.0808,4.98,10590.0,COc1cc2ncc(C#N)c(Nc3ccc(F)c(Cl)c3)c2cc1NC(=O)/C=C/
1910,0.654006,0.0712,5.89,1300.0,CCCCC(O)CN(C)[C@H]1C[C@@H]2O[C@](C)([C@H]1OC)n1c3c
1911,0.696401,0.0799,6.27,540.0,CS(=O)(=O)CCNc1nc(-c2ccc3ncnc(Nc4ccc(OCc5cccc(C(F)
1912,0.670169,0.0818,6.03,930.0,COCCN(C)CCN1CCC(n2cc(-c3cccc(OC)c3)c3c(N)ncnc32)CC
1913,0.696401,0.0779,6.27,540.0,CS(=O)(=O)CCNc1nc(-c2ccc3ncnc(Nc4ccc(OCc5cccc(C(F)
1914,1.000000,0.0761,9.35,0.5,CCN(CC)CC(O)CNC(=O)c1cc(C)c(/C=C2\C(=O)Nc3ncnc(Nc4
1915,0.654006,0.0772,5.89,1300.0,CCCCC(O)CN(C)[C@H]1C[C@@H]2O[C@](C)([C@H]1OC)n1c3c
1916,0.606215,0.0772,5.46,3500.0,CO[C@H]1[C@@H](N(C)C(=O)CNC(=O)OC(C)(C)C)C[C@@H]2O
1917,0.654006,0.0871,5.89,1300.0,CCCCC(O)CN(C)[C@H]1C[C@@H]2O[C@](C)([C@H]1OC)n1c3c
1918,0.696401,0.0780,6.27,540.0,CS(=O)(=O)CCNc1nc(-c2ccc3ncnc(Nc4ccc(OCc5cccc(C(F)
1919,0.590973,0.0915,5.32,4800.0,CO[C@H]1[C@@H](N(C)C(=O)c2cccc([N+](=O)[O-])c2)C[C
1920,0.619822,0.0825,5.58,2640.0,CN(C)C/C=C/C(=O)Nc1cc2c(Nc3ccc(F)c(Cl)c3)c(C#N)cnc
1921,0.995401,0.0833,8.96,1.1,Cc1cc(C(=O)NCCN2CCOCC2)[nH]c1/C=C1\C(=O)Nc2ncnc(Nc
1922,0.552789,0.0799,4.98,10590.0,COc1cc2ncc(C#N)c(Nc3ccc(F)c(Cl)c3)c2cc1NC(=O)/C=C/
1923,1.000000,0.0749,9.35,0.5,CCN(CC)CC(O)CNC(=O)c1cc(C)c(/C=C2\C(=O)Nc3ncnc(Nc4
1924,0.606215,0.0794,5.46,3500.0,CO[C@H]1[C@@H](N(C)C(=O)CNC(=O)OC(C)(C)C)C[C@@H]2O
1925,0.794305,0.0884,7.15,71.0,CS(=O)(=O)CCNc1nc(-c2ccc3ncnc(Nc4ccc5c(cnn5Cc5cccc
1926,0.995401,0.0825,8.96,1.1,Cc1cc(C(=O)NCCN2CCOCC2)[nH]c1/C=C1\C(=O)Nc2ncnc(Nc
1927,0.654006,0.0820,5.89,1300.0,CCCCC(O)CN(C)[C@H]1C[C@@H]2O[C@](C)([C@H]1OC)n1c3c
1928,0.586101,0.0818,5.27,5310.0,Cc1cc(C(=O)NCCN2CCOCC2)[nH]c1/C=C1\C(=O)N(C)c2ncnc
1929,0.725575,0.0726,6.53,295.0,COc1cccc(-c2cn(C3CCN(CCN(C)CCO)CC3)c3ncnc(N)c23)c1
1930,0.876229,0.0743,7.89,13.0,CCN1CCN(C(=O)c2cc(C)c(/C=C3\C(=O)Nc4ncnc(Nc5ccc(F)
1931,0.453333,0.0771,4.08,83176.4,COc1cc(/C=C(\C#N)C(N)=O)cc(CSc2nc3cc(Cl)ccc3s2)c1O
1932,0.552789,0.0791,4.98,10590.0,COc1cc2ncc(C#N)c(Nc3ccc(F)c(Cl)c3)c2cc1NC(=O)/C=C/
1933,0.552789,0.0768,4.98,10590.0,COc1cc2ncc(C#N)c(Nc3ccc(F)c(Cl)c3)c2cc1NC(=O)/C=C/
1934,0.696401,0.0755,6.27,540.0,CS(=O)(=O)CCNc1nc(-c2ccc3ncnc(Nc4ccc(OCc5cccc(C(F)
1935,0.606215,0.0818,5.46,3500.0,CO[C@H]1[C@@H](N(C)C(=O)CNC(=O)OC(C)(C)C)C[C@@H]2O
1936,0.654006,0.0819,5.89,1300.0,CCCCC(O)CN(C)[C@H]1C[C@@H]2O[C@](C)([C@H]1OC)n1c3c
1937,0.995401,0.0801,8.96,1.1,Cc1cc(C(=O)NCCN2CCOCC2)[nH]c1/C=C1\C(=O)Nc2ncnc(Nc
1938,0.995401,0.0871,8.96,1.1,Cc1cc(C(=O)NCCN2CCOCC2)[nH]c1/C=C1\C(=O)Nc2ncnc(Nc
1939,0.696401,0.0883,6.27,540.0,CS(=O)(=O)CCNc1nc(-c2ccc3ncnc(Nc4ccc(OCc5cccc(C(F)
1940,0.860525,0.0784,7.74,18.0,C#Cc1cccc(Nc2ncnc3c2/C(=C/c2[nH]c(C(=O)NCCN4CCOCC4
1941,0.971636,0.0794,8.74,1.8,Cc1cc(C(=O)N2CCOCC2)[nH]c1/C=C1\C(=O)Nc2ncnc(Nc3cc
1942,0.606215,0.0840,5.46,3500.0,CO[C@H]1[C@@H](N(C)C(=O)CNC(=O)OC(C)(C)C)C[C@@H]2O
1943,0.654006,0.0808,5.89,1300.0,CCCCC(O)CN(C)[C@H]1C[C@@H]2O[C@](C)([C@H]1OC)n1c3c
1944,0.606215,0.0799,5.46,3500.0,CO[C@H]1[C@@H](N(C)C(=O)CNC(=O)OC(C)(C)C)C[C@@H]2O
1945,0.606215,0.0823,5.46,3500.0,CO[C@H]1[C@@H](N(C)C(=O)CNC(=O)OC(C)(C)C)C[C@@H]2O
1946,0.606215,0.0888,5.46,3500.0,CO[C@H]1[C@@H](N(C)C(=O)CNC(=O)OC(C)(C)C)C[C@@H]2O
1947,0.565250,0.0774,5.09,8180.0,CO[C@H]1[C@@H](N(C)C(=O)c2cccnc2)C[C@@H]2O[C@@]1(C
1948,0.606215,0.0847,5.46,3500.0,CO[C@H]1[C@@H](N(C)C(=O)CNC(=O)OC(C)(C)C)C[C@@H]2O
1949,0.552789,0.0735,4.98,10590.0,COc1cc2ncc(C#N)c(Nc3ccc(F)c(Cl)c3)c2cc1NC(=O)/C=C/
1950,0.444444,0.0803,4.00,100000.0,COC(=O)CN1Cc2c(c3c4ccccc4n4c3c3c2c2ccccc2n3[C@]2(C
1951,0.888889,0.0755,8.00,10.0,CS(=O)(=O)CCNCc1ccc(-c2ccc3ncnc(Nc4ccc(OCc5cccc(F)
1952,0.654006,0.0783,5.89,1300.0,CCCCC(O)CN(C)[C@H]1C[C@@H]2O[C@](C)([C@H]1OC)n1c3c
1953,0.654006,0.0814,5.89,1300.0,CCCCC(O)CN(C)[C@H]1C[C@@H]2O[C@](C)([C@H]1OC)n1c3c
1954,0.606215,0.0893,5.46,3500.0,CO[C@H]1[C@@H](N(C)C(=O)CNC(=O)OC(C)(C)C)C[C@@H]2O
1955,0.552789,0.0872,4.98,10590.0,COc1cc2ncc(C#N)c(Nc3ccc(F)c(Cl)c3)c2cc1NC(=O)/C=C/
1956,0.980434,0.0739,8.82,1.5,C=CC(=O)Nc1cc2c(Nc3ccc(F)c(Cl)c3)ncnc2cc1OCCCN1CCO
1957,0.444444,0.0764,4.00,100000.0,CO[C@H]1[C@@H](N(C)C(=O)c2ccccc2)C[C@@H]2O[C@@]1(C
1958,0.654006,0.0816,5.89,1300.0,CCCCC(O)CN(C)[C@H]1C[C@@H]2O[C@](C)([C@H]1OC)n1c3c
1959,0.654006,0.0841,5.89,1300.0,CCCCC(O)CN(C)[C@H]1C[C@@H]2O[C@](C)([C@H]1OC)n1c3c
1960,0.552789,0.0800,4.98,10590.0,COc1cc2ncc(C#N)c(Nc3ccc(F)c(Cl)c3)c2cc1NC(=O)/C=C/
1961,0.654006,0.0860,5.89,1300.0,CCCCC(O)CN(C)[C@H]1C[C@@H]2O[C@](C)([C@H]1OC)n1c3c
1962,0.696401,0.0805,6.27,540.0,CS(=O)(=O)CCNc1nc(-c2ccc3ncnc(Nc4ccc(OCc5cccc(C(F)
1963,0.606215,0.0880,5.46,3500.0,CO[C@H]1[C@@H](N(C)C(=O)CNC(=O)OC(C)(C)C)C[C@@H]2O
1964,0.654006,0.0808,5.89,1300.0,CCCCC(O)CN(C)[C@H]1C[C@@H]2O[C@](C)([C@H]1OC)n1c3c
1965,0.590573,0.0767,5.32,4840.0,CCN(CC)C(C)/C=C/C(=O)Nc1cc2c(Nc3ccc(F)c(Cl)c3)c(C#
1966,0.453333,0.0766,4.08,83176.4,COc1cc(/C=C(\C#N)C(N)=O)cc(CSc2nc3cc(Cl)ccc3s2)c1O
1967,0.565250,0.0830,5.09,8180.0,CO[C@H]1[C@@H](N(C)C(=O)c2cnccn2)C[C@@H]2O[C@@]1(C
1968,0.995401,0.0879,8.96,1.1,Cc1cc(C(=O)NCCN2CCOCC2)[nH]c1/C=C1\C(=O)Nc2ncnc(Nc
1969,0.971636,0.0755,8.74,1.8,Cc1cc(C(=O)N2CCOCC2)[nH]c1/C=C1\C(=O)Nc2ncnc(Nc3cc
1970,0.654006,0.0844,5.89,1300.0,CCCCC(O)CN(C)[C@H]1C[C@@H]2O[C@](C)([C@H]1OC)n1c3c
1971,0.654006,0.0850,5.89,1300.0,CCCCC(O)CN(C)[C@H]1C[C@@H]2O[C@](C)([C@H]1OC)n1c3c
1972,0.606215,0.0900,5.46,3500.0,CO[C@H]1[C@@H](N(C)C(=O)CNC(=O)OC(C)(C)C)C[C@@H]2O
1973,0.606215,0.0768,5.46,3500.0,CO[C@H]1[C@@H](N(C)C(=O)CNC(=O)OC(C)(C)C)C[C@@H]2O
1974,0.654006,0.0692,5.89,1300.0,CCCCC(O)CN(C)[C@H]1C[C@@H]2O[C@](C)([C@H]1OC)n1c3c
1975,0.590573,0.0807,5.32,4840.0,CCN(CC)C(C)/C=C/C(=O)Nc1cc2c(Nc3ccc(F)c(Cl)c3)c(C#
1976,0.888889,0.0767,8.00,10.0,CS(=O)(=O)CCNCc1ccc(-c2ccc3ncnc(Nc4ccc(OCc5cccc(F)
1977,0.606215,0.0906,5.46,3500.0,CO[C@H]1[C@@H](N(C)C(=O)CNC(=O)OC(C)(C)C)C[C@@H]2O
1978,0.590973,0.0850,5.32,4800.0,CO[C@H]1[C@@H](N(C)C(=O)c2cccc([N+](=O)[O-])c2)C[C
1979,0.606215,0.0913,5.46,3500.0,CO[C@H]1[C@@H](N(C)C(=O)CNC(=O)OC(C)(C)C)C[C@@H]2O
1980,0.995401,0.0768,8.96,1.1,Cc1cc(C(=O)NCCN2CCOCC2)[nH]c1/C=C1\C(=O)Nc2ncnc(Nc
1981,0.606215,0.0742,5.46,3500.0,CO[C@H]1[C@@H](N(C)C(=O)CNC(=O)OC(C)(C)C)C[C@@H]2O
1982,0.654006,0.0890,5.89,1300.0,CCCCC(O)CN(C)[C@H]1C[C@@H]2O[C@](C)([C@H]1OC)n1c3c
1983,0.420000,0.0784,3.78,165958.8,CCOc1ccc2sc(SCc3cc(/C=C(\C#N)C(N)=O)cc(OC)c3O)nc2c
1984,0.606215,0.0866,5.46,3500.0,CO[C@H]1[C@@H](N(C)C(=O)CNC(=O)OC(C)(C)C)C[C@@H]2O
1985,0.444444,0.0817,4.00,100000.0,COC(=O)CN1Cc2c(c3c4ccccc4n4c3c3c2c2ccccc2n3[C@]2(C
1986,0.444444,0.0778,4.00,100000.0,COC(=O)CN1Cc2c(c3c4ccccc4n4c3c3c2c2ccccc2n3[C@]2(C
1987,0.606215,0.0797,5.46,3500.0,CO[C@H]1[C@@H](N(C)C(=O)CNC(=O)OC(C)(C)C)C[C@@H]2O
1988,0.654006,0.0752,5.89,1300.0,CCCCC(O)CN(C)[C@H]1C[C@@H]2O[C@](C)([C@H]1OC)n1c3c
1989,0.606215,0.0858,5.46,3500.0,CO[C@H]1[C@@H](N(C)C(=O)CNC(=O)OC(C)(C)C)C[C@@H]2O
1990,0.696401,0.0823,6.27,540.0,CS(=O)(=O)CCNc1nc(-c2ccc3ncnc(Nc4ccc(OCc5cccc(C(F)
1991,0.606215,0.0813,5.46,3500.0,CO[C@H]1[C@@H](N(C)C(=O)CNC(=O)OC(C)(C)C)C[C@@H]2O
1992,0.606215,0.0844,5.46,3500.0,CO[C@H]1[C@@H](N(C)C(=O)CNC(=O)OC(C)(C)C)C[C@@H]2O
1993,0.461656,0.0912,4.15,70000.0,CO[C@H]1[C@@H](N(C)C(=O)c2cc([N+](=O)[O-])cc([N+](
1994,0.696401,0.0821,6.27,540.0,CS(=O)(=O)CCNc1nc(-c2ccc3ncnc(Nc4ccc(OCc5cccc(C(F)
1995,0.606215,0.0838,5.46,3500.0,CO[C@H]1[C@@H](N(C)C(=O)CNC(=O)OC(C)(C)C)C[C@@H]2O
1996,0.654006,0.0827,5.89,1300.0,CCCCC(O)CN(C)[C@H]1C[C@@H]2O[C@](C)([C@H]1OC)n1c3c
1997,0.590573,0.0736,5.32,4840.0,CCN(CC)C(C)/C=C/C(=O)Nc1cc2c(Nc3ccc(F)c(Cl)c3)c(C#
1998,0.995401,0.0719,8.96,1.1,Cc1cc(C(=O)NCCN2CCOCC2)[nH]c1/C=C1\C(=O)Nc2ncnc(Nc
1999,0.654006,0.0849,5.89,1300.0,CCCCC(O)CN(C)[C@H]1C[C@@H]2O[C@](C)([C@H]1OC)n1c3c
2000,0.590973,0.0760,5.32,4800.0,CO[C@H]1[C@@H](N(C)C(=O)c2cccc([N+](=O)[O-])c2)C[C
2001,0.971636,0.0760,8.74,1.8,Cc1cc(C(=O)N2CCOCC2)[nH]c1/C=C1\C(=O)Nc2ncnc(Nc3cc
2002,0.606215,0.0824,5.46,3500.0,CO[C@H]1[C@@H](N(C)C(=O)CNC(=O)OC(C)(C)C)C[C@@H]2O
2003,0.654006,0.0812,5.89,1300.0,CCCCC(O)CN(C)[C@H]1C[C@@H]2O[C@](C)([C@H]1OC)n1c3c
2004,0.654006,0.0892,5.89,1300.0,CCCCC(O)CN(C)[C@H]1C[C@@H]2O[C@](C)([C@H]1OC)n1c3c
2005,0.980434,0.0806,8.82,1.5,C=CC(=O)Nc1cc2c(Nc3ccc(F)c(Cl)c3)ncnc2cc1OCCCN1CCO
2006,0.696401,0.0806,6.27,540.0,CS(=O)(=O)CCNc1nc(-c2ccc3ncnc(Nc4ccc(OCc5cccc(C(F)
2007,0.927421,0.0707,8.35,4.5,Cc1cc(C(=O)N2CCOCC2)[nH]c1/C=C1\C(=O)Nc2ncnc(Nc3cc
2008,0.654006,0.0754,5.89,1300.0,CCCCC(O)CN(C)[C@H]1C[C@@H]2O[C@](C)([C@H]1OC)n1c3c
2009,0.606215,0.0748,5.46,3500.0,CO[C@H]1[C@@H](N(C)C(=O)CNC(=O)OC(C)(C)C)C[C@@H]2O
2010,0.606215,0.0765,5.46,3500.0,CO[C@H]1[C@@H](N(C)C(=O)CNC(=O)OC(C)(C)C)C[C@@H]2O
2011,0.552789,0.0780,4.98,10590.0,COc1cc2ncc(C#N)c(Nc3ccc(F)c(Cl)c3)c2cc1NC(=O)/C=C/
2012,0.619822,0.0787,5.58,2640.0,CN(C)C/C=C/C(=O)Nc1cc2c(Nc3ccc(F)c(Cl)c3)c(C#N)cnc
2013,0.606215,0.0852,5.46,3500.0,CO[C@H]1[C@@H](N(C)C(=O)CNC(=O)OC(C)(C)C)C[C@@H]2O
2014,0.654006,0.0767,5.89,1300.0,CCCCC(O)CN(C)[C@H]1C[C@@H]2O[C@](C)([C@H]1OC)n1c3c
2015,0.654006,0.0828,5.89,1300.0,CCCCC(O)CN(C)[C@H]1C[C@@H]2O[C@](C)([C@H]1OC)n1c3c
2016,0.590973,0.0787,5.32,4800.0,CO[C@H]1[C@@H](N(C)C(=O)c2cccc([N+](=O)[O-])c2)C[C
2017,0.654006,0.0878,5.89,1300.0,CCCCC(O)CN(C)[C@H]1C[C@@H]2O[C@](C)([C@H]1OC)n1c3c
2018,0.606215,0.0843,5.46,3500.0,CO[C@H]1[C@@H](N(C)C(=O)CNC(=O)OC(C)(C)C)C[C@@H]2O
2019,0.606215,0.0820,5.46,3500.0,CO[C@H]1[C@@H](N(C)C(=O)CNC(=O)OC(C)(C)C)C[C@@H]2O
2020,0.461656,0.0805,4.15,70000.0,CO[C@H]1[C@@H](N(C)C(=O)c2cc([N+](=O)[O-])cc([N+](
2021,0.995401,0.0732,8.96,1.1,Cc1cc(C(=O)NCCN2CCOCC2)[nH]c1/C=C1\C(=O)Nc2ncnc(Nc
2022,0.444444,0.0757,4.00,100000.0,COC(=O)CN1Cc2c(c3c4ccccc4n4c3c3c2c2ccccc2n3[C@]2(C
2023,0.654006,0.0707,5.89,1300.0,CCCCC(O)CN(C)[C@H]1C[C@@H]2O[C@](C)([C@H]1OC)n1c3c
2024,0.995401,0.0769,8.96,1.1,Cc1cc(C(=O)NCCN2CCOCC2)[nH]c1/C=C1\C(=O)Nc2ncnc(Nc
2025,0.696401,0.0751,6.27,540.0,CS(=O)(=O)CCNc1nc(-c2ccc3ncnc(Nc4ccc(OCc5cccc(C(F)
2026,0.654006,0.0852,5.89,1300.0,CCCCC(O)CN(C)[C@H]1C[C@@H]2O[C@](C)([C@H]1OC)n1c3c
2027,0.888889,0.0823,8.00,10.0,CS(=O)(=O)CCNCc1ccc(-c2ccc3ncnc(Nc4ccc(OCc5cccc(F)
2028,0.606215,0.0926,5.46,3500.0,CO[C@H]1[C@@H](N(C)C(=O)CNC(=O)OC(C)(C)C)C[C@@H]2O
2029,0.593027,0.0939,5.34,4600.0,CO[C@H]1[C@@H](N(C)C(=O)c2cccc(Cl)c2)C[C@@H]2O[C@@
2030,0.980434,0.0812,8.82,1.5,C=CC(=O)Nc1cc2c(Nc3ccc(F)c(Cl)c3)ncnc2cc1OCCCN1CCO
2031,0.606215,0.0811,5.46,3500.0,CO[C@H]1[C@@H](N(C)C(=O)CNC(=O)OC(C)(C)C)C[C@@H]2O
2032,0.654006,0.0791,5.89,1300.0,CCCCC(O)CN(C)[C@H]1C[C@@H]2O[C@](C)([C@H]1OC)n1c3c
2033,0.606215,0.0953,5.46,3500.0,CO[C@H]1[C@@H](N(C)C(=O)CNC(=O)OC(C)(C)C)C[C@@H]2O
2034,0.606215,0.0879,5.46,3500.0,CO[C@H]1[C@@H](N(C)C(=O)CNC(=O)OC(C)(C)C)C[C@@H]2O
2035,0.590573,0.0751,5.32,4840.0,CCN(CC)C(C)/C=C/C(=O)Nc1cc2c(Nc3ccc(F)c(Cl)c3)c(C#
2036,0.971636,0.0811,8.74,1.8,Cc1cc(C(=O)N2CCOCC2)[nH]c1/C=C1\C(=O)Nc2ncnc(Nc3cc
2037,0.606215,0.0901,5.46,3500.0,CO[C@H]1[C@@H](N(C)C(=O)CNC(=O)OC(C)(C)C)C[C@@H]2O
2038,0.654006,0.0747,5.89,1300.0,CCCCC(O)CN(C)[C@H]1C[C@@H]2O[C@](C)([C@H]1OC)n1c3c
2039,0.696401,0.0786,6.27,540.0,CS(=O)(=O)CCNc1nc(-c2ccc3ncnc(Nc4ccc(OCc5cccc(C(F)
2040,0.593027,0.0783,5.34,4600.0,CO[C@H]1[C@@H](N(C)C(=O)c2cccc(Cl)c2)C[C@@H]2O[C@@
2041,0.971636,0.0812,8.74,1.8,Cc1cc(C(=O)N2CCOCC2)[nH]c1/C=C1\C(=O)Nc2ncnc(Nc3cc
2042,0.590973,0.0835,5.32,4800.0,CO[C@H]1[C@@H](N(C)C(=O)c2cccc([N+](=O)[O-])c2)C[C
2043,1.000000,0.0743,9.35,0.5,CCN(CC)CC(O)CNC(=O)c1cc(C)c(/C=C2\C(=O)Nc3ncnc(Nc4
2044,0.606215,0.0877,5.46,3500.0,CO[C@H]1[C@@H](N(C)C(=O)CNC(=O)OC(C)(C)C)C[C@@H]2O
2045,0.606215,0.0822,5.46,3500.0,CO[C@H]1[C@@H](N(C)C(=O)CNC(=O)OC(C)(C)C)C[C@@H]2O
2046,0.606215,0.0812,5.46,3500.0,CO[C@H]1[C@@H](N(C)C(=O)CNC(=O)OC(C)(C)C)C[C@@H]2O
2047,0.654006,0.0857,5.89,1300.0,CCCCC(O)CN(C)[C@H]1C[C@@H]2O[C@](C)([C@H]1OC)n1c3c
2048,0.444444,0.0772,4.00,100000.0,CO[C@H]1[C@@H](N(C)C(=O)c2ccccc2)C[C@@H]2O[C@@]1(C
2049,0.606215,0.0894,5.46,3500.0,CO[C@H]1[C@@H](N(C)C(=O)CNC(=O)OC(C)(C)C)C[C@@H]2O
2050,0.606215,0.0887,5.46,3500.0,CO[C@H]1[C@@H](N(C)C(=O)CNC(=O)OC(C)(C)C)C[C@@H]2O
2051,0.590573,0.0739,5.32,4840.0,CCN(CC)C(C)/C=C/C(=O)Nc1cc2c(Nc3ccc(F)c(Cl)c3)c(C#
2052,1.000000,0.0873,9.35,0.5,CCN(CC)CC(O)CNC(=O)c1cc(C)c(/C=C2\C(=O)Nc3ncnc(Nc4
2053,0.696401,0.0859,6.27,540.0,CS(=O)(=O)CCNc1nc(-c2ccc3ncnc(Nc4ccc(OCc5cccc(C(F)
2054,0.696401,0.0747,6.27,540.0,CS(=O)(=O)CCNc1nc(-c2ccc3ncnc(Nc4ccc(OCc5cccc(C(F)
2055,0.654006,0.0904,5.89,1300.0,CCCCC(O)CN(C)[C@H]1C[C@@H]2O[C@](C)([C@H]1OC)n1c3c
2056,0.606215,0.0851,5.46,3500.0,CO[C@H]1[C@@H](N(C)C(=O)CNC(=O)OC(C)(C)C)C[C@@H]2O
2057,0.670169,0.0741,6.03,930.0,COCCN(C)CCN1CCC(n2cc(-c3cccc(OC)c3)c3c(N)ncnc32)CC
2058,0.696401,0.0796,6.27,540.0,CS(=O)(=O)CCNc1nc(-c2ccc3ncnc(Nc4ccc(OCc5cccc(C(F)
2059,0.586101,0.0748,5.27,5310.0,Cc1cc(C(=O)NCCN2CCOCC2)[nH]c1/C=C1\C(=O)N(C)c2ncnc
2060,0.654006,0.0875,5.89,1300.0,CCCCC(O)CN(C)[C@H]1C[C@@H]2O[C@](C)([C@H]1OC)n1c3c
2061,0.654006,0.0783,5.89,1300.0,CCCCC(O)CN(C)[C@H]1C[C@@H]2O[C@](C)([C@H]1OC)n1c3c
2062,0.590573,0.0750,5.32,4840.0,CCN(CC)C(C)/C=C/C(=O)Nc1cc2c(Nc3ccc(F)c(Cl)c3)c(C#
2063,0.590973,0.0744,5.32,4800.0,CO[C@H]1[C@@H](N(C)C(=O)c2cccc([N+](=O)[O-])c2)C[C
2064,0.461656,0.0823,4.15,70000.0,CO[C@H]1[C@@H](N(C)C(=O)c2cc([N+](=O)[O-])cc([N+](
2065,0.971636,0.0788,8.74,1.8,Cc1cc(C(=O)N2CCOCC2)[nH]c1/C=C1\C(=O)Nc2ncnc(Nc3cc
2066,0.654006,0.0784,5.89,1300.0,CCCCC(O)CN(C)[C@H]1C[C@@H]2O[C@](C)([C@H]1OC)n1c3c
2067,0.696401,0.0812,6.27,540.0,CS(=O)(=O)CCNc1nc(-c2ccc3ncnc(Nc4ccc(OCc5cccc(C(F)
2068,0.654006,0.0794,5.89,1300.0,CCCCC(O)CN(C)[C@H]1C[C@@H]2O[C@](C)([C@H]1OC)n1c3c
2069,0.606215,0.0832,5.46,3500.0,CO[C@H]1[C@@H](N(C)C(=O)CNC(=O)OC(C)(C)C)C[C@@H]2O
2070,0.654006,0.0806,5.89,1300.0,CCCCC(O)CN(C)[C@H]1C[C@@H]2O[C@](C)([C@H]1OC)n1c3c
2071,0.654006,0.0820,5.89,1300.0,CCCCC(O)CN(C)[C@H]1C[C@@H]2O[C@](C)([C@H]1OC)n1c3c
2072,0.927421,0.0786,8.35,4.5,Cc1cc(C(=O)N2CCOCC2)[nH]c1/C=C1\C(=O)Nc2ncnc(Nc3cc
2073,0.696401,0.0747,6.27,540.0,CS(=O)(=O)CCNc1nc(-c2ccc3ncnc(Nc4ccc(OCc5cccc(C(F)
2074,0.654006,0.0813,5.89,1300.0,CCCCC(O)CN(C)[C@H]1C[C@@H]2O[C@](C)([C@H]1OC)n1c3c
2075,0.606215,0.0885,5.46,3500.0,CO[C@H]1[C@@H](N(C)C(=O)CNC(=O)OC(C)(C)C)C[C@@H]2O
2076,0.606215,0.0712,5.46,3500.0,CO[C@H]1[C@@H](N(C)C(=O)CNC(=O)OC(C)(C)C)C[C@@H]2O
2077,0.654006,0.0768,5.89,1300.0,CCCCC(O)CN(C)[C@H]1C[C@@H]2O[C@](C)([C@H]1OC)n1c3c
2078,0.606215,0.0919,5.46,3500.0,CO[C@H]1[C@@H](N(C)C(=O)CNC(=O)OC(C)(C)C)C[C@@H]2O
2079,0.794305,0.0732,7.15,71.0,CS(=O)(=O)CCNc1nc(-c2ccc3ncnc(Nc4ccc5c(cnn5Cc5cccc
2080,0.888889,0.0714,8.00,10.0,CS(=O)(=O)CCNCc1ccc(-c2ccc3ncnc(Nc4ccc(OCc5cccc(F)
2081,0.654006,0.0932,5.89,1300.0,CCCCC(O)CN(C)[C@H]1C[C@@H]2O[C@](C)([C@H]1OC)n1c3c
2082,0.606215,0.0764,5.46,3500.0,CO[C@H]1[C@@H](N(C)C(=O)CNC(=O)OC(C)(C)C)C[C@@H]2O
2083,0.613653,0.0768,5.52,3000.0,COc1cc(Nc2c(C#N)cnc3cc(-c4ccc(CN5CCOCC5)cc4)ccc23)
2084,0.606215,0.0812,5.46,3500.0,CO[C@H]1[C@@H](N(C)C(=O)CNC(=O)OC(C)(C)C)C[C@@H]2O
2085,0.606215,0.0916,5.46,3500.0,CO[C@H]1[C@@H](N(C)C(=O)CNC(=O)OC(C)(C)C)C[C@@H]2O
2086,0.701089,0.0821,6.31,490.0,COc1cccc(-c2cn(C3CC(CNCCO)C3)c3ncnc(N)c23)c1
2087,0.654006,0.0873,5.89,1300.0,CCCCC(O)CN(C)[C@H]1C[C@@H]2O[C@](C)([C@H]1OC)n1c3c
2088,0.606215,0.0909,5.46,3500.0,CO[C@H]1[C@@H](N(C)C(=O)CNC(=O)OC(C)(C)C)C[C@@H]2O
2089,0.654006,0.0741,5.89,1300.0,CCCCC(O)CN(C)[C@H]1C[C@@H]2O[C@](C)([C@H]1OC)n1c3c
2090,0.590973,0.0870,5.32,4800.0,CO[C@H]1[C@@H](N(C)C(=O)c2cccc([N+](=O)[O-])c2)C[C
2091,0.606215,0.0761,5.46,3500.0,CO[C@H]1[C@@H](N(C)C(=O)CNC(=O)OC(C)(C)C)C[C@@H]2O
2092,0.654006,0.0827,5.89,1300.0,CCCCC(O)CN(C)[C@H]1C[C@@H]2O[C@](C)([C@H]1OC)n1c3c
2093,0.590573,0.0769,5.32,4840.0,CCN(CC)C(C)/C=C/C(=O)Nc1cc2c(Nc3ccc(F)c(Cl)c3)c(C#
2094,0.590973,0.0832,5.32,4800.0,CO[C@H]1[C@@H](N(C)C(=O)c2cccc([N+](=O)[O-])c2)C[C
2095,0.888889,0.0813,8.00,10.0,CS(=O)(=O)CCNc1nc(-c2ccc3ncnc(Nc4ccc(OCc5cccc(F)c5
2096,0.606215,0.0785,5.46,3500.0,CO[C@H]1[C@@H](N(C)C(=O)CNC(=O)OC(C)(C)C)C[C@@H]2O
2097,0.696401,0.0727,6.27,540.0,CS(=O)(=O)CCNc1nc(-c2ccc3ncnc(Nc4ccc(OCc5cccc(C(F)
2098,0.606215,0.0742,5.46,3500.0,CO[C@H]1[C@@H](N(C)C(=O)CNC(=O)OC(C)(C)C)C[C@@H]2O
2099,0.606215,0.0865,5.46,3500.0,CO[C@H]1[C@@H](N(C)C(=O)CNC(=O)OC(C)(C)C)C[C@@H]2O
2100,0.696401,0.0807,6.27,540.0,CS(=O)(=O)CCNc1nc(-c2ccc3ncnc(Nc4ccc(OCc5cccc(C(F)
2101,0.606215,0.0843,5.46,3500.0,CO[C@H]1[C@@H](N(C)C(=O)CNC(=O)OC(C)(C)C)C[C@@H]2O
2102,0.654006,0.0782,5.89,1300.0,CCCCC(O)CN(C)[C@H]1C[C@@H]2O[C@](C)([C@H]1OC)n1c3c
2103,0.654006,0.0750,5.89,1300.0,CCCCC(O)CN(C)[C@H]1C[C@@H]2O[C@](C)([C@H]1OC)n1c3c
2104,0.995401,0.0796,8.96,1.1,Cc1cc(C(=O)NCCN2CCOCC2)[nH]c1/C=C1\C(=O)Nc2ncnc(Nc
2105,0.654006,0.0742,5.89,1300.0,CCCCC(O)CN(C)[C@H]1C[C@@H]2O[C@](C)([C@H]1OC)n1c3c
2106,0.590973,0.0781,5.32,4800.0,CO[C@H]1[C@@H](N(C)C(=O)c2cccc([N+](=O)[O-])c2)C[C
2107,0.995401,0.0826,8.96,1.1,Cc1cc(C(=O)NCCN2CCOCC2)[nH]c1/C=C1\C(=O)Nc2ncnc(Nc
2108,0.654006,0.0832,5.89,1300.0,CCCCC(O)CN(C)[C@H]1C[C@@H]2O[C@](C)([C@H]1OC)n1c3c
2109,0.565250,0.0832,5.09,8180.0,CO[C@H]1[C@@H](N(C)C(=O)c2cnccn2)C[C@@H]2O[C@@]1(C
2110,0.590973,0.0757,5.32,4800.0,CO[C@H]1[C@@H](N(C)C(=O)c2cccc([N+](=O)[O-])c2)C[C
2111,0.606215,0.0813,5.46,3500.0,CO[C@H]1[C@@H](N(C)C(=O)CNC(=O)OC(C)(C)C)C[C@@H]2O
2112,0.606215,0.0819,5.46,3500.0,CO[C@H]1[C@@H](N(C)C(=O)CNC(=O)OC(C)(C)C)C[C@@H]2O
2113,0.725575,0.0709,6.53,295.0,COc1cccc(-c2cn(C3CCN(CCN(C)CCO)CC3)c3ncnc(N)c23)c1
2114,0.675658,0.0755,6.08,830.0,COC(=O)CN1CCC(n2cc(-c3cccc(OC)c3)c3c(N)ncnc32)C1
2115,0.552789,0.0813,4.98,10590.0,COc1cc2ncc(C#N)c(Nc3ccc(F)c(Cl)c3)c2cc1NC(=O)/C=C/
2116,0.593027,0.0780,5.34,4600.0,CO[C@H]1[C@@H](N(C)C(=O)c2cccc(Cl)c2)C[C@@H]2O[C@@
2117,0.654006,0.0828,5.89,1300.0,CCCCC(O)CN(C)[C@H]1C[C@@H]2O[C@](C)([C@H]1OC)n1c3c
2118,0.654006,0.0806,5.89,1300.0,CCCCC(O)CN(C)[C@H]1C[C@@H]2O[C@](C)([C@H]1OC)n1c3c
2119,0.654006,0.0761,5.89,1300.0,CCCCC(O)CN(C)[C@H]1C[C@@H]2O[C@](C)([C@H]1OC)n1c3c
2120,0.552789,0.0816,4.98,10590.0,COc1cc2ncc(C#N)c(Nc3ccc(F)c(Cl)c3)c2cc1NC(=O)/C=C/
2121,0.606215,0.0848,5.46,3500.0,CO[C@H]1[C@@H](N(C)C(=O)CNC(=O)OC(C)(C)C)C[C@@H]2O
2122,1.000000,0.0796,9.35,0.5,CCN(CC)CC(O)CNC(=O)c1cc(C)c(/C=C2\C(=O)Nc3ncnc(Nc4
2123,0.606215,0.0869,5.46,3500.0,CO[C@H]1[C@@H](N(C)C(=O)CNC(=O)OC(C)(C)C)C[C@@H]2O
2124,0.606215,0.0735,5.46,3500.0,CO[C@H]1[C@@H](N(C)C(=O)CNC(=O)OC(C)(C)C)C[C@@H]2O
2125,0.606215,0.0749,5.46,3500.0,CO[C@H]1[C@@H](N(C)C(=O)CNC(=O)OC(C)(C)C)C[C@@H]2O
2126,0.606215,0.0941,5.46,3500.0,CO[C@H]1[C@@H](N(C)C(=O)CNC(=O)OC(C)(C)C)C[C@@H]2O
2127,0.675658,0.0828,6.08,830.0,COC(=O)CN1CCC(n2cc(-c3cccc(OC)c3)c3c(N)ncnc32)C1
2128,0.654006,0.0780,5.89,1300.0,CCCCC(O)CN(C)[C@H]1C[C@@H]2O[C@](C)([C@H]1OC)n1c3c
2129,0.552789,0.0815,4.98,10590.0,COc1cc2ncc(C#N)c(Nc3ccc(F)c(Cl)c3)c2cc1NC(=O)/C=C/
2130,0.606215,0.0793,5.46,3500.0,CO[C@H]1[C@@H](N(C)C(=O)CNC(=O)OC(C)(C)C)C[C@@H]2O
2131,0.565250,0.0840,5.09,8180.0,CO[C@H]1[C@@H](N(C)C(=O)c2cccnc2)C[C@@H]2O[C@@]1(C
2132,0.590973,0.0850,5.32,4800.0,CO[C@H]1[C@@H](N(C)C(=O)c2cccc([N+](=O)[O-])c2)C[C
2133,0.654006,0.0785,5.89,1300.0,CCCCC(O)CN(C)[C@H]1C[C@@H]2O[C@](C)([C@H]1OC)n1c3c
2134,0.654006,0.0894,5.89,1300.0,CCCCC(O)CN(C)[C@H]1C[C@@H]2O[C@](C)([C@H]1OC)n1c3c
2135,0.606215,0.0840,5.46,3500.0,CO[C@H]1[C@@H](N(C)C(=O)CNC(=O)OC(C)(C)C)C[C@@H]2O
2136,0.995401,0.0747,8.96,1.1,Cc1cc(C(=O)NCCN2CCOCC2)[nH]c1/C=C1\C(=O)Nc2ncnc(Nc
2137,0.586101,0.0808,5.27,5310.0,Cc1cc(C(=O)NCCN2CCOCC2)[nH]c1/C=C1\C(=O)N(C)c2ncnc
2138,0.995401,0.0847,8.96,1.1,Cc1cc(C(=O)NCCN2CCOCC2)[nH]c1/C=C1\C(=O)Nc2ncnc(Nc
2139,0.606215,0.0880,5.46,3500.0,CO[C@H]1[C@@H](N(C)C(=O)CNC(=O)OC(C)(C)C)C[C@@H]2O
2140,0.794305,0.0700,7.15,71.0,CS(=O)(=O)CCNc1nc(-c2ccc3ncnc(Nc4ccc5c(cnn5Cc5cccc
2141,0.654006,0.0907,5.89,1300.0,CCCCC(O)CN(C)[C@H]1C[C@@H]2O[C@](C)([C@H]1OC)n1c3c
2142,0.606215,0.0819,5.46,3500.0,CO[C@H]1[C@@H](N(C)C(=O)CNC(=O)OC(C)(C)C)C[C@@H]2O
2143,0.590573,0.0840,5.32,4840.0,CCN(CC)C(C)/C=C/C(=O)Nc1cc2c(Nc3ccc(F)c(Cl)c3)c(C#
2144,0.995401,0.0828,8.96,1.1,Cc1cc(C(=O)NCCN2CCOCC2)[nH]c1/C=C1\C(=O)Nc2ncnc(Nc
2145,0.606215,0.0830,5.46,3500.0,CO[C@H]1[C@@H](N(C)C(=O)CNC(=O)OC(C)(C)C)C[C@@H]2O
2146,0.606215,0.0867,5.46,3500.0,CO[C@H]1[C@@H](N(C)C(=O)CNC(=O)OC(C)(C)C)C[C@@H]2O
2147,0.696401,0.0718,6.27,540.0,CS(=O)(=O)CCNc1nc(-c2ccc3ncnc(Nc4ccc(OCc5cccc(C(F)
2148,0.606215,0.0753,5.46,3500.0,CO[C@H]1[C@@H](N(C)C(=O)CNC(=O)OC(C)(C)C)C[C@@H]2O
2149,0.606215,0.0791,5.46,3500.0,CO[C@H]1[C@@H](N(C)C(=O)CNC(=O)OC(C)(C)C)C[C@@H]2O
2150,0.606215,0.0822,5.46,3500.0,CO[C@H]1[C@@H](N(C)C(=O)CNC(=O)OC(C)(C)C)C[C@@H]2O
2151,0.606215,0.0880,5.46,3500.0,CO[C@H]1[C@@H](N(C)C(=O)CNC(=O)OC(C)(C)C)C[C@@H]2O
2152,0.794305,0.0734,7.15,71.0,CS(=O)(=O)CCNc1nc(-c2ccc3ncnc(Nc4ccc5c(cnn5Cc5cccc
2153,0.606215,0.0802,5.46,3500.0,CO[C@H]1[C@@H](N(C)C(=O)CNC(=O)OC(C)(C)C)C[C@@H]2O
2154,0.777778,0.0772,7.00,100.0,COc1cc2c(Nc3ccc(Cl)cc3F)ncnc2cc1OCC1CCN(C)CC1.Cl
2155,0.606215,0.0874,5.46,3500.0,CO[C@H]1[C@@H](N(C)C(=O)CNC(=O)OC(C)(C)C)C[C@@H]2O
2156,0.654006,0.0719,5.89,1300.0,CCCCC(O)CN(C)[C@H]1C[C@@H]2O[C@](C)([C@H]1OC)n1c3c
2157,0.590973,0.0862,5.32,4800.0,CO[C@H]1[C@@H](N(C)C(=O)c2cccc([N+](=O)[O-])c2)C[C
2158,0.606215,0.0832,5.46,3500.0,CO[C@H]1[C@@H](N(C)C(=O)CNC(=O)OC(C)(C)C)C[C@@H]2O
2159,0.927421,0.0784,8.35,4.5,Cc1cc(C(=O)N2CCOCC2)[nH]c1/C=C1\C(=O)Nc2ncnc(Nc3cc
2160,0.654006,0.0727,5.89,1300.0,CCCCC(O)CN(C)[C@H]1C[C@@H]2O[C@](C)([C@H]1OC)n1c3c
2161,0.606215,0.0727,5.46,3500.0,CO[C@H]1[C@@H](N(C)C(=O)CNC(=O)OC(C)(C)C)C[C@@H]2O
2162,0.606215,0.0806,5.46,3500.0,CO[C@H]1[C@@H](N(C)C(=O)CNC(=O)OC(C)(C)C)C[C@@H]2O
2163,0.453333,0.0754,4.08,83176.4,COc1cc(/C=C(\C#N)C(N)=O)cc(CSc2nc3cc(Cl)ccc3s2)c1O
2164,0.590573,0.0801,5.32,4840.0,CCN(CC)C(C)/C=C/C(=O)Nc1cc2c(Nc3ccc(F)c(Cl)c3)c(C#
2165,0.654006,0.0813,5.89,1300.0,CCCCC(O)CN(C)[C@H]1C[C@@H]2O[C@](C)([C@H]1OC)n1c3c
2166,0.995401,0.0841,8.96,1.1,Cc1cc(C(=O)NCCN2CCOCC2)[nH]c1/C=C1\C(=O)Nc2ncnc(Nc
2167,0.927421,0.0809,8.35,4.5,Cc1cc(C(=O)N2CCOCC2)[nH]c1/C=C1\C(=O)Nc2ncnc(Nc3cc
2168,0.654006,0.0858,5.89,1300.0,CCCCC(O)CN(C)[C@H]1C[C@@H]2O[C@](C)([C@H]1OC)n1c3c
2169,0.654006,0.0824,5.89,1300.0,CCCCC(O)CN(C)[C@H]1C[C@@H]2O[C@](C)([C@H]1OC)n1c3c
2170,0.654006,0.0769,5.89,1300.0,CCCCC(O)CN(C)[C@H]1C[C@@H]2O[C@](C)([C@H]1OC)n1c3c
2171,0.606215,0.0848,5.46,3500.0,CO[C@H]1[C@@H](N(C)C(=O)CNC(=O)OC(C)(C)C)C[C@@H]2O
2172,0.606215,0.0756,5.46,3500.0,CO[C@H]1[C@@H](N(C)C(=O)CNC(=O)OC(C)(C)C)C[C@@H]2O
2173,0.565250,0.0823,5.09,8180.0,CO[C@H]1[C@@H](N(C)C(=O)c2cnccn2)C[C@@H]2O[C@@]1(C
2174,0.606215,0.0920,5.46,3500.0,CO[C@H]1[C@@H](N(C)C(=O)CNC(=O)OC(C)(C)C)C[C@@H]2O
2175,0.654006,0.0809,5.89,1300.0,CCCCC(O)CN(C)[C@H]1C[C@@H]2O[C@](C)([C@H]1OC)n1c3c
2176,0.606215,0.0797,5.46,3500.0,CO[C@H]1[C@@H](N(C)C(=O)CNC(=O)OC(C)(C)C)C[C@@H]2O
2177,0.654006,0.0758,5.89,1300.0,CCCCC(O)CN(C)[C@H]1C[C@@H]2O[C@](C)([C@H]1OC)n1c3c
2178,0.876229,0.0792,7.89,13.0,CCN1CCN(C(=O)c2cc(C)c(/C=C3\C(=O)Nc4ncnc(Nc5ccc(F)
2179,0.606215,0.0781,5.46,3500.0,CO[C@H]1[C@@H](N(C)C(=O)CNC(=O)OC(C)(C)C)C[C@@H]2O
2180,0.586101,0.0795,5.27,5310.0,Cc1cc(C(=O)NCCN2CCOCC2)[nH]c1/C=C1\C(=O)N(C)c2ncnc
2181,0.444444,0.0801,4.00,100000.0,CO[C@H]1[C@@H](N(C)C(=O)c2ccccc2)C[C@@H]2O[C@@]1(C
2182,0.453333,0.0767,4.08,83176.4,COc1cc(/C=C(\C#N)C(N)=O)cc(CSc2nc3cc(Cl)ccc3s2)c1O
2183,0.590973,0.0850,5.32,4800.0,CO[C@H]1[C@@H](N(C)C(=O)c2cccc([N+](=O)[O-])c2)C[C
2184,0.654006,0.0818,5.89,1300.0,CCCCC(O)CN(C)[C@H]1C[C@@H]2O[C@](C)([C@H]1OC)n1c3c
2185,0.606215,0.0952,5.46,3500.0,CO[C@H]1[C@@H](N(C)C(=O)CNC(=O)OC(C)(C)C)C[C@@H]2O
2186,0.590973,0.0711,5.32,4800.0,CO[C@H]1[C@@H](N(C)C(=O)c2cccc([N+](=O)[O-])c2)C[C
2187,0.606215,0.0833,5.46,3500.0,CO[C@H]1[C@@H](N(C)C(=O)CNC(=O)OC(C)(C)C)C[C@@H]2O
2188,0.670169,0.0727,6.03,930.0,COCCN(C)CCN1CCC(n2cc(-c3cccc(OC)c3)c3c(N)ncnc32)CC
2189,0.606215,0.0780,5.46,3500.0,CO[C@H]1[C@@H](N(C)C(=O)CNC(=O)OC(C)(C)C)C[C@@H]2O
2190,0.606215,0.0687,5.46,3500.0,CO[C@H]1[C@@H](N(C)C(=O)CNC(=O)OC(C)(C)C)C[C@@H]2O
2191,0.444444,0.0817,4.00,100000.0,CO[C@H]1[C@@H](N(C)C(=O)c2ccccc2)C[C@@H]2O[C@@]1(C
2192,0.888889,0.0783,8.00,10.0,CS(=O)(=O)CCNCc1ccc(-c2ccc3ncnc(Nc4ccc(OCc5cccc(F)
2193,0.590573,0.0771,5.32,4840.0,CCN(CC)C(C)/C=C/C(=O)Nc1cc2c(Nc3ccc(F)c(Cl)c3)c(C#
2194,0.565250,0.0835,5.09,8180.0,CO[C@H]1[C@@H](N(C)C(=O)c2cccnc2)C[C@@H]2O[C@@]1(C
2195,0.565250,0.0856,5.09,8180.0,CO[C@H]1[C@@H](N(C)C(=O)c2cccnc2)C[C@@H]2O[C@@]1(C
2196,0.606215,0.0784,5.46,3500.0,CO[C@H]1[C@@H](N(C)C(=O)CNC(=O)OC(C)(C)C)C[C@@H]2O
2197,0.606215,0.0833,5.46,3500.0,CO[C@H]1[C@@H](N(C)C(=O)CNC(=O)OC(C)(C)C)C[C@@H]2O
2198,0.552789,0.0732,4.98,10590.0,COc1cc2ncc(C#N)c(Nc3ccc(F)c(Cl)c3)c2cc1NC(=O)/C=C/
2199,0.606215,0.0940,5.46,3500.0,CO[C@H]1[C@@H](N(C)C(=O)CNC(=O)OC(C)(C)C)C[C@@H]2O
2200,0.654006,0.0731,5.89,1300.0,CCCCC(O)CN(C)[C@H]1C[C@@H]2O[C@](C)([C@H]1OC)n1c3c
2201,0.654006,0.0715,5.89,1300.0,CCCCC(O)CN(C)[C@H]1C[C@@H]2O[C@](C)([C@H]1OC)n1c3c
2202,0.590973,0.0838,5.32,4800.0,CO[C@H]1[C@@H](N(C)C(=O)c2cccc([N+](=O)[O-])c2)C[C
2203,0.606215,0.0765,5.46,3500.0,CO[C@H]1[C@@H](N(C)C(=O)CNC(=O)OC(C)(C)C)C[C@@H]2O
2204,0.606215,0.0800,5.46,3500.0,CO[C@H]1[C@@H](N(C)C(=O)CNC(=O)OC(C)(C)C)C[C@@H]2O
2205,0.590973,0.0773,5.32,4800.0,CO[C@H]1[C@@H](N(C)C(=O)c2cccc([N+](=O)[O-])c2)C[C
2206,0.696401,0.0812,6.27,540.0,CS(=O)(=O)CCNc1nc(-c2ccc3ncnc(Nc4ccc(OCc5cccc(C(F)
2207,0.888889,0.0749,8.00,10.0,CS(=O)(=O)CCNCc1ccc(-c2ccc3ncnc(Nc4ccc(OCc5cccc(F)
2208,0.590573,0.0794,5.32,4840.0,CCN(CC)C(C)/C=C/C(=O)Nc1cc2c(Nc3ccc(F)c(Cl)c3)c(C#
2209,0.606215,0.0762,5.46,3500.0,CO[C@H]1[C@@H](N(C)C(=O)CNC(=O)OC(C)(C)C)C[C@@H]2O
2210,0.654006,0.0820,5.89,1300.0,CCCCC(O)CN(C)[C@H]1C[C@@H]2O[C@](C)([C@H]1OC)n1c3c
2211,0.654006,0.0890,5.89,1300.0,CCCCC(O)CN(C)[C@H]1C[C@@H]2O[C@](C)([C@H]1OC)n1c3c
2212,0.606215,0.0822,5.46,3500.0,CO[C@H]1[C@@H](N(C)C(=O)CNC(=O)OC(C)(C)C)C[C@@H]2O
2213,0.720165,0.0721,6.48,330.0,COc1cccc(-c2cn(C3CC(C(=O)NCCO)C3)c3ncnc(N)c23)c1
2214,0.606215,0.0832,5.46,3500.0,CO[C@H]1[C@@H](N(C)C(=O)CNC(=O)OC(C)(C)C)C[C@@H]2O
2215,1.000000,0.0759,9.35,0.5,CCN(CC)CC(O)CNC(=O)c1cc(C)c(/C=C2\C(=O)Nc3ncnc(Nc4
2216,0.590573,0.0816,5.32,4840.0,CCN(CC)C(C)/C=C/C(=O)Nc1cc2c(Nc3ccc(F)c(Cl)c3)c(C#
2217,0.654006,0.0812,5.89,1300.0,CCCCC(O)CN(C)[C@H]1C[C@@H]2O[C@](C)([C@H]1OC)n1c3c
2218,0.654006,0.0830,5.89,1300.0,CCCCC(O)CN(C)[C@H]1C[C@@H]2O[C@](C)([C@H]1OC)n1c3c
2219,0.927421,0.0832,8.35,4.5,Cc1cc(C(=O)N2CCOCC2)[nH]c1/C=C1\C(=O)Nc2ncnc(Nc3cc
2220,0.606215,0.0853,5.46,3500.0,CO[C@H]1[C@@H](N(C)C(=O)CNC(=O)OC(C)(C)C)C[C@@H]2O
2221,0.606215,0.0794,5.46,3500.0,CO[C@H]1[C@@H](N(C)C(=O)CNC(=O)OC(C)(C)C)C[C@@H]2O
2222,0.606215,0.0884,5.46,3500.0,CO[C@H]1[C@@H](N(C)C(=O)CNC(=O)OC(C)(C)C)C[C@@H]2O
2223,0.565250,0.0800,5.09,8180.0,CO[C@H]1[C@@H](N(C)C(=O)c2cnccn2)C[C@@H]2O[C@@]1(C
2224,0.696401,0.0750,6.27,540.0,CS(=O)(=O)CCNc1nc(-c2ccc3ncnc(Nc4ccc(OCc5cccc(C(F)
2225,0.552789,0.0877,4.98,10590.0,COc1cc2ncc(C#N)c(Nc3ccc(F)c(Cl)c3)c2cc1NC(=O)/C=C/
2226,0.654006,0.0830,5.89,1300.0,CCCCC(O)CN(C)[C@H]1C[C@@H]2O[C@](C)([C@H]1OC)n1c3c
2227,0.696401,0.0850,6.27,540.0,CS(=O)(=O)CCNc1nc(-c2ccc3ncnc(Nc4ccc(OCc5cccc(C(F)
2228,0.662067,0.0734,5.96,1100.0,CO[C@H]1[C@@H](N(C)CCC#N)C[C@@H]2O[C@@]1(C)n1c3ccc
2229,1.000000,0.0811,9.35,0.5,CCN(CC)CC(O)CNC(=O)c1cc(C)c(/C=C2\C(=O)Nc3ncnc(Nc4
2230,0.606215,0.0880,5.46,3500.0,CO[C@H]1[C@@H](N(C)C(=O)CNC(=O)OC(C)(C)C)C[C@@H]2O
2231,0.619822,0.0771,5.58,2640.0,CN(C)C/C=C/C(=O)Nc1cc2c(Nc3ccc(F)c(Cl)c3)c(C#N)cnc
2232,0.606215,0.0811,5.46,3500.0,CO[C@H]1[C@@H](N(C)C(=O)CNC(=O)OC(C)(C)C)C[C@@H]2O
2233,0.453333,0.0820,4.08,83176.4,COc1cc(/C=C(\C#N)C(N)=O)cc(CSc2nc3cc(Cl)ccc3s2)c1O
2234,0.995401,0.0816,8.96,1.1,Cc1cc(C(=O)NCCN2CCOCC2)[nH]c1/C=C1\C(=O)Nc2ncnc(Nc
2235,0.654006,0.0824,5.89,1300.0,CCCCC(O)CN(C)[C@H]1C[C@@H]2O[C@](C)([C@H]1OC)n1c3c
2236,0.606215,0.0800,5.46,3500.0,CO[C@H]1[C@@H](N(C)C(=O)CNC(=O)OC(C)(C)C)C[C@@H]2O
2237,0.593027,0.0795,5.34,4600.0,CO[C@H]1[C@@H](N(C)C(=O)c2cccc(Cl)c2)C[C@@H]2O[C@@
2238,0.654006,0.0774,5.89,1300.0,CCCCC(O)CN(C)[C@H]1C[C@@H]2O[C@](C)([C@H]1OC)n1c3c
2239,0.606215,0.0734,5.46,3500.0,CO[C@H]1[C@@H](N(C)C(=O)CNC(=O)OC(C)(C)C)C[C@@H]2O
2240,0.606215,0.0815,5.46,3500.0,CO[C@H]1[C@@H](N(C)C(=O)CNC(=O)OC(C)(C)C)C[C@@H]2O
2241,0.794305,0.0745,7.15,71.0,CS(=O)(=O)CCNc1nc(-c2ccc3ncnc(Nc4ccc5c(cnn5Cc5cccc
2242,0.654006,0.0802,5.89,1300.0,CCCCC(O)CN(C)[C@H]1C[C@@H]2O[C@](C)([C@H]1OC)n1c3c
2243,0.606215,0.0820,5.46,3500.0,CO[C@H]1[C@@H](N(C)C(=O)CNC(=O)OC(C)(C)C)C[C@@H]2O
2244,0.850842,0.0732,7.66,22.0,O=C1Nc2ncnc(Nc3ccc(F)c(Cl)c3)c2/C1=C/c1ccc(C(=O)NC
2245,0.654006,0.0778,5.89,1300.0,CCCCC(O)CN(C)[C@H]1C[C@@H]2O[C@](C)([C@H]1OC)n1c3c
2246,0.590973,0.0806,5.32,4800.0,CO[C@H]1[C@@H](N(C)C(=O)c2cccc([N+](=O)[O-])c2)C[C
2247,0.606215,0.0773,5.46,3500.0,CO[C@H]1[C@@H](N(C)C(=O)CNC(=O)OC(C)(C)C)C[C@@H]2O
2248,0.552789,0.0793,4.98,10590.0,COc1cc2ncc(C#N)c(Nc3ccc(F)c(Cl)c3)c2cc1NC(=O)/C=C/
2249,0.561287,0.0755,5.05,8880.0,COc1cccc(-c2ccc3c(c2)NC(=O)/C3=C\c2[nH]c3c(c2CCC(=
2250,1.000000,0.0754,9.35,0.5,CCN(CC)CC(O)CNC(=O)c1cc(C)c(/C=C2\C(=O)Nc3ncnc(Nc4
2251,0.606215,0.0911,5.46,3500.0,CO[C@H]1[C@@H](N(C)C(=O)CNC(=O)OC(C)(C)C)C[C@@H]2O
2252,0.606215,0.0798,5.46,3500.0,CO[C@H]1[C@@H](N(C)C(=O)CNC(=O)OC(C)(C)C)C[C@@H]2O
2253,0.850842,0.0867,7.66,22.0,O=C1Nc2ncnc(Nc3ccc(F)c(Cl)c3)c2/C1=C/c1ccc(C(=O)NC
2254,0.654006,0.0807,5.89,1300.0,CCCCC(O)CN(C)[C@H]1C[C@@H]2O[C@](C)([C@H]1OC)n1c3c
2255,0.606215,0.0842,5.46,3500.0,CO[C@H]1[C@@H](N(C)C(=O)CNC(=O)OC(C)(C)C)C[C@@H]2O
2256,0.927421,0.0796,8.35,4.5,Cc1cc(C(=O)N2CCOCC2)[nH]c1/C=C1\C(=O)Nc2ncnc(Nc3cc
2257,0.552789,0.0774,4.98,10590.0,COc1cc2ncc(C#N)c(Nc3ccc(F)c(Cl)c3)c2cc1NC(=O)/C=C/
2258,0.590973,0.0759,5.32,4800.0,CO[C@H]1[C@@H](N(C)C(=O)c2cccc([N+](=O)[O-])c2)C[C
2259,0.565250,0.0820,5.09,8180.0,CO[C@H]1[C@@H](N(C)C(=O)c2cccnc2)C[C@@H]2O[C@@]1(C
2260,0.696401,0.0764,6.27,540.0,CS(=O)(=O)CCNc1nc(-c2ccc3ncnc(Nc4ccc(OCc5cccc(C(F)
2261,0.444444,0.0759,4.00,100000.0,COC(=O)CN1Cc2c(c3c4ccccc4n4c3c3c2c2ccccc2n3[C@]2(C
2262,0.586101,0.0820,5.27,5310.0,Cc1cc(C(=O)NCCN2CCOCC2)[nH]c1/C=C1\C(=O)N(C)c2ncnc
2263,0.606215,0.0824,5.46,3500.0,CO[C@H]1[C@@H](N(C)C(=O)CNC(=O)OC(C)(C)C)C[C@@H]2O
2264,0.565250,0.0823,5.09,8180.0,CO[C@H]1[C@@H](N(C)C(=O)c2cnccn2)C[C@@H]2O[C@@]1(C
2265,0.565250,0.0796,5.09,8180.0,CO[C@H]1[C@@H](N(C)C(=O)c2cnccn2)C[C@@H]2O[C@@]1(C
2266,0.654006,0.0780,5.89,1300.0,CCCCC(O)CN(C)[C@H]1C[C@@H]2O[C@](C)([C@H]1OC)n1c3c
2267,0.696401,0.0724,6.27,540.0,CS(=O)(=O)CCNc1nc(-c2ccc3ncnc(Nc4ccc(OCc5cccc(C(F)
2268,0.680549,0.0803,6.12,750.0,COc1cccc(-c2cn(C3CCN(CC(=O)N(C)C)CC3)c3ncnc(N)c23)
2269,0.654006,0.0830,5.89,1300.0,CCCCC(O)CN(C)[C@H]1C[C@@H]2O[C@](C)([C@H]1OC)n1c3c
2270,0.606215,0.0855,5.46,3500.0,CO[C@H]1[C@@H](N(C)C(=O)CNC(=O)OC(C)(C)C)C[C@@H]2O
2271,0.980434,0.0807,8.82,1.5,C=CC(=O)Nc1cc2c(Nc3ccc(F)c(Cl)c3)ncnc2cc1OCCCN1CCO
2272,0.619822,0.0712,5.58,2640.0,CN(C)C/C=C/C(=O)Nc1cc2c(Nc3ccc(F)c(Cl)c3)c(C#N)cnc
2273,0.654006,0.0776,5.89,1300.0,CCCCC(O)CN(C)[C@H]1C[C@@H]2O[C@](C)([C@H]1OC)n1c3c
2274,0.654006,0.0781,5.89,1300.0,CCCCC(O)CN(C)[C@H]1C[C@@H]2O[C@](C)([C@H]1OC)n1c3c
2275,0.794305,0.0825,7.15,71.0,CS(=O)(=O)CCNc1nc(-c2ccc3ncnc(Nc4ccc5c(cnn5Cc5cccc
2276,0.552789,0.0733,4.98,10590.0,COc1cc2ncc(C#N)c(Nc3ccc(F)c(Cl)c3)c2cc1NC(=O)/C=C/
2277,0.565250,0.0792,5.09,8180.0,CO[C@H]1[C@@H](N(C)C(=O)c2cccnc2)C[C@@H]2O[C@@]1(C
2278,0.971636,0.0749,8.74,1.8,Cc1cc(C(=O)N2CCOCC2)[nH]c1/C=C1\C(=O)Nc2ncnc(Nc3cc
2279,0.696401,0.0746,6.27,540.0,CS(=O)(=O)CCNc1nc(-c2ccc3ncnc(Nc4ccc(OCc5cccc(C(F)
2280,0.444444,0.0769,4.00,100000.0,COC(=O)CN1Cc2c(c3c4ccccc4n4c3c3c2c2ccccc2n3[C@]2(C
2281,0.606215,0.0833,5.46,3500.0,CO[C@H]1[C@@H](N(C)C(=O)CNC(=O)OC(C)(C)C)C[C@@H]2O
2282,0.552789,0.0839,4.98,10590.0,COc1cc2ncc(C#N)c(Nc3ccc(F)c(Cl)c3)c2cc1NC(=O)/C=C/
2283,0.696401,0.0801,6.27,540.0,CS(=O)(=O)CCNc1nc(-c2ccc3ncnc(Nc4ccc(OCc5cccc(C(F)
2284,0.590973,0.0819,5.32,4800.0,CO[C@H]1[C@@H](N(C)C(=O)c2cccc([N+](=O)[O-])c2)C[C
2285,0.794305,0.0797,7.15,71.0,CS(=O)(=O)CCNc1nc(-c2ccc3ncnc(Nc4ccc5c(cnn5Cc5cccc
2286,0.552789,0.0771,4.98,10590.0,COc1cc2ncc(C#N)c(Nc3ccc(F)c(Cl)c3)c2cc1NC(=O)/C=C/
2287,0.590973,0.0869,5.32,4800.0,CO[C@H]1[C@@H](N(C)C(=O)c2cccc([N+](=O)[O-])c2)C[C
2288,0.606215,0.0803,5.46,3500.0,CO[C@H]1[C@@H](N(C)C(=O)CNC(=O)OC(C)(C)C)C[C@@H]2O
2289,0.590573,0.0837,5.32,4840.0,CCN(CC)C(C)/C=C/C(=O)Nc1cc2c(Nc3ccc(F)c(Cl)c3)c(C#
2290,0.607613,0.0748,5.47,3400.0,COc1ccc(CC(CO)n2cc(-c3cccc(O)c3)c3c(N)ncnc32)cc1
2291,0.788546,0.0784,7.10,80.0,CCOc1cc2ncc(C#N)c(Nc3ccc(F)c(Cl)c3)c2cc1NC(=O)/C=C
2292,0.654006,0.0780,5.89,1300.0,CCCCC(O)CN(C)[C@H]1C[C@@H]2O[C@](C)([C@H]1OC)n1c3c
2293,0.606215,0.0789,5.46,3500.0,CO[C@H]1[C@@H](N(C)C(=O)CNC(=O)OC(C)(C)C)C[C@@H]2O
2294,0.453333,0.0804,4.08,83176.4,COc1cc(/C=C(\C#N)C(N)=O)cc(CSc2nc3cc(Cl)ccc3s2)c1O
2295,0.654006,0.0854,5.89,1300.0,CCCCC(O)CN(C)[C@H]1C[C@@H]2O[C@](C)([C@H]1OC)n1c3c
2296,0.654006,0.0853,5.89,1300.0,CCCCC(O)CN(C)[C@H]1C[C@@H]2O[C@](C)([C@H]1OC)n1c3c
2297,0.696401,0.0723,6.27,540.0,CS(=O)(=O)CCNc1nc(-c2ccc3ncnc(Nc4ccc(OCc5cccc(C(F)
2298,0.654006,0.0789,5.89,1300.0,CCCCC(O)CN(C)[C@H]1C[C@@H]2O[C@](C)([C@H]1OC)n1c3c
2299,0.995401,0.0842,8.96,1.1,Cc1cc(C(=O)NCCN2CCOCC2)[nH]c1/C=C1\C(=O)Nc2ncnc(Nc
2300,0.860525,0.0738,7.74,18.0,C#Cc1cccc(Nc2ncnc3c2/C(=C/c2[nH]c(C(=O)NCCN4CCOCC4
2301,0.606215,0.0826,5.46,3500.0,CO[C@H]1[C@@H](N(C)C(=O)CNC(=O)OC(C)(C)C)C[C@@H]2O
2302,0.552789,0.0833,4.98,10590.0,COc1cc2ncc(C#N)c(Nc3ccc(F)c(Cl)c3)c2cc1NC(=O)/C=C/
2303,0.590573,0.0867,5.32,4840.0,CCN(CC)C(C)/C=C/C(=O)Nc1cc2c(Nc3ccc(F)c(Cl)c3)c(C#
2304,0.565250,0.0826,5.09,8180.0,CO[C@H]1[C@@H](N(C)C(=O)c2cnccn2)C[C@@H]2O[C@@]1(C
2305,0.654006,0.0863,5.89,1300.0,CCCCC(O)CN(C)[C@H]1C[C@@H]2O[C@](C)([C@H]1OC)n1c3c
2306,0.593027,0.0839,5.34,4600.0,CO[C@H]1[C@@H](N(C)C(=O)c2cccc(Cl)c2)C[C@@H]2O[C@@
2307,0.654006,0.0807,5.89,1300.0,CCCCC(O)CN(C)[C@H]1C[C@@H]2O[C@](C)([C@H]1OC)n1c3c
2308,0.846643,0.0817,7.62,24.0,CS(=O)(=O)CCNCCCCOc1ccc2ncnc(Nc3ccc4c(cnn4Cc4cccc(
2309,0.654006,0.0840,5.89,1300.0,CCCCC(O)CN(C)[C@H]1C[C@@H]2O[C@](C)([C@H]1OC)n1c3c
2310,0.888889,0.0812,8.00,10.0,CS(=O)(=O)CCNCc1ccc(-c2ccc3ncnc(Nc4ccc(OCc5cccc(F)
2311,0.606215,0.0833,5.46,3500.0,CO[C@H]1[C@@H](N(C)C(=O)CNC(=O)OC(C)(C)C)C[C@@H]2O
2312,0.540824,0.0799,4.87,13570.0,COc1cc2ncc(C#N)c(Nc3ccc(F)c(Cl)c3)c2cc1NC(=O)/C=C/
2313,0.927421,0.0903,8.35,4.5,Cc1cc(C(=O)N2CCOCC2)[nH]c1/C=C1\C(=O)Nc2ncnc(Nc3cc
2314,0.606215,0.0791,5.46,3500.0,CO[C@H]1[C@@H](N(C)C(=O)CNC(=O)OC(C)(C)C)C[C@@H]2O
2315,0.654006,0.0765,5.89,1300.0,CCCCC(O)CN(C)[C@H]1C[C@@H]2O[C@](C)([C@H]1OC)n1c3c
2316,0.654006,0.0755,5.89,1300.0,CCCCC(O)CN(C)[C@H]1C[C@@H]2O[C@](C)([C@H]1OC)n1c3c
2317,0.654006,0.0844,5.89,1300.0,CCCCC(O)CN(C)[C@H]1C[C@@H]2O[C@](C)([C@H]1OC)n1c3c
2318,0.453333,0.0794,4.08,83176.4,COc1cc(/C=C(\C#N)C(N)=O)cc(CSc2nc3cc(Cl)ccc3s2)c1O
2319,0.995401,0.0894,8.96,1.1,Cc1cc(C(=O)NCCN2CCOCC2)[nH]c1/C=C1\C(=O)Nc2ncnc(Nc
2320,0.590573,0.0793,5.32,4840.0,CCN(CC)C(C)/C=C/C(=O)Nc1cc2c(Nc3ccc(F)c(Cl)c3)c(C#
2321,0.606215,0.0755,5.46,3500.0,CO[C@H]1[C@@H](N(C)C(=O)CNC(=O)OC(C)(C)C)C[C@@H]2O
2322,0.606215,0.0875,5.46,3500.0,CO[C@H]1[C@@H](N(C)C(=O)CNC(=O)OC(C)(C)C)C[C@@H]2O
2323,0.606215,0.0909,5.46,3500.0,CO[C@H]1[C@@H](N(C)C(=O)CNC(=O)OC(C)(C)C)C[C@@H]2O
2324,0.696401,0.0773,6.27,540.0,CS(=O)(=O)CCNc1nc(-c2ccc3ncnc(Nc4ccc(OCc5cccc(C(F)
2325,0.696401,0.0760,6.27,540.0,CS(=O)(=O)CCNc1nc(-c2ccc3ncnc(Nc4ccc(OCc5cccc(C(F)
2326,0.444444,0.0836,4.00,100000.0,COC(=O)CN1Cc2c(c3c4ccccc4n4c3c3c2c2ccccc2n3[C@]2(C
2327,0.444444,0.0811,4.00,100000.0,CO[C@H]1[C@@H](N(C)C(=O)c2ccccc2)C[C@@H]2O[C@@]1(C
2328,0.696401,0.0733,6.27,540.0,CS(=O)(=O)CCNc1nc(-c2ccc3ncnc(Nc4ccc(OCc5cccc(C(F)
2329,0.662067,0.0817,5.96,1100.0,CO[C@H]1[C@@H](N(C)CCC#N)C[C@@H]2O[C@@]1(C)n1c3ccc
2330,0.606215,0.0768,5.46,3500.0,CO[C@H]1[C@@H](N(C)C(=O)CNC(=O)OC(C)(C)C)C[C@@H]2O
2331,0.444444,0.0853,4.00,100000.0,CO[C@H]1[C@@H](N(C)C(=O)c2ccccc2)C[C@@H]2O[C@@]1(C
2332,0.552789,0.0745,4.98,10590.0,COc1cc2ncc(C#N)c(Nc3ccc(F)c(Cl)c3)c2cc1NC(=O)/C=C/
2333,0.696401,0.0899,6.27,540.0,CS(=O)(=O)CCNc1nc(-c2ccc3ncnc(Nc4ccc(OCc5cccc(C(F)
2334,0.995401,0.0788,8.96,1.1,Cc1cc(C(=O)NCCN2CCOCC2)[nH]c1/C=C1\C(=O)Nc2ncnc(Nc
2335,0.606215,0.0820,5.46,3500.0,CO[C@H]1[C@@H](N(C)C(=O)CNC(=O)OC(C)(C)C)C[C@@H]2O
2336,0.654006,0.0776,5.89,1300.0,CCCCC(O)CN(C)[C@H]1C[C@@H]2O[C@](C)([C@H]1OC)n1c3c
2337,0.444444,0.0757,4.00,100000.0,COC(=O)CN1Cc2c(c3c4ccccc4n4c3c3c2c2ccccc2n3[C@]2(C
2338,0.606215,0.0765,5.46,3500.0,CO[C@H]1[C@@H](N(C)C(=O)CNC(=O)OC(C)(C)C)C[C@@H]2O
2339,0.696401,0.0756,6.27,540.0,CS(=O)(=O)CCNc1nc(-c2ccc3ncnc(Nc4ccc(OCc5cccc(C(F)
2340,0.654006,0.0832,5.89,1300.0,CCCCC(O)CN(C)[C@H]1C[C@@H]2O[C@](C)([C@H]1OC)n1c3c
2341,0.654006,0.0809,5.89,1300.0,CCCCC(O)CN(C)[C@H]1C[C@@H]2O[C@](C)([C@H]1OC)n1c3c
2342,0.552789,0.0749,4.98,10590.0,COc1cc2ncc(C#N)c(Nc3ccc(F)c(Cl)c3)c2cc1NC(=O)/C=C/
2343,0.995401,0.0844,8.96,1.1,Cc1cc(C(=O)NCCN2CCOCC2)[nH]c1/C=C1\C(=O)Nc2ncnc(Nc
2344,0.453333,0.0811,4.08,83176.4,COc1cc(/C=C(\C#N)C(N)=O)cc(CSc2nc3cc(Cl)ccc3s2)c1O
2345,0.552789,0.0747,4.98,10590.0,COc1cc2ncc(C#N)c(Nc3ccc(F)c(Cl)c3)c2cc1NC(=O)/C=C/
2346,0.552789,0.0755,4.98,10590.0,COc1cc2ncc(C#N)c(Nc3ccc(F)c(Cl)c3)c2cc1NC(=O)/C=C/
2347,0.606215,0.0839,5.46,3500.0,CO[C@H]1[C@@H](N(C)C(=O)CNC(=O)OC(C)(C)C)C[C@@H]2O
2348,0.654006,0.0809,5.89,1300.0,CCCCC(O)CN(C)[C@H]1C[C@@H]2O[C@](C)([C@H]1OC)n1c3c
2349,0.606215,0.0901,5.46,3500.0,CO[C@H]1[C@@H](N(C)C(=O)CNC(=O)OC(C)(C)C)C[C@@H]2O
2350,0.606215,0.0793,5.46,3500.0,CO[C@H]1[C@@H](N(C)C(=O)CNC(=O)OC(C)(C)C)C[C@@H]2O
2351,0.606215,0.0971,5.46,3500.0,CO[C@H]1[C@@H](N(C)C(=O)CNC(=O)OC(C)(C)C)C[C@@H]2O
2352,0.619822,0.0790,5.58,2640.0,CN(C)C/C=C/C(=O)Nc1cc2c(Nc3ccc(F)c(Cl)c3)c(C#N)cnc
2353,0.927421,0.0782,8.35,4.5,Cc1cc(C(=O)N2CCOCC2)[nH]c1/C=C1\C(=O)Nc2ncnc(Nc3cc
2354,0.593027,0.0754,5.34,4600.0,CO[C@H]1[C@@H](N(C)C(=O)c2cccc(Cl)c2)C[C@@H]2O[C@@
2355,1.000000,0.0782,9.35,0.5,CCN(CC)CC(O)CNC(=O)c1cc(C)c(/C=C2\C(=O)Nc3ncnc(Nc4
2356,0.654006,0.0842,5.89,1300.0,CCCCC(O)CN(C)[C@H]1C[C@@H]2O[C@](C)([C@H]1OC)n1c3c
2357,0.606215,0.0859,5.46,3500.0,CO[C@H]1[C@@H](N(C)C(=O)CNC(=O)OC(C)(C)C)C[C@@H]2O
2358,0.995401,0.0862,8.96,1.1,Cc1cc(C(=O)NCCN2CCOCC2)[nH]c1/C=C1\C(=O)Nc2ncnc(Nc
2359,0.876229,0.0758,7.89,13.0,CCN1CCN(C(=O)c2cc(C)c(/C=C3\C(=O)Nc4ncnc(Nc5ccc(F)
2360,0.453333,0.0777,4.08,83176.4,COc1cc(/C=C(\C#N)C(N)=O)cc(CSc2nc3cc(Cl)ccc3s2)c1O
2361,0.606215,0.0836,5.46,3500.0,CO[C@H]1[C@@H](N(C)C(=O)CNC(=O)OC(C)(C)C)C[C@@H]2O
2362,0.696401,0.0759,6.27,540.0,CS(=O)(=O)CCNc1nc(-c2ccc3ncnc(Nc4ccc(OCc5cccc(C(F)
2363,0.444444,0.0787,4.00,100000.0,COC(=O)CN1Cc2c(c3c4ccccc4n4c3c3c2c2ccccc2n3[C@]2(C
2364,0.590573,0.0742,5.32,4840.0,CCN(CC)C(C)/C=C/C(=O)Nc1cc2c(Nc3ccc(F)c(Cl)c3)c(C#
2365,0.586101,0.0786,5.27,5310.0,Cc1cc(C(=O)NCCN2CCOCC2)[nH]c1/C=C1\C(=O)N(C)c2ncnc
2366,0.654006,0.0735,5.89,1300.0,CCCCC(O)CN(C)[C@H]1C[C@@H]2O[C@](C)([C@H]1OC)n1c3c
2367,0.888889,0.0790,8.00,10.0,CS(=O)(=O)CCNCc1ccc(-c2ccc3ncnc(Nc4ccc(OCc5cccc(F)
2368,0.696401,0.0865,6.27,540.0,CS(=O)(=O)CCNc1nc(-c2ccc3ncnc(Nc4ccc(OCc5cccc(C(F)
2369,0.794305,0.0695,7.15,71.0,CS(=O)(=O)CCNc1nc(-c2ccc3ncnc(Nc4ccc5c(cnn5Cc5cccc
2370,0.606215,0.0819,5.46,3500.0,CO[C@H]1[C@@H](N(C)C(=O)CNC(=O)OC(C)(C)C)C[C@@H]2O
2371,0.654006,0.0773,5.89,1300.0,CCCCC(O)CN(C)[C@H]1C[C@@H]2O[C@](C)([C@H]1OC)n1c3c
2372,0.680549,0.0740,6.12,750.0,COc1cccc(-c2cn(C3CCN(CC(=O)N(C)C)CC3)c3ncnc(N)c23)
2373,0.696401,0.0729,6.27,540.0,CS(=O)(=O)CCNc1nc(-c2ccc3ncnc(Nc4ccc(OCc5cccc(C(F)
2374,0.552789,0.0754,4.98,10590.0,COc1cc2ncc(C#N)c(Nc3ccc(F)c(Cl)c3)c2cc1NC(=O)/C=C/
2375,0.995401,0.0755,8.96,1.1,Cc1cc(C(=O)NCCN2CCOCC2)[nH]c1/C=C1\C(=O)Nc2ncnc(Nc
2376,0.606215,0.0825,5.46,3500.0,CO[C@H]1[C@@H](N(C)C(=O)CNC(=O)OC(C)(C)C)C[C@@H]2O
2377,0.995401,0.0749,8.96,1.1,Cc1cc(C(=O)NCCN2CCOCC2)[nH]c1/C=C1\C(=O)Nc2ncnc(Nc
2378,0.654006,0.0849,5.89,1300.0,CCCCC(O)CN(C)[C@H]1C[C@@H]2O[C@](C)([C@H]1OC)n1c3c
2379,0.606215,0.0881,5.46,3500.0,CO[C@H]1[C@@H](N(C)C(=O)CNC(=O)OC(C)(C)C)C[C@@H]2O
2380,0.927421,0.0800,8.35,4.5,Cc1cc(C(=O)N2CCOCC2)[nH]c1/C=C1\C(=O)Nc2ncnc(Nc3cc
2381,0.444444,0.0731,4.00,100000.0,COC(=O)CN1Cc2c(c3c4ccccc4n4c3c3c2c2ccccc2n3[C@]2(C
2382,0.552789,0.0826,4.98,10590.0,COc1cc2ncc(C#N)c(Nc3ccc(F)c(Cl)c3)c2cc1NC(=O)/C=C/
2383,0.606215,0.0806,5.46,3500.0,CO[C@H]1[C@@H](N(C)C(=O)CNC(=O)OC(C)(C)C)C[C@@H]2O
2384,0.590973,0.0822,5.32,4800.0,CO[C@H]1[C@@H](N(C)C(=O)c2cccc([N+](=O)[O-])c2)C[C
2385,0.606215,0.0779,5.46,3500.0,CO[C@H]1[C@@H](N(C)C(=O)CNC(=O)OC(C)(C)C)C[C@@H]2O
2386,0.590973,0.0827,5.32,4800.0,CO[C@H]1[C@@H](N(C)C(=O)c2cccc([N+](=O)[O-])c2)C[C
2387,1.000000,0.0758,9.35,0.5,CCN(CC)CC(O)CNC(=O)c1cc(C)c(/C=C2\C(=O)Nc3ncnc(Nc4
2388,0.995401,0.0810,8.96,1.1,Cc1cc(C(=O)NCCN2CCOCC2)[nH]c1/C=C1\C(=O)Nc2ncnc(Nc
2389,0.888889,0.0813,8.00,10.0,CS(=O)(=O)CCNCc1ccc(-c2ccc3ncnc(Nc4ccc(OCc5cccc(F)
2390,0.995401,0.0829,8.96,1.1,Cc1cc(C(=O)NCCN2CCOCC2)[nH]c1/C=C1\C(=O)Nc2ncnc(Nc
2391,0.453333,0.0823,4.08,83176.4,COc1cc(/C=C(\C#N)C(N)=O)cc(CSc2nc3cc(Cl)ccc3s2)c1O
2392,0.927421,0.0797,8.35,4.5,Cc1cc(C(=O)N2CCOCC2)[nH]c1/C=C1\C(=O)Nc2ncnc(Nc3cc
2393,0.888889,0.0764,8.00,10.0,CS(=O)(=O)CCNc1nc(-c2ccc3ncnc(Nc4ccc(OCc5cccc(F)c5
2394,0.654006,0.0835,5.89,1300.0,CCCCC(O)CN(C)[C@H]1C[C@@H]2O[C@](C)([C@H]1OC)n1c3c
2395,0.980434,0.0774,8.82,1.5,C=CC(=O)Nc1cc2c(Nc3ccc(F)c(Cl)c3)ncnc2cc1OCCCN1CCO
2396,0.927421,0.0756,8.35,4.5,Cc1cc(C(=O)N2CCOCC2)[nH]c1/C=C1\C(=O)Nc2ncnc(Nc3cc
2397,0.606215,0.0897,5.46,3500.0,CO[C@H]1[C@@H](N(C)C(=O)CNC(=O)OC(C)(C)C)C[C@@H]2O
2398,0.670169,0.0796,6.03,930.0,COCCN(C)CCN1CCC(n2cc(-c3cccc(OC)c3)c3c(N)ncnc32)CC
2399,0.586101,0.0785,5.27,5310.0,Cc1cc(C(=O)NCCN2CCOCC2)[nH]c1/C=C1\C(=O)N(C)c2ncnc
2400,0.654006,0.0762,5.89,1300.0,CCCCC(O)CN(C)[C@H]1C[C@@H]2O[C@](C)([C@H]1OC)n1c3c
2401,0.654006,0.0878,5.89,1300.0,CCCCC(O)CN(C)[C@H]1C[C@@H]2O[C@](C)([C@H]1OC)n1c3c
2402,0.586101,0.0692,5.27,5310.0,Cc1cc(C(=O)NCCN2CCOCC2)[nH]c1/C=C1\C(=O)N(C)c2ncnc
2403,0.606215,0.0922,5.46,3500.0,CO[C@H]1[C@@H](N(C)C(=O)CNC(=O)OC(C)(C)C)C[C@@H]2O
2404,0.927421,0.0756,8.35,4.5,Cc1cc(C(=O)N2CCOCC2)[nH]c1/C=C1\C(=O)Nc2ncnc(Nc3cc
2405,0.654006,0.0816,5.89,1300.0,CCCCC(O)CN(C)[C@H]1C[C@@H]2O[C@](C)([C@H]1OC)n1c3c
2406,0.654006,0.0827,5.89,1300.0,CCCCC(O)CN(C)[C@H]1C[C@@H]2O[C@](C)([C@H]1OC)n1c3c
2407,0.606215,0.0836,5.46,3500.0,CO[C@H]1[C@@H](N(C)C(=O)CNC(=O)OC(C)(C)C)C[C@@H]2O
2408,0.654006,0.0817,5.89,1300.0,CCCCC(O)CN(C)[C@H]1C[C@@H]2O[C@](C)([C@H]1OC)n1c3c
2409,0.606215,0.0806,5.46,3500.0,CO[C@H]1[C@@H](N(C)C(=O)CNC(=O)OC(C)(C)C)C[C@@H]2O
2410,0.995401,0.0738,8.96,1.1,Cc1cc(C(=O)NCCN2CCOCC2)[nH]c1/C=C1\C(=O)Nc2ncnc(Nc
2411,0.606215,0.0859,5.46,3500.0,CO[C@H]1[C@@H](N(C)C(=O)CNC(=O)OC(C)(C)C)C[C@@H]2O
2412,0.794305,0.0745,7.15,71.0,CS(=O)(=O)CCNc1nc(-c2ccc3ncnc(Nc4ccc5c(cnn5Cc5cccc
2413,0.654006,0.0859,5.89,1300.0,CCCCC(O)CN(C)[C@H]1C[C@@H]2O[C@](C)([C@H]1OC)n1c3c
2414,0.927421,0.0713,8.35,4.5,Cc1cc(C(=O)N2CCOCC2)[nH]c1/C=C1\C(=O)Nc2ncnc(Nc3cc
2415,0.453333,0.0717,4.08,83176.4,COc1cc(/C=C(\C#N)C(N)=O)cc(CSc2nc3cc(Cl)ccc3s2)c1O
2416,0.654006,0.0870,5.89,1300.0,CCCCC(O)CN(C)[C@H]1C[C@@H]2O[C@](C)([C@H]1OC)n1c3c
2417,0.654006,0.0858,5.89,1300.0,CCCCC(O)CN(C)[C@H]1C[C@@H]2O[C@](C)([C@H]1OC)n1c3c
2418,0.927421,0.0783,8.35,4.5,Cc1cc(C(=O)N2CCOCC2)[nH]c1/C=C1\C(=O)Nc2ncnc(Nc3cc
2419,0.590973,0.0809,5.32,4800.0,CO[C@H]1[C@@H](N(C)C(=O)c2cccc([N+](=O)[O-])c2)C[C
2420,0.794305,0.0753,7.15,71.0,CS(=O)(=O)CCNc1nc(-c2ccc3ncnc(Nc4ccc5c(cnn5Cc5cccc
2421,0.606215,0.0775,5.46,3500.0,CO[C@H]1[C@@H](N(C)C(=O)CNC(=O)OC(C)(C)C)C[C@@H]2O
2422,0.675658,0.0837,6.08,830.0,COC(=O)CN1CCC(n2cc(-c3cccc(OC)c3)c3c(N)ncnc32)C1
2423,0.444444,0.0778,4.00,100000.0,COC(=O)CN1Cc2c(c3c4ccccc4n4c3c3c2c2ccccc2n3[C@]2(C
2424,0.590973,0.0832,5.32,4800.0,CO[C@H]1[C@@H](N(C)C(=O)c2cccc([N+](=O)[O-])c2)C[C
2425,0.590973,0.0884,5.32,4800.0,CO[C@H]1[C@@H](N(C)C(=O)c2cccc([N+](=O)[O-])c2)C[C
2426,0.606215,0.0906,5.46,3500.0,CO[C@H]1[C@@H](N(C)C(=O)CNC(=O)OC(C)(C)C)C[C@@H]2O
2427,0.606215,0.0846,5.46,3500.0,CO[C@H]1[C@@H](N(C)C(=O)CNC(=O)OC(C)(C)C)C[C@@H]2O
2428,0.444444,0.0820,4.00,100000.0,COC(=O)CN1Cc2c(c3c4ccccc4n4c3c3c2c2ccccc2n3[C@]2(C
2429,0.654006,0.0799,5.89,1300.0,CCCCC(O)CN(C)[C@H]1C[C@@H]2O[C@](C)([C@H]1OC)n1c3c
2430,0.995401,0.0839,8.96,1.1,Cc1cc(C(=O)NCCN2CCOCC2)[nH]c1/C=C1\C(=O)Nc2ncnc(Nc
2431,0.590973,0.0852,5.32,4800.0,CO[C@H]1[C@@H](N(C)C(=O)c2cccc([N+](=O)[O-])c2)C[C
2432,0.794305,0.0870,7.15,71.0,CS(=O)(=O)CCNc1nc(-c2ccc3ncnc(Nc4ccc5c(cnn5Cc5cccc
2433,0.552789,0.0873,4.98,10590.0,COc1cc2ncc(C#N)c(Nc3ccc(F)c(Cl)c3)c2cc1NC(=O)/C=C/
2434,0.794305,0.0820,7.15,71.0,CS(=O)(=O)CCNc1nc(-c2ccc3ncnc(Nc4ccc5c(cnn5Cc5cccc
2435,0.606215,0.0849,5.46,3500.0,CO[C@H]1[C@@H](N(C)C(=O)CNC(=O)OC(C)(C)C)C[C@@H]2O
2436,0.696401,0.0731,6.27,540.0,CS(=O)(=O)CCNc1nc(-c2ccc3ncnc(Nc4ccc(OCc5cccc(C(F)
2437,0.590573,0.0799,5.32,4840.0,CCN(CC)C(C)/C=C/C(=O)Nc1cc2c(Nc3ccc(F)c(Cl)c3)c(C#
2438,0.586101,0.0801,5.27,5310.0,Cc1cc(C(=O)NCCN2CCOCC2)[nH]c1/C=C1\C(=O)N(C)c2ncnc
2439,0.995401,0.0803,8.96,1.1,Cc1cc(C(=O)NCCN2CCOCC2)[nH]c1/C=C1\C(=O)Nc2ncnc(Nc
2440,0.995401,0.0723,8.96,1.1,Cc1cc(C(=O)NCCN2CCOCC2)[nH]c1/C=C1\C(=O)Nc2ncnc(Nc
2441,0.654006,0.0840,5.89,1300.0,CCCCC(O)CN(C)[C@H]1C[C@@H]2O[C@](C)([C@H]1OC)n1c3c
2442,0.606215,0.0808,5.46,3500.0,CO[C@H]1[C@@H](N(C)C(=O)CNC(=O)OC(C)(C)C)C[C@@H]2O
2443,0.606215,0.0801,5.46,3500.0,CO[C@H]1[C@@H](N(C)C(=O)CNC(=O)OC(C)(C)C)C[C@@H]2O
2444,0.606215,0.0770,5.46,3500.0,CO[C@H]1[C@@H](N(C)C(=O)CNC(=O)OC(C)(C)C)C[C@@H]2O
2445,0.606215,0.0835,5.46,3500.0,CO[C@H]1[C@@H](N(C)C(=O)CNC(=O)OC(C)(C)C)C[C@@H]2O
2446,0.888889,0.0757,8.00,10.0,CS(=O)(=O)CCNCc1ccc(-c2ccc3ncnc(Nc4ccc(OCc5cccc(F)
2447,0.995401,0.0812,8.96,1.1,Cc1cc(C(=O)NCCN2CCOCC2)[nH]c1/C=C1\C(=O)Nc2ncnc(Nc
2448,0.606215,0.0903,5.46,3500.0,CO[C@H]1[C@@H](N(C)C(=O)CNC(=O)OC(C)(C)C)C[C@@H]2O
2449,0.606215,0.0804,5.46,3500.0,CO[C@H]1[C@@H](N(C)C(=O)CNC(=O)OC(C)(C)C)C[C@@H]2O
2450,1.000000,0.0759,9.35,0.5,CCN(CC)CC(O)CNC(=O)c1cc(C)c(/C=C2\C(=O)Nc3ncnc(Nc4
2451,0.654006,0.0810,5.89,1300.0,CCCCC(O)CN(C)[C@H]1C[C@@H]2O[C@](C)([C@H]1OC)n1c3c
2452,0.565250,0.0840,5.09,8180.0,CO[C@H]1[C@@H](N(C)C(=O)c2cnccn2)C[C@@H]2O[C@@]1(C
2453,0.654006,0.0840,5.89,1300.0,CCCCC(O)CN(C)[C@H]1C[C@@H]2O[C@](C)([C@H]1OC)n1c3c
2454,0.995401,0.0833,8.96,1.1,Cc1cc(C(=O)NCCN2CCOCC2)[nH]c1/C=C1\C(=O)Nc2ncnc(Nc
2455,0.995401,0.0811,8.96,1.1,Cc1cc(C(=O)NCCN2CCOCC2)[nH]c1/C=C1\C(=O)Nc2ncnc(Nc
2456,0.590973,0.0792,5.32,4800.0,CO[C@H]1[C@@H](N(C)C(=O)c2cccc([N+](=O)[O-])c2)C[C
2457,0.606215,0.0878,5.46,3500.0,CO[C@H]1[C@@H](N(C)C(=O)CNC(=O)OC(C)(C)C)C[C@@H]2O
2458,0.696401,0.0781,6.27,540.0,CS(=O)(=O)CCNc1nc(-c2ccc3ncnc(Nc4ccc(OCc5cccc(C(F)
2459,0.696401,0.0815,6.27,540.0,CS(=O)(=O)CCNc1nc(-c2ccc3ncnc(Nc4ccc(OCc5cccc(C(F)
2460,0.565250,0.0768,5.09,8180.0,CO[C@H]1[C@@H](N(C)C(=O)c2cccnc2)C[C@@H]2O[C@@]1(C
2461,0.794305,0.0775,7.15,71.0,CS(=O)(=O)CCNc1nc(-c2ccc3ncnc(Nc4ccc5c(cnn5Cc5cccc
2462,0.680549,0.0765,6.12,750.0,COc1cccc(-c2cn(C3CCN(CC(=O)N(C)C)CC3)c3ncnc(N)c23)
2463,0.680549,0.0757,6.12,750.0,COc1cccc(-c2cn(C3CCN(CC(=O)N(C)C)CC3)c3ncnc(N)c23)
2464,0.995401,0.0768,8.96,1.1,Cc1cc(C(=O)NCCN2CCOCC2)[nH]c1/C=C1\C(=O)Nc2ncnc(Nc
2465,0.606215,0.0869,5.46,3500.0,CO[C@H]1[C@@H](N(C)C(=O)CNC(=O)OC(C)(C)C)C[C@@H]2O
2466,0.654006,0.0804,5.89,1300.0,CCCCC(O)CN(C)[C@H]1C[C@@H]2O[C@](C)([C@H]1OC)n1c3c
2467,0.606215,0.0773,5.46,3500.0,CO[C@H]1[C@@H](N(C)C(=O)CNC(=O)OC(C)(C)C)C[C@@H]2O
2468,0.846643,0.0761,7.62,24.0,CS(=O)(=O)CCNCCCCOc1ccc2ncnc(Nc3ccc4c(cnn4Cc4cccc(
2469,0.654006,0.0879,5.89,1300.0,CCCCC(O)CN(C)[C@H]1C[C@@H]2O[C@](C)([C@H]1OC)n1c3c
2470,0.654006,0.0757,5.89,1300.0,CCCCC(O)CN(C)[C@H]1C[C@@H]2O[C@](C)([C@H]1OC)n1c3c
2471,0.444444,0.0764,4.00,100000.0,COC(=O)CN1Cc2c(c3c4ccccc4n4c3c3c2c2ccccc2n3[C@]2(C
2472,0.670169,0.0701,6.03,930.0,COCCN(C)CCN1CCC(n2cc(-c3cccc(OC)c3)c3c(N)ncnc32)CC
2473,0.606215,0.0806,5.46,3500.0,CO[C@H]1[C@@H](N(C)C(=O)CNC(=O)OC(C)(C)C)C[C@@H]2O
2474,0.606215,0.0909,5.46,3500.0,CO[C@H]1[C@@H](N(C)C(=O)CNC(=O)OC(C)(C)C)C[C@@H]2O
2475,0.552789,0.0789,4.98,10590.0,COc1cc2ncc(C#N)c(Nc3ccc(F)c(Cl)c3)c2cc1NC(=O)/C=C/
2476,0.590573,0.0829,5.32,4840.0,CCN(CC)C(C)/C=C/C(=O)Nc1cc2c(Nc3ccc(F)c(Cl)c3)c(C#
2477,0.995401,0.0826,8.96,1.1,Cc1cc(C(=O)NCCN2CCOCC2)[nH]c1/C=C1\C(=O)Nc2ncnc(Nc
2478,0.654006,0.0805,5.89,1300.0,CCCCC(O)CN(C)[C@H]1C[C@@H]2O[C@](C)([C@H]1OC)n1c3c
2479,0.654006,0.0800,5.89,1300.0,CCCCC(O)CN(C)[C@H]1C[C@@H]2O[C@](C)([C@H]1OC)n1c3c
2480,0.606215,0.0717,5.46,3500.0,CO[C@H]1[C@@H](N(C)C(=O)CNC(=O)OC(C)(C)C)C[C@@H]2O
2481,0.552789,0.0870,4.98,10590.0,COc1cc2ncc(C#N)c(Nc3ccc(F)c(Cl)c3)c2cc1NC(=O)/C=C/
2482,0.995401,0.0781,8.96,1.1,Cc1cc(C(=O)NCCN2CCOCC2)[nH]c1/C=C1\C(=O)Nc2ncnc(Nc
2483,0.606215,0.0896,5.46,3500.0,CO[C@H]1[C@@H](N(C)C(=O)CNC(=O)OC(C)(C)C)C[C@@H]2O
2484,0.606215,0.0941,5.46,3500.0,CO[C@H]1[C@@H](N(C)C(=O)CNC(=O)OC(C)(C)C)C[C@@H]2O
2485,0.606215,0.0746,5.46,3500.0,CO[C@H]1[C@@H](N(C)C(=O)CNC(=O)OC(C)(C)C)C[C@@H]2O
2486,0.619822,0.0819,5.58,2640.0,CN(C)C/C=C/C(=O)Nc1cc2c(Nc3ccc(F)c(Cl)c3)c(C#N)cnc
2487,0.654006,0.0783,5.89,1300.0,CCCCC(O)CN(C)[C@H]1C[C@@H]2O[C@](C)([C@H]1OC)n1c3c
2488,0.606215,0.0886,5.46,3500.0,CO[C@H]1[C@@H](N(C)C(=O)CNC(=O)OC(C)(C)C)C[C@@H]2O
2489,0.696401,0.0823,6.27,540.0,CS(=O)(=O)CCNc1nc(-c2ccc3ncnc(Nc4ccc(OCc5cccc(C(F)
2490,0.995401,0.0816,8.96,1.1,Cc1cc(C(=O)NCCN2CCOCC2)[nH]c1/C=C1\C(=O)Nc2ncnc(Nc
2491,0.565250,0.0818,5.09,8180.0,CO[C@H]1[C@@H](N(C)C(=O)c2cccnc2)C[C@@H]2O[C@@]1(C
2492,0.995401,0.0842,8.96,1.1,Cc1cc(C(=O)NCCN2CCOCC2)[nH]c1/C=C1\C(=O)Nc2ncnc(Nc
2493,0.552789,0.0788,4.98,10590.0,COc1cc2ncc(C#N)c(Nc3ccc(F)c(Cl)c3)c2cc1NC(=O)/C=C/
2494,0.544788,0.0848,4.90,12500.0,CNC(=S)N(C)[C@H]1C[C@@H]2O[C@](C)([C@H]1OC)n1c3ccc
2495,0.444444,0.0738,4.00,100000.0,COC(=O)CN1Cc2c(c3c4ccccc4n4c3c3c2c2ccccc2n3[C@]2(C
2496,0.860525,0.0841,7.74,18.0,C#Cc1cccc(Nc2ncnc3c2/C(=C/c2[nH]c(C(=O)NCCN4CCOCC4
2497,0.606215,0.0835,5.46,3500.0,CO[C@H]1[C@@H](N(C)C(=O)CNC(=O)OC(C)(C)C)C[C@@H]2O
2498,0.590573,0.0755,5.32,4840.0,CCN(CC)C(C)/C=C/C(=O)Nc1cc2c(Nc3ccc(F)c(Cl)c3)c(C#
2499,0.696401,0.0768,6.27,540.0,CS(=O)(=O)CCNc1nc(-c2ccc3ncnc(Nc4ccc(OCc5cccc(C(F)
2500,0.606215,0.0796,5.46,3500.0,CO[C@H]1[C@@H](N(C)C(=O)CNC(=O)OC(C)(C)C)C[C@@H]2O
2501,0.696401,0.0803,6.27,540.0,CS(=O)(=O)CCNc1nc(-c2ccc3ncnc(Nc4ccc(OCc5cccc(C(F)
2502,0.606215,0.0805,5.46,3500.0,CO[C@H]1[C@@H](N(C)C(=O)CNC(=O)OC(C)(C)C)C[C@@H]2O
2503,0.565250,0.0816,5.09,8180.0,CO[C@H]1[C@@H](N(C)C(=O)c2cccnc2)C[C@@H]2O[C@@]1(C
2504,0.888889,0.0805,8.00,10.0,CS(=O)(=O)CCNCc1ccc(-c2ccc3ncnc(Nc4ccc(OCc5cccc(F)
2505,0.590573,0.0738,5.32,4840.0,CCN(CC)C(C)/C=C/C(=O)Nc1cc2c(Nc3ccc(F)c(Cl)c3)c(C#
2506,0.606215,0.0882,5.46,3500.0,CO[C@H]1[C@@H](N(C)C(=O)CNC(=O)OC(C)(C)C)C[C@@H]2O
2507,0.606215,0.0789,5.46,3500.0,CO[C@H]1[C@@H](N(C)C(=O)CNC(=O)OC(C)(C)C)C[C@@H]2O
2508,0.654006,0.0729,5.89,1300.0,CCCCC(O)CN(C)[C@H]1C[C@@H]2O[C@](C)([C@H]1OC)n1c3c
2509,0.606215,0.0909,5.46,3500.0,CO[C@H]1[C@@H](N(C)C(=O)CNC(=O)OC(C)(C)C)C[C@@H]2O
2510,0.606215,0.0870,5.46,3500.0,CO[C@H]1[C@@H](N(C)C(=O)CNC(=O)OC(C)(C)C)C[C@@H]2O
2511,0.794305,0.0797,7.15,71.0,CS(=O)(=O)CCNc1nc(-c2ccc3ncnc(Nc4ccc5c(cnn5Cc5cccc
2512,0.606215,0.0896,5.46,3500.0,CO[C@H]1[C@@H](N(C)C(=O)CNC(=O)OC(C)(C)C)C[C@@H]2O
2513,0.444444,0.0721,4.00,100000.0,COC(=O)CN1Cc2c(c3c4ccccc4n4c3c3c2c2ccccc2n3[C@]2(C
2514,0.888889,0.0768,8.00,10.0,CS(=O)(=O)CCNCc1ccc(-c2ccc3ncnc(Nc4ccc(OCc5cccc(F)
2515,0.995401,0.0799,8.96,1.1,Cc1cc(C(=O)NCCN2CCOCC2)[nH]c1/C=C1\C(=O)Nc2ncnc(Nc
2516,0.744330,0.0819,6.70,200.0,CCN(CC)CCNC(=O)c1c(C)[nH]c(/C=C2\C(=O)Nc3ncnc(Nc4c
2517,0.888889,0.0750,8.00,10.0,CS(=O)(=O)CCNCc1ccc(-c2ccc3ncnc(Nc4ccc(OCc5cccc(F)
2518,0.995401,0.0840,8.96,1.1,Cc1cc(C(=O)NCCN2CCOCC2)[nH]c1/C=C1\C(=O)Nc2ncnc(Nc
2519,0.565250,0.0740,5.09,8180.0,CO[C@H]1[C@@H](N(C)C(=O)c2cnccn2)C[C@@H]2O[C@@]1(C
2520,0.586101,0.0721,5.27,5310.0,Cc1cc(C(=O)NCCN2CCOCC2)[nH]c1/C=C1\C(=O)N(C)c2ncnc
2521,0.670169,0.0793,6.03,930.0,COCCN(C)CCN1CCC(n2cc(-c3cccc(OC)c3)c3c(N)ncnc32)CC
2522,0.654006,0.0838,5.89,1300.0,CCCCC(O)CN(C)[C@H]1C[C@@H]2O[C@](C)([C@H]1OC)n1c3c
2523,0.552789,0.0785,4.98,10590.0,COc1cc2ncc(C#N)c(Nc3ccc(F)c(Cl)c3)c2cc1NC(=O)/C=C/
2524,0.696401,0.0780,6.27,540.0,CS(=O)(=O)CCNc1nc(-c2ccc3ncnc(Nc4ccc(OCc5cccc(C(F)
2525,0.654006,0.0754,5.89,1300.0,CCCCC(O)CN(C)[C@H]1C[C@@H]2O[C@](C)([C@H]1OC)n1c3c
2526,0.606215,0.0775,5.46,3500.0,CO[C@H]1[C@@H](N(C)C(=O)CNC(=O)OC(C)(C)C)C[C@@H]2O
2527,0.590573,0.0858,5.32,4840.0,CCN(CC)C(C)/C=C/C(=O)Nc1cc2c(Nc3ccc(F)c(Cl)c3)c(C#
2528,0.590573,0.0819,5.32,4840.0,CCN(CC)C(C)/C=C/C(=O)Nc1cc2c(Nc3ccc(F)c(Cl)c3)c(C#
2529,0.606215,0.0779,5.46,3500.0,CO[C@H]1[C@@H](N(C)C(=O)CNC(=O)OC(C)(C)C)C[C@@H]2O
2530,0.995401,0.0890,8.96,1.1,Cc1cc(C(=O)NCCN2CCOCC2)[nH]c1/C=C1\C(=O)Nc2ncnc(Nc
2531,0.606215,0.0980,5.46,3500.0,CO[C@H]1[C@@H](N(C)C(=O)CNC(=O)OC(C)(C)C)C[C@@H]2O
2532,0.927421,0.0743,8.35,4.5,Cc1cc(C(=O)N2CCOCC2)[nH]c1/C=C1\C(=O)Nc2ncnc(Nc3cc
2533,0.606215,0.0811,5.46,3500.0,CO[C@H]1[C@@H](N(C)C(=O)CNC(=O)OC(C)(C)C)C[C@@H]2O
2534,0.654006,0.0771,5.89,1300.0,CCCCC(O)CN(C)[C@H]1C[C@@H]2O[C@](C)([C@H]1OC)n1c3c
2535,0.586101,0.0792,5.27,5310.0,Cc1cc(C(=O)NCCN2CCOCC2)[nH]c1/C=C1\C(=O)N(C)c2ncnc
2536,0.995401,0.0824,8.96,1.1,Cc1cc(C(=O)NCCN2CCOCC2)[nH]c1/C=C1\C(=O)Nc2ncnc(Nc
2537,0.590573,0.0769,5.32,4840.0,CCN(CC)C(C)/C=C/C(=O)Nc1cc2c(Nc3ccc(F)c(Cl)c3)c(C#
2538,0.654006,0.0894,5.89,1300.0,CCCCC(O)CN(C)[C@H]1C[C@@H]2O[C@](C)([C@H]1OC)n1c3c
2539,0.552789,0.0949,4.98,10590.0,COc1cc2ncc(C#N)c(Nc3ccc(F)c(Cl)c3)c2cc1NC(=O)/C=C/
2540,0.590573,0.0785,5.32,4840.0,CCN(CC)C(C)/C=C/C(=O)Nc1cc2c(Nc3ccc(F)c(Cl)c3)c(C#
2541,0.888889,0.0777,8.00,10.0,CS(=O)(=O)CCNCc1ccc(-c2ccc3ncnc(Nc4ccc(OCc5cccc(F)
2542,0.606215,0.0829,5.46,3500.0,CO[C@H]1[C@@H](N(C)C(=O)CNC(=O)OC(C)(C)C)C[C@@H]2O
2543,0.606215,0.0799,5.46,3500.0,CO[C@H]1[C@@H](N(C)C(=O)CNC(=O)OC(C)(C)C)C[C@@H]2O
2544,0.590973,0.0774,5.32,4800.0,CO[C@H]1[C@@H](N(C)C(=O)c2cccc([N+](=O)[O-])c2)C[C
2545,0.552789,0.0782,4.98,10590.0,COc1cc2ncc(C#N)c(Nc3ccc(F)c(Cl)c3)c2cc1NC(=O)/C=C/
2546,0.794305,0.0859,7.15,71.0,CS(=O)(=O)CCNc1nc(-c2ccc3ncnc(Nc4ccc5c(cnn5Cc5cccc
2547,0.590973,0.0769,5.32,4800.0,CO[C@H]1[C@@H](N(C)C(=O)c2cccc([N+](=O)[O-])c2)C[C
2548,0.995401,0.0747,8.96,1.1,Cc1cc(C(=O)NCCN2CCOCC2)[nH]c1/C=C1\C(=O)Nc2ncnc(Nc
2549,0.606215,0.0800,5.46,3500.0,CO[C@H]1[C@@H](N(C)C(=O)CNC(=O)OC(C)(C)C)C[C@@H]2O
2550,0.606215,0.0879,5.46,3500.0,CO[C@H]1[C@@H](N(C)C(=O)CNC(=O)OC(C)(C)C)C[C@@H]2O
2551,0.565250,0.0763,5.09,8180.0,CO[C@H]1[C@@H](N(C)C(=O)c2cnccn2)C[C@@H]2O[C@@]1(C
2552,0.654006,0.0909,5.89,1300.0,CCCCC(O)CN(C)[C@H]1C[C@@H]2O[C@](C)([C@H]1OC)n1c3c
2553,0.654006,0.0858,5.89,1300.0,CCCCC(O)CN(C)[C@H]1C[C@@H]2O[C@](C)([C@H]1OC)n1c3c
2554,0.565250,0.0779,5.09,8180.0,CO[C@H]1[C@@H](N(C)C(=O)c2cnccn2)C[C@@H]2O[C@@]1(C
2555,0.888889,0.0792,8.00,10.0,CS(=O)(=O)CCNCc1ccc(-c2ccc3ncnc(Nc4ccc(OCc5cccc(F)
2556,0.696401,0.0751,6.27,540.0,CS(=O)(=O)CCNc1nc(-c2ccc3ncnc(Nc4ccc(OCc5cccc(C(F)
2557,0.606215,0.0789,5.46,3500.0,CO[C@H]1[C@@H](N(C)C(=O)CNC(=O)OC(C)(C)C)C[C@@H]2O
2558,0.453333,0.0790,4.08,83176.4,COc1cc(/C=C(\C#N)C(N)=O)cc(CSc2nc3cc(Cl)ccc3s2)c1O
2559,0.654006,0.0840,5.89,1300.0,CCCCC(O)CN(C)[C@H]1C[C@@H]2O[C@](C)([C@H]1OC)n1c3c
2560,0.696401,0.0820,6.27,540.0,CS(=O)(=O)CCNc1nc(-c2ccc3ncnc(Nc4ccc(OCc5cccc(C(F)
2561,0.555556,0.0689,5.00,10000.0,C[C@H](Nc1nccc(-c2c(-c3cccc(C(F)(F)F)c3)nc(C3CCNCC
2562,0.606215,0.0856,5.46,3500.0,CO[C@H]1[C@@H](N(C)C(=O)CNC(=O)OC(C)(C)C)C[C@@H]2O
2563,0.888889,0.0821,8.00,10.0,CS(=O)(=O)CCNCc1ccc(-c2ccc3ncnc(Nc4ccc(OCc5cccc(F)
2564,0.606215,0.0932,5.46,3500.0,CO[C@H]1[C@@H](N(C)C(=O)CNC(=O)OC(C)(C)C)C[C@@H]2O
2565,0.654006,0.0787,5.89,1300.0,CCCCC(O)CN(C)[C@H]1C[C@@H]2O[C@](C)([C@H]1OC)n1c3c
2566,0.654006,0.0776,5.89,1300.0,CCCCC(O)CN(C)[C@H]1C[C@@H]2O[C@](C)([C@H]1OC)n1c3c
2567,0.927421,0.0756,8.35,4.5,Cc1cc(C(=O)N2CCOCC2)[nH]c1/C=C1\C(=O)Nc2ncnc(Nc3cc
2568,0.606215,0.0832,5.46,3500.0,CO[C@H]1[C@@H](N(C)C(=O)CNC(=O)OC(C)(C)C)C[C@@H]2O
2569,0.552789,0.0811,4.98,10590.0,COc1cc2ncc(C#N)c(Nc3ccc(F)c(Cl)c3)c2cc1NC(=O)/C=C/
2570,0.654006,0.0880,5.89,1300.0,CCCCC(O)CN(C)[C@H]1C[C@@H]2O[C@](C)([C@H]1OC)n1c3c
2571,0.723182,0.0725,6.51,310.0,COCCNCCN1CCC(n2cc(-c3cccc(OC)c3)c3c(N)ncnc32)CC1
2572,0.606215,0.0784,5.46,3500.0,CO[C@H]1[C@@H](N(C)C(=O)CNC(=O)OC(C)(C)C)C[C@@H]2O
2573,0.593027,0.0808,5.34,4600.0,CO[C@H]1[C@@H](N(C)C(=O)c2cccc(Cl)c2)C[C@@H]2O[C@@
2574,0.995401,0.0726,8.96,1.1,Cc1cc(C(=O)NCCN2CCOCC2)[nH]c1/C=C1\C(=O)Nc2ncnc(Nc
2575,0.654006,0.0755,5.89,1300.0,CCCCC(O)CN(C)[C@H]1C[C@@H]2O[C@](C)([C@H]1OC)n1c3c
2576,0.570085,0.0832,5.13,7400.0,COC(=O)c1ccc(C(=O)N(C)[C@H]2C[C@@H]3O[C@](C)([C@H]
2577,0.606215,0.0862,5.46,3500.0,CO[C@H]1[C@@H](N(C)C(=O)CNC(=O)OC(C)(C)C)C[C@@H]2O
2578,0.788546,0.0778,7.10,80.0,C=CC(=O)Nc1cc2c(Nc3ccc(F)c(Cl)c3)c(C#N)cnc2cc1OCCC
2579,0.565250,0.0764,5.09,8180.0,CO[C@H]1[C@@H](N(C)C(=O)c2cnccn2)C[C@@H]2O[C@@]1(C
2580,0.606215,0.0819,5.46,3500.0,CO[C@H]1[C@@H](N(C)C(=O)CNC(=O)OC(C)(C)C)C[C@@H]2O
2581,0.995401,0.0820,8.96,1.1,Cc1cc(C(=O)NCCN2CCOCC2)[nH]c1/C=C1\C(=O)Nc2ncnc(Nc
2582,0.696401,0.0866,6.27,540.0,CS(=O)(=O)CCNc1nc(-c2ccc3ncnc(Nc4ccc(OCc5cccc(C(F)
2583,0.654006,0.0808,5.89,1300.0,CCCCC(O)CN(C)[C@H]1C[C@@H]2O[C@](C)([C@H]1OC)n1c3c
2584,0.654006,0.0829,5.89,1300.0,CCCCC(O)CN(C)[C@H]1C[C@@H]2O[C@](C)([C@H]1OC)n1c3c
2585,0.606215,0.0736,5.46,3500.0,CO[C@H]1[C@@H](N(C)C(=O)CNC(=O)OC(C)(C)C)C[C@@H]2O
2586,0.606215,0.0876,5.46,3500.0,CO[C@H]1[C@@H](N(C)C(=O)CNC(=O)OC(C)(C)C)C[C@@H]2O
2587,0.654006,0.0804,5.89,1300.0,CCCCC(O)CN(C)[C@H]1C[C@@H]2O[C@](C)([C@H]1OC)n1c3c
2588,0.586101,0.0822,5.27,5310.0,Cc1cc(C(=O)NCCN2CCOCC2)[nH]c1/C=C1\C(=O)N(C)c2ncnc
2589,0.552789,0.0849,4.98,10590.0,COc1cc2ncc(C#N)c(Nc3ccc(F)c(Cl)c3)c2cc1NC(=O)/C=C/
2590,0.654006,0.0829,5.89,1300.0,CCCCC(O)CN(C)[C@H]1C[C@@H]2O[C@](C)([C@H]1OC)n1c3c
2591,0.670169,0.0833,6.03,930.0,COCCN(C)CCN1CCC(n2cc(-c3cccc(OC)c3)c3c(N)ncnc32)CC
2592,0.927421,0.0850,8.35,4.5,Cc1cc(C(=O)N2CCOCC2)[nH]c1/C=C1\C(=O)Nc2ncnc(Nc3cc
2593,0.654006,0.0772,5.89,1300.0,CCCCC(O)CN(C)[C@H]1C[C@@H]2O[C@](C)([C@H]1OC)n1c3c
2594,0.654006,0.0768,5.89,1300.0,CCCCC(O)CN(C)[C@H]1C[C@@H]2O[C@](C)([C@H]1OC)n1c3c
2595,0.590973,0.0818,5.32,4800.0,CO[C@H]1[C@@H](N(C)C(=O)c2cccc([N+](=O)[O-])c2)C[C
2596,0.788546,0.0766,7.10,80.0,CCOc1cc2ncc(C#N)c(Nc3ccc(F)c(Cl)c3)c2cc1NC(=O)/C=C
2597,0.444444,0.0678,4.00,100000.0,COC(=O)CN1Cc2c(c3c4ccccc4n4c3c3c2c2ccccc2n3[C@]2(C
2598,0.628620,0.0745,5.66,2200.0,CC(C)(C)OC(=O)N1CCC(n2cc(-c3cccc(O)c3)c3c(N)ncnc32
2599,0.565250,0.0752,5.09,8180.0,CO[C@H]1[C@@H](N(C)C(=O)c2cnccn2)C[C@@H]2O[C@@]1(C
2600,0.453333,0.0742,4.08,83176.4,COc1cc(/C=C(\C#N)C(N)=O)cc(CSc2nc3cc(Cl)ccc3s2)c1O
2601,0.654006,0.0775,5.89,1300.0,CCCCC(O)CN(C)[C@H]1C[C@@H]2O[C@](C)([C@H]1OC)n1c3c
2602,0.590573,0.0819,5.32,4840.0,CCN(CC)C(C)/C=C/C(=O)Nc1cc2c(Nc3ccc(F)c(Cl)c3)c(C#
2603,0.995401,0.0789,8.96,1.1,Cc1cc(C(=O)NCCN2CCOCC2)[nH]c1/C=C1\C(=O)Nc2ncnc(Nc
2604,0.654006,0.0777,5.89,1300.0,CCCCC(O)CN(C)[C@H]1C[C@@H]2O[C@](C)([C@H]1OC)n1c3c
2605,0.654006,0.0795,5.89,1300.0,CCCCC(O)CN(C)[C@H]1C[C@@H]2O[C@](C)([C@H]1OC)n1c3c
2606,0.606215,0.0778,5.46,3500.0,CO[C@H]1[C@@H](N(C)C(=O)CNC(=O)OC(C)(C)C)C[C@@H]2O
2607,0.995401,0.0787,8.96,1.1,Cc1cc(C(=O)NCCN2CCOCC2)[nH]c1/C=C1\C(=O)Nc2ncnc(Nc
2608,0.593027,0.0824,5.34,4600.0,CO[C@H]1[C@@H](N(C)C(=O)c2cccc(Cl)c2)C[C@@H]2O[C@@
2609,0.606215,0.0764,5.46,3500.0,CO[C@H]1[C@@H](N(C)C(=O)CNC(=O)OC(C)(C)C)C[C@@H]2O
2610,0.654006,0.0891,5.89,1300.0,CCCCC(O)CN(C)[C@H]1C[C@@H]2O[C@](C)([C@H]1OC)n1c3c
2611,0.606215,0.0805,5.46,3500.0,CO[C@H]1[C@@H](N(C)C(=O)CNC(=O)OC(C)(C)C)C[C@@H]2O
2612,0.606215,0.0785,5.46,3500.0,CO[C@H]1[C@@H](N(C)C(=O)CNC(=O)OC(C)(C)C)C[C@@H]2O
2613,0.453333,0.0733,4.08,83176.4,COc1cc(/C=C(\C#N)C(N)=O)cc(CSc2nc3cc(Cl)ccc3s2)c1O
2614,0.606215,0.0892,5.46,3500.0,CO[C@H]1[C@@H](N(C)C(=O)CNC(=O)OC(C)(C)C)C[C@@H]2O
2615,0.590573,0.0750,5.32,4840.0,CCN(CC)C(C)/C=C/C(=O)Nc1cc2c(Nc3ccc(F)c(Cl)c3)c(C#
2616,0.654006,0.0876,5.89,1300.0,CCCCC(O)CN(C)[C@H]1C[C@@H]2O[C@](C)([C@H]1OC)n1c3c
2617,0.590573,0.0722,5.32,4840.0,CCN(CC)C(C)/C=C/C(=O)Nc1cc2c(Nc3ccc(F)c(Cl)c3)c(C#
2618,0.971636,0.0807,8.74,1.8,Cc1cc(C(=O)N2CCOCC2)[nH]c1/C=C1\C(=O)Nc2ncnc(Nc3cc
2619,0.606215,0.0813,5.46,3500.0,CO[C@H]1[C@@H](N(C)C(=O)CNC(=O)OC(C)(C)C)C[C@@H]2O
2620,0.552789,0.0854,4.98,10590.0,COc1cc2ncc(C#N)c(Nc3ccc(F)c(Cl)c3)c2cc1NC(=O)/C=C/
2621,0.654006,0.0867,5.89,1300.0,CCCCC(O)CN(C)[C@H]1C[C@@H]2O[C@](C)([C@H]1OC)n1c3c
2622,0.654006,0.0773,5.89,1300.0,CCCCC(O)CN(C)[C@H]1C[C@@H]2O[C@](C)([C@H]1OC)n1c3c
2623,0.606215,0.0790,5.46,3500.0,CO[C@H]1[C@@H](N(C)C(=O)CNC(=O)OC(C)(C)C)C[C@@H]2O
2624,0.606215,0.0857,5.46,3500.0,CO[C@H]1[C@@H](N(C)C(=O)CNC(=O)OC(C)(C)C)C[C@@H]2O
2625,1.000000,0.0759,9.35,0.5,CCN(CC)CC(O)CNC(=O)c1cc(C)c(/C=C2\C(=O)Nc3ncnc(Nc4
2626,0.675658,0.0825,6.08,830.0,COC(=O)CN1CCC(n2cc(-c3cccc(OC)c3)c3c(N)ncnc32)C1
2627,0.606215,0.0830,5.46,3500.0,CO[C@H]1[C@@H](N(C)C(=O)CNC(=O)OC(C)(C)C)C[C@@H]2O
2628,0.606215,0.0928,5.46,3500.0,CO[C@H]1[C@@H](N(C)C(=O)CNC(=O)OC(C)(C)C)C[C@@H]2O
2629,0.654006,0.0763,5.89,1300.0,CCCCC(O)CN(C)[C@H]1C[C@@H]2O[C@](C)([C@H]1OC)n1c3c
2630,0.680549,0.0709,6.12,750.0,COc1cccc(-c2cn(C3CCN(CC(=O)N(C)C)CC3)c3ncnc(N)c23)
2631,0.654006,0.0811,5.89,1300.0,CCCCC(O)CN(C)[C@H]1C[C@@H]2O[C@](C)([C@H]1OC)n1c3c
2632,0.444444,0.0690,4.00,100000.0,COC(=O)CN1Cc2c(c3c4ccccc4n4c3c3c2c2ccccc2n3[C@]2(C
2633,0.606215,0.0824,5.46,3500.0,CO[C@H]1[C@@H](N(C)C(=O)CNC(=O)OC(C)(C)C)C[C@@H]2O
2634,0.453333,0.0760,4.08,83176.4,COc1cc(/C=C(\C#N)C(N)=O)cc(CSc2nc3cc(Cl)ccc3s2)c1O
2635,0.606215,0.0899,5.46,3500.0,CO[C@H]1[C@@H](N(C)C(=O)CNC(=O)OC(C)(C)C)C[C@@H]2O
2636,0.590973,0.0844,5.32,4800.0,CO[C@H]1[C@@H](N(C)C(=O)c2cccc([N+](=O)[O-])c2)C[C
2637,0.606215,0.0860,5.46,3500.0,CO[C@H]1[C@@H](N(C)C(=O)CNC(=O)OC(C)(C)C)C[C@@H]2O
2638,0.444444,0.0779,4.00,100000.0,COC(=O)CN1Cc2c(c3c4ccccc4n4c3c3c2c2ccccc2n3[C@]2(C
2639,0.971636,0.0774,8.74,1.8,Cc1cc(C(=O)N2CCOCC2)[nH]c1/C=C1\C(=O)Nc2ncnc(Nc3cc
2640,0.696401,0.0812,6.27,540.0,CS(=O)(=O)CCNc1nc(-c2ccc3ncnc(Nc4ccc(OCc5cccc(C(F)
2641,0.694646,0.0784,6.25,560.0,C=C(CN(C)C)C(=O)Nc1cc2c(Nc3ccc(F)c(Cl)c3)c(C#N)cnc
2642,0.552789,0.0772,4.98,10590.0,COc1cc2ncc(C#N)c(Nc3ccc(F)c(Cl)c3)c2cc1NC(=O)/C=C/
2643,0.696401,0.0806,6.27,540.0,CS(=O)(=O)CCNc1nc(-c2ccc3ncnc(Nc4ccc(OCc5cccc(C(F)
2644,0.444444,0.0780,4.00,100000.0,COC(=O)CN1Cc2c(c3c4ccccc4n4c3c3c2c2ccccc2n3[C@]2(C
2645,0.606215,0.0745,5.46,3500.0,CO[C@H]1[C@@H](N(C)C(=O)CNC(=O)OC(C)(C)C)C[C@@H]2O
2646,0.654006,0.0782,5.89,1300.0,CCCCC(O)CN(C)[C@H]1C[C@@H]2O[C@](C)([C@H]1OC)n1c3c
2647,0.995401,0.0753,8.96,1.1,Cc1cc(C(=O)NCCN2CCOCC2)[nH]c1/C=C1\C(=O)Nc2ncnc(Nc
2648,0.927421,0.0807,8.35,4.5,Cc1cc(C(=O)N2CCOCC2)[nH]c1/C=C1\C(=O)Nc2ncnc(Nc3cc
2649,0.565250,0.0861,5.09,8180.0,CO[C@H]1[C@@H](N(C)C(=O)c2cnccn2)C[C@@H]2O[C@@]1(C
2650,0.696401,0.0789,6.27,540.0,CS(=O)(=O)CCNc1nc(-c2ccc3ncnc(Nc4ccc(OCc5cccc(C(F)
2651,0.606215,0.0846,5.46,3500.0,CO[C@H]1[C@@H](N(C)C(=O)CNC(=O)OC(C)(C)C)C[C@@H]2O
2652,0.927421,0.0755,8.35,4.5,Cc1cc(C(=O)N2CCOCC2)[nH]c1/C=C1\C(=O)Nc2ncnc(Nc3cc
2653,0.606215,0.0925,5.46,3500.0,CO[C@H]1[C@@H](N(C)C(=O)CNC(=O)OC(C)(C)C)C[C@@H]2O
2654,0.654006,0.0789,5.89,1300.0,CCCCC(O)CN(C)[C@H]1C[C@@H]2O[C@](C)([C@H]1OC)n1c3c
2655,0.696401,0.0757,6.27,540.0,CS(=O)(=O)CCNc1nc(-c2ccc3ncnc(Nc4ccc(OCc5cccc(C(F)
2656,0.606215,0.0836,5.46,3500.0,CO[C@H]1[C@@H](N(C)C(=O)CNC(=O)OC(C)(C)C)C[C@@H]2O
2657,0.552789,0.0768,4.98,10590.0,COc1cc2ncc(C#N)c(Nc3ccc(F)c(Cl)c3)c2cc1NC(=O)/C=C/
2658,0.995401,0.0754,8.96,1.1,Cc1cc(C(=O)NCCN2CCOCC2)[nH]c1/C=C1\C(=O)Nc2ncnc(Nc
2659,0.654006,0.0861,5.89,1300.0,CCCCC(O)CN(C)[C@H]1C[C@@H]2O[C@](C)([C@H]1OC)n1c3c
2660,0.696401,0.0881,6.27,540.0,CS(=O)(=O)CCNc1nc(-c2ccc3ncnc(Nc4ccc(OCc5cccc(C(F)
2661,0.888889,0.0757,8.00,10.0,CS(=O)(=O)CCNCc1ccc(-c2ccc3ncnc(Nc4ccc(OCc5cccc(F)
2662,0.654006,0.0920,5.89,1300.0,CCCCC(O)CN(C)[C@H]1C[C@@H]2O[C@](C)([C@H]1OC)n1c3c
2663,0.552789,0.0738,4.98,10590.0,COc1cc2ncc(C#N)c(Nc3ccc(F)c(Cl)c3)c2cc1NC(=O)/C=C/
2664,0.654006,0.0890,5.89,1300.0,CCCCC(O)CN(C)[C@H]1C[C@@H]2O[C@](C)([C@H]1OC)n1c3c
2665,0.696401,0.0839,6.27,540.0,CS(=O)(=O)CCNc1nc(-c2ccc3ncnc(Nc4ccc(OCc5cccc(C(F)
2666,0.606215,0.0855,5.46,3500.0,CO[C@H]1[C@@H](N(C)C(=O)CNC(=O)OC(C)(C)C)C[C@@H]2O
2667,0.971636,0.0746,8.74,1.8,Cc1cc(C(=O)N2CCOCC2)[nH]c1/C=C1\C(=O)Nc2ncnc(Nc3cc
2668,0.606215,0.0835,5.46,3500.0,CO[C@H]1[C@@H](N(C)C(=O)CNC(=O)OC(C)(C)C)C[C@@H]2O
2669,0.552789,0.0809,4.98,10590.0,COc1cc2ncc(C#N)c(Nc3ccc(F)c(Cl)c3)c2cc1NC(=O)/C=C/
2670,0.654006,0.0751,5.89,1300.0,CCCCC(O)CN(C)[C@H]1C[C@@H]2O[C@](C)([C@H]1OC)n1c3c
2671,0.630865,0.0734,5.68,2100.0,COc1cccc(-c2cn(C3CCN(C(=O)OC(C)(C)C)C3)c3ncnc(N)c2
2672,0.606215,0.0772,5.46,3500.0,CO[C@H]1[C@@H](N(C)C(=O)CNC(=O)OC(C)(C)C)C[C@@H]2O
2673,0.606215,0.0785,5.46,3500.0,CO[C@H]1[C@@H](N(C)C(=O)CNC(=O)OC(C)(C)C)C[C@@H]2O
2674,0.888889,0.0801,8.00,10.0,CS(=O)(=O)CCNCc1ccc(-c2ccc3ncnc(Nc4ccc(OCc5cccc(F)
2675,0.971636,0.0735,8.74,1.8,Cc1cc(C(=O)N2CCOCC2)[nH]c1/C=C1\C(=O)Nc2ncnc(Nc3cc
2676,0.590573,0.0846,5.32,4840.0,CCN(CC)C(C)/C=C/C(=O)Nc1cc2c(Nc3ccc(F)c(Cl)c3)c(C#
2677,0.654006,0.0756,5.89,1300.0,CCCCC(O)CN(C)[C@H]1C[C@@H]2O[C@](C)([C@H]1OC)n1c3c
2678,0.606215,0.0781,5.46,3500.0,CO[C@H]1[C@@H](N(C)C(=O)CNC(=O)OC(C)(C)C)C[C@@H]2O
2679,0.552789,0.0865,4.98,10590.0,COc1cc2ncc(C#N)c(Nc3ccc(F)c(Cl)c3)c2cc1NC(=O)/C=C/
2680,0.552789,0.0883,4.98,10590.0,COc1cc2ncc(C#N)c(Nc3ccc(F)c(Cl)c3)c2cc1NC(=O)/C=C/
2681,0.540824,0.0823,4.87,13570.0,COc1cc2ncc(C#N)c(Nc3ccc(F)c(Cl)c3)c2cc1NC(=O)/C=C/
2682,0.850842,0.0803,7.66,22.0,O=C1Nc2ncnc(Nc3ccc(F)c(Cl)c3)c2/C1=C/c1ccc(C(=O)NC
2683,0.888889,0.0691,8.00,10.0,CS(=O)(=O)CCNCc1ccc(-c2ccc3ncnc(Nc4ccc(OCc5cccc(F)
2684,0.606215,0.0802,5.46,3500.0,CO[C@H]1[C@@H](N(C)C(=O)CNC(=O)OC(C)(C)C)C[C@@H]2O
2685,0.619822,0.0807,5.58,2640.0,CN(C)C/C=C/C(=O)Nc1cc2c(Nc3ccc(F)c(Cl)c3)c(C#N)cnc
2686,0.606215,0.0840,5.46,3500.0,CO[C@H]1[C@@H](N(C)C(=O)CNC(=O)OC(C)(C)C)C[C@@H]2O
2687,0.971636,0.0800,8.74,1.8,Cc1cc(C(=O)N2CCOCC2)[nH]c1/C=C1\C(=O)Nc2ncnc(Nc3cc
2688,0.744330,0.0754,6.70,200.0,CCN(CC)CCNC(=O)c1c(C)[nH]c(/C=C2\C(=O)Nc3ncnc(Nc4c
2689,0.654006,0.0825,5.89,1300.0,CCCCC(O)CN(C)[C@H]1C[C@@H]2O[C@](C)([C@H]1OC)n1c3c
2690,0.654006,0.0832,5.89,1300.0,CCCCC(O)CN(C)[C@H]1C[C@@H]2O[C@](C)([C@H]1OC)n1c3c
2691,0.971636,0.0792,8.74,1.8,Cc1cc(C(=O)N2CCOCC2)[nH]c1/C=C1\C(=O)Nc2ncnc(Nc3cc
2692,0.552789,0.0745,4.98,10590.0,COc1cc2ncc(C#N)c(Nc3ccc(F)c(Cl)c3)c2cc1NC(=O)/C=C/
2693,0.590973,0.0820,5.32,4800.0,CO[C@H]1[C@@H](N(C)C(=O)c2cccc([N+](=O)[O-])c2)C[C
2694,0.654006,0.0847,5.89,1300.0,CCCCC(O)CN(C)[C@H]1C[C@@H]2O[C@](C)([C@H]1OC)n1c3c
2695,0.888889,0.0731,8.00,10.0,CS(=O)(=O)CCNCc1ccc(-c2ccc3ncnc(Nc4ccc(OCc5cccc(F)
2696,0.696401,0.0756,6.27,540.0,CS(=O)(=O)CCNc1nc(-c2ccc3ncnc(Nc4ccc(OCc5cccc(C(F)
2697,0.995401,0.0758,8.96,1.1,Cc1cc(C(=O)NCCN2CCOCC2)[nH]c1/C=C1\C(=O)Nc2ncnc(Nc
2698,0.552789,0.0867,4.98,10590.0,COc1cc2ncc(C#N)c(Nc3ccc(F)c(Cl)c3)c2cc1NC(=O)/C=C/
2699,0.654006,0.0829,5.89,1300.0,CCCCC(O)CN(C)[C@H]1C[C@@H]2O[C@](C)([C@H]1OC)n1c3c
2700,0.606215,0.0868,5.46,3500.0,CO[C@H]1[C@@H](N(C)C(=O)CNC(=O)OC(C)(C)C)C[C@@H]2O
2701,0.888889,0.0794,8.00,10.0,CS(=O)(=O)CCNCc1ccc(-c2ccc3ncnc(Nc4ccc(OCc5cccc(F)
2702,0.590573,0.0741,5.32,4840.0,CCN(CC)C(C)/C=C/C(=O)Nc1cc2c(Nc3ccc(F)c(Cl)c3)c(C#
2703,0.606215,0.0844,5.46,3500.0,CO[C@H]1[C@@H](N(C)C(=O)CNC(=O)OC(C)(C)C)C[C@@H]2O
2704,0.606215,0.0832,5.46,3500.0,CO[C@H]1[C@@H](N(C)C(=O)CNC(=O)OC(C)(C)C)C[C@@H]2O
2705,0.606215,0.0750,5.46,3500.0,CO[C@H]1[C@@H](N(C)C(=O)CNC(=O)OC(C)(C)C)C[C@@H]2O
2706,0.654006,0.0782,5.89,1300.0,CCCCC(O)CN(C)[C@H]1C[C@@H]2O[C@](C)([C@H]1OC)n1c3c
2707,0.606215,0.0781,5.46,3500.0,CO[C@H]1[C@@H](N(C)C(=O)CNC(=O)OC(C)(C)C)C[C@@H]2O
2708,0.444444,0.0783,4.00,100000.0,COC(=O)CN1Cc2c(c3c4ccccc4n4c3c3c2c2ccccc2n3[C@]2(C
2709,0.444444,0.0832,4.00,100000.0,COC(=O)CN1Cc2c(c3c4ccccc4n4c3c3c2c2ccccc2n3[C@]2(C
2710,0.606215,0.0744,5.46,3500.0,CO[C@H]1[C@@H](N(C)C(=O)CNC(=O)OC(C)(C)C)C[C@@H]2O
2711,0.552789,0.0898,4.98,10590.0,COc1cc2ncc(C#N)c(Nc3ccc(F)c(Cl)c3)c2cc1NC(=O)/C=C/
2712,1.000000,0.0735,9.35,0.5,CCN(CC)CC(O)CNC(=O)c1cc(C)c(/C=C2\C(=O)Nc3ncnc(Nc4
2713,0.995401,0.0736,8.96,1.1,Cc1cc(C(=O)NCCN2CCOCC2)[nH]c1/C=C1\C(=O)Nc2ncnc(Nc
2714,0.995401,0.0816,8.96,1.1,Cc1cc(C(=O)NCCN2CCOCC2)[nH]c1/C=C1\C(=O)Nc2ncnc(Nc
2715,0.654006,0.0842,5.89,1300.0,CCCCC(O)CN(C)[C@H]1C[C@@H]2O[C@](C)([C@H]1OC)n1c3c
2716,0.995401,0.0809,8.96,1.1,Cc1cc(C(=O)NCCN2CCOCC2)[nH]c1/C=C1\C(=O)Nc2ncnc(Nc
2717,0.606215,0.0796,5.46,3500.0,CO[C@H]1[C@@H](N(C)C(=O)CNC(=O)OC(C)(C)C)C[C@@H]2O
2718,0.552789,0.0862,4.98,10590.0,COc1cc2ncc(C#N)c(Nc3ccc(F)c(Cl)c3)c2cc1NC(=O)/C=C/
2719,0.654006,0.0768,5.89,1300.0,CCCCC(O)CN(C)[C@H]1C[C@@H]2O[C@](C)([C@H]1OC)n1c3c
2720,0.606215,0.0763,5.46,3500.0,CO[C@H]1[C@@H](N(C)C(=O)CNC(=O)OC(C)(C)C)C[C@@H]2O
2721,0.561287,0.0774,5.05,8880.0,COc1cccc(-c2ccc3c(c2)NC(=O)/C3=C\c2[nH]c3c(c2CCC(=
2722,0.606215,0.0807,5.46,3500.0,CO[C@H]1[C@@H](N(C)C(=O)CNC(=O)OC(C)(C)C)C[C@@H]2O
2723,0.696401,0.0810,6.27,540.0,CS(=O)(=O)CCNc1nc(-c2ccc3ncnc(Nc4ccc(OCc5cccc(C(F)
2724,0.606215,0.0862,5.46,3500.0,CO[C@H]1[C@@H](N(C)C(=O)CNC(=O)OC(C)(C)C)C[C@@H]2O
2725,0.444444,0.0745,4.00,100000.0,CO[C@H]1[C@@H](N(C)C(=O)c2ccccc2)C[C@@H]2O[C@@]1(C
2726,0.453333,0.0784,4.08,83176.4,COc1cc(/C=C(\C#N)C(N)=O)cc(CSc2nc3cc(Cl)ccc3s2)c1O
2727,0.590573,0.0815,5.32,4840.0,CCN(CC)C(C)/C=C/C(=O)Nc1cc2c(Nc3ccc(F)c(Cl)c3)c(C#
2728,0.606215,0.0788,5.46,3500.0,CO[C@H]1[C@@H](N(C)C(=O)CNC(=O)OC(C)(C)C)C[C@@H]2O
2729,0.552789,0.0779,4.98,10590.0,COc1cc2ncc(C#N)c(Nc3ccc(F)c(Cl)c3)c2cc1NC(=O)/C=C/
2730,0.590973,0.0750,5.32,4800.0,CO[C@H]1[C@@H](N(C)C(=O)c2cccc([N+](=O)[O-])c2)C[C
2731,0.552789,0.0857,4.98,10590.0,COc1cc2ncc(C#N)c(Nc3ccc(F)c(Cl)c3)c2cc1NC(=O)/C=C/
2732,0.590573,0.0789,5.32,4840.0,CCN(CC)C(C)/C=C/C(=O)Nc1cc2c(Nc3ccc(F)c(Cl)c3)c(C#
2733,0.794305,0.0754,7.15,71.0,CS(=O)(=O)CCNc1nc(-c2ccc3ncnc(Nc4ccc5c(cnn5Cc5cccc
2734,0.606215,0.0884,5.46,3500.0,CO[C@H]1[C@@H](N(C)C(=O)CNC(=O)OC(C)(C)C)C[C@@H]2O
2735,0.606215,0.0810,5.46,3500.0,CO[C@H]1[C@@H](N(C)C(=O)CNC(=O)OC(C)(C)C)C[C@@H]2O
2736,0.453333,0.0768,4.08,83176.4,COc1cc(/C=C(\C#N)C(N)=O)cc(CSc2nc3cc(Cl)ccc3s2)c1O
2737,0.654006,0.0852,5.89,1300.0,CCCCC(O)CN(C)[C@H]1C[C@@H]2O[C@](C)([C@H]1OC)n1c3c
2738,0.590973,0.0804,5.32,4800.0,CO[C@H]1[C@@H](N(C)C(=O)c2cccc([N+](=O)[O-])c2)C[C
2739,0.654006,0.0790,5.89,1300.0,CCCCC(O)CN(C)[C@H]1C[C@@H]2O[C@](C)([C@H]1OC)n1c3c
2740,0.552789,0.0759,4.98,10590.0,COc1cc2ncc(C#N)c(Nc3ccc(F)c(Cl)c3)c2cc1NC(=O)/C=C/
2741,0.606215,0.0818,5.46,3500.0,CO[C@H]1[C@@H](N(C)C(=O)CNC(=O)OC(C)(C)C)C[C@@H]2O
2742,0.654006,0.0832,5.89,1300.0,CCCCC(O)CN(C)[C@H]1C[C@@H]2O[C@](C)([C@H]1OC)n1c3c
2743,0.850842,0.0780,7.66,22.0,O=C1Nc2ncnc(Nc3ccc(F)c(Cl)c3)c2/C1=C/c1ccc(C(=O)NC
2744,0.995401,0.0760,8.96,1.1,Cc1cc(C(=O)NCCN2CCOCC2)[nH]c1/C=C1\C(=O)Nc2ncnc(Nc
2745,0.888889,0.0779,8.00,10.0,CS(=O)(=O)CCNCc1ccc(-c2ccc3ncnc(Nc4ccc(OCc5cccc(F)
2746,0.654006,0.0904,5.89,1300.0,CCCCC(O)CN(C)[C@H]1C[C@@H]2O[C@](C)([C@H]1OC)n1c3c
2747,0.731116,0.0741,6.58,263.0,CS(=O)(=O)CCN(CCCCOc1ccc2ncnc(Nc3ccc(OCc4ccccc4)cc
2748,0.606215,0.0773,5.46,3500.0,CO[C@H]1[C@@H](N(C)C(=O)CNC(=O)OC(C)(C)C)C[C@@H]2O
2749,0.701089,0.0739,6.31,490.0,COc1cccc(-c2cn(C3CC(CNCCO)C3)c3ncnc(N)c23)c1
2750,0.654006,0.0771,5.89,1300.0,CCCCC(O)CN(C)[C@H]1C[C@@H]2O[C@](C)([C@H]1OC)n1c3c
2751,0.654006,0.0895,5.89,1300.0,CCCCC(O)CN(C)[C@H]1C[C@@H]2O[C@](C)([C@H]1OC)n1c3c
2752,0.701089,0.0748,6.31,490.0,COc1cccc(-c2cn(C3CC(CNCCO)C3)c3ncnc(N)c23)c1
2753,0.654006,0.0717,5.89,1300.0,CCCCC(O)CN(C)[C@H]1C[C@@H]2O[C@](C)([C@H]1OC)n1c3c
2754,0.654006,0.0823,5.89,1300.0,CCCCC(O)CN(C)[C@H]1C[C@@H]2O[C@](C)([C@H]1OC)n1c3c
2755,0.606215,0.0873,5.46,3500.0,CO[C@H]1[C@@H](N(C)C(=O)CNC(=O)OC(C)(C)C)C[C@@H]2O
2756,0.606215,0.0777,5.46,3500.0,CO[C@H]1[C@@H](N(C)C(=O)CNC(=O)OC(C)(C)C)C[C@@H]2O
2757,1.000000,0.0816,9.35,0.5,CCN(CC)CC(O)CNC(=O)c1cc(C)c(/C=C2\C(=O)Nc3ncnc(Nc4
2758,0.593027,0.0816,5.34,4600.0,CO[C@H]1[C@@H](N(C)C(=O)c2cccc(Cl)c2)C[C@@H]2O[C@@
2759,0.696401,0.0764,6.27,540.0,CS(=O)(=O)CCNc1nc(-c2ccc3ncnc(Nc4ccc(OCc5cccc(C(F)
2760,0.696401,0.0750,6.27,540.0,CS(=O)(=O)CCNc1nc(-c2ccc3ncnc(Nc4ccc(OCc5cccc(C(F)
2761,0.606215,0.0832,5.46,3500.0,CO[C@H]1[C@@H](N(C)C(=O)CNC(=O)OC(C)(C)C)C[C@@H]2O
2762,0.846643,0.0786,7.62,24.0,CS(=O)(=O)CCNCCCCOc1ccc2ncnc(Nc3ccc4c(cnn4Cc4cccc(
2763,0.606215,0.0799,5.46,3500.0,CO[C@H]1[C@@H](N(C)C(=O)CNC(=O)OC(C)(C)C)C[C@@H]2O
2764,0.654006,0.0734,5.89,1300.0,CCCCC(O)CN(C)[C@H]1C[C@@H]2O[C@](C)([C@H]1OC)n1c3c
2765,0.552789,0.0726,4.98,10590.0,COc1cc2ncc(C#N)c(Nc3ccc(F)c(Cl)c3)c2cc1NC(=O)/C=C/
2766,0.888889,0.0792,8.00,10.0,CS(=O)(=O)CCNCc1ccc(-c2ccc3ncnc(Nc4ccc(OCc5cccc(F)
2767,0.590973,0.0836,5.32,4800.0,CO[C@H]1[C@@H](N(C)C(=O)c2cccc([N+](=O)[O-])c2)C[C
2768,0.654006,0.0901,5.89,1300.0,CCCCC(O)CN(C)[C@H]1C[C@@H]2O[C@](C)([C@H]1OC)n1c3c
2769,0.606215,0.0790,5.46,3500.0,CO[C@H]1[C@@H](N(C)C(=O)CNC(=O)OC(C)(C)C)C[C@@H]2O
2770,0.444444,0.0840,4.00,100000.0,CO[C@H]1[C@@H](N(C)C(=O)c2ccccc2)C[C@@H]2O[C@@]1(C
2771,0.654006,0.0821,5.89,1300.0,CCCCC(O)CN(C)[C@H]1C[C@@H]2O[C@](C)([C@H]1OC)n1c3c
2772,0.654006,0.0839,5.89,1300.0,CCCCC(O)CN(C)[C@H]1C[C@@H]2O[C@](C)([C@H]1OC)n1c3c
2773,0.654006,0.0816,5.89,1300.0,CCCCC(O)CN(C)[C@H]1C[C@@H]2O[C@](C)([C@H]1OC)n1c3c
2774,0.606215,0.0823,5.46,3500.0,CO[C@H]1[C@@H](N(C)C(=O)CNC(=O)OC(C)(C)C)C[C@@H]2O
2775,0.552789,0.0773,4.98,10590.0,COc1cc2ncc(C#N)c(Nc3ccc(F)c(Cl)c3)c2cc1NC(=O)/C=C/
2776,0.927421,0.0790,8.35,4.5,Cc1cc(C(=O)N2CCOCC2)[nH]c1/C=C1\C(=O)Nc2ncnc(Nc3cc
2777,0.552789,0.0751,4.98,10590.0,COc1cc2ncc(C#N)c(Nc3ccc(F)c(Cl)c3)c2cc1NC(=O)/C=C/
2778,0.654006,0.0806,5.89,1300.0,CCCCC(O)CN(C)[C@H]1C[C@@H]2O[C@](C)([C@H]1OC)n1c3c
2779,0.606215,0.0854,5.46,3500.0,CO[C@H]1[C@@H](N(C)C(=O)CNC(=O)OC(C)(C)C)C[C@@H]2O
2780,0.586101,0.0823,5.27,5310.0,Cc1cc(C(=O)NCCN2CCOCC2)[nH]c1/C=C1\C(=O)N(C)c2ncnc
2781,0.590973,0.0762,5.32,4800.0,CO[C@H]1[C@@H](N(C)C(=O)c2cccc([N+](=O)[O-])c2)C[C
2782,0.654006,0.0801,5.89,1300.0,CCCCC(O)CN(C)[C@H]1C[C@@H]2O[C@](C)([C@H]1OC)n1c3c
2783,0.971636,0.0777,8.74,1.8,Cc1cc(C(=O)N2CCOCC2)[nH]c1/C=C1\C(=O)Nc2ncnc(Nc3cc
2784,0.606215,0.0870,5.46,3500.0,CO[C@H]1[C@@H](N(C)C(=O)CNC(=O)OC(C)(C)C)C[C@@H]2O
2785,0.453333,0.0742,4.08,83176.4,COc1cc(/C=C(\C#N)C(N)=O)cc(CSc2nc3cc(Cl)ccc3s2)c1O
2786,0.606215,0.0804,5.46,3500.0,CO[C@H]1[C@@H](N(C)C(=O)CNC(=O)OC(C)(C)C)C[C@@H]2O
2787,0.654006,0.0823,5.89,1300.0,CCCCC(O)CN(C)[C@H]1C[C@@H]2O[C@](C)([C@H]1OC)n1c3c
2788,0.606215,0.0771,5.46,3500.0,CO[C@H]1[C@@H](N(C)C(=O)CNC(=O)OC(C)(C)C)C[C@@H]2O
2789,0.444444,0.0815,4.00,100000.0,COC(=O)CN1Cc2c(c3c4ccccc4n4c3c3c2c2ccccc2n3[C@]2(C
2790,0.606215,0.1023,5.46,3500.0,CO[C@H]1[C@@H](N(C)C(=O)CNC(=O)OC(C)(C)C)C[C@@H]2O
2791,0.980434,0.0782,8.82,1.5,C=CC(=O)Nc1cc2c(Nc3ccc(F)c(Cl)c3)ncnc2cc1OCCCN1CCO
2792,0.606215,0.0791,5.46,3500.0,CO[C@H]1[C@@H](N(C)C(=O)CNC(=O)OC(C)(C)C)C[C@@H]2O
2793,0.606215,0.0888,5.46,3500.0,CO[C@H]1[C@@H](N(C)C(=O)CNC(=O)OC(C)(C)C)C[C@@H]2O
2794,0.696401,0.0751,6.27,540.0,CS(=O)(=O)CCNc1nc(-c2ccc3ncnc(Nc4ccc(OCc5cccc(C(F)
2795,0.606215,0.0804,5.46,3500.0,CO[C@H]1[C@@H](N(C)C(=O)CNC(=O)OC(C)(C)C)C[C@@H]2O
2796,0.606215,0.0886,5.46,3500.0,CO[C@H]1[C@@H](N(C)C(=O)CNC(=O)OC(C)(C)C)C[C@@H]2O
2797,0.654006,0.0866,5.89,1300.0,CCCCC(O)CN(C)[C@H]1C[C@@H]2O[C@](C)([C@H]1OC)n1c3c
2798,0.552789,0.0815,4.98,10590.0,COc1cc2ncc(C#N)c(Nc3ccc(F)c(Cl)c3)c2cc1NC(=O)/C=C/
2799,0.606215,0.0782,5.46,3500.0,CO[C@H]1[C@@H](N(C)C(=O)CNC(=O)OC(C)(C)C)C[C@@H]2O
2800,0.680549,0.0781,6.12,750.0,COc1cccc(-c2cn(C3CCN(CC(=O)N(C)C)CC3)c3ncnc(N)c23)
2801,0.606215,0.0818,5.46,3500.0,CO[C@H]1[C@@H](N(C)C(=O)CNC(=O)OC(C)(C)C)C[C@@H]2O
2802,0.552789,0.0774,4.98,10590.0,COc1cc2ncc(C#N)c(Nc3ccc(F)c(Cl)c3)c2cc1NC(=O)/C=C/
2803,0.590973,0.0796,5.32,4800.0,CO[C@H]1[C@@H](N(C)C(=O)c2cccc([N+](=O)[O-])c2)C[C
2804,0.654006,0.0920,5.89,1300.0,CCCCC(O)CN(C)[C@H]1C[C@@H]2O[C@](C)([C@H]1OC)n1c3c
2805,0.995401,0.0738,8.96,1.1,Cc1cc(C(=O)NCCN2CCOCC2)[nH]c1/C=C1\C(=O)Nc2ncnc(Nc
2806,0.995401,0.0810,8.96,1.1,Cc1cc(C(=O)NCCN2CCOCC2)[nH]c1/C=C1\C(=O)Nc2ncnc(Nc
2807,0.888889,0.0727,8.00,10.0,CS(=O)(=O)CCNCc1ccc(-c2ccc3ncnc(Nc4ccc(OCc5cccc(F)
2808,0.696401,0.0764,6.27,540.0,CS(=O)(=O)CCNc1nc(-c2ccc3ncnc(Nc4ccc(OCc5cccc(C(F)
2809,0.606215,0.0845,5.46,3500.0,CO[C@H]1[C@@H](N(C)C(=O)CNC(=O)OC(C)(C)C)C[C@@H]2O
2810,0.654006,0.1005,5.89,1300.0,CCCCC(O)CN(C)[C@H]1C[C@@H]2O[C@](C)([C@H]1OC)n1c3c
2811,0.971636,0.0859,8.74,1.8,Cc1cc(C(=O)N2CCOCC2)[nH]c1/C=C1\C(=O)Nc2ncnc(Nc3cc
2812,0.654006,0.0738,5.89,1300.0,CCCCC(O)CN(C)[C@H]1C[C@@H]2O[C@](C)([C@H]1OC)n1c3c
2813,0.606215,0.0846,5.46,3500.0,CO[C@H]1[C@@H](N(C)C(=O)CNC(=O)OC(C)(C)C)C[C@@H]2O
2814,0.654006,0.0865,5.89,1300.0,CCCCC(O)CN(C)[C@H]1C[C@@H]2O[C@](C)([C@H]1OC)n1c3c
2815,0.606215,0.0796,5.46,3500.0,CO[C@H]1[C@@H](N(C)C(=O)CNC(=O)OC(C)(C)C)C[C@@H]2O
2816,0.654006,0.0769,5.89,1300.0,CCCCC(O)CN(C)[C@H]1C[C@@H]2O[C@](C)([C@H]1OC)n1c3c
2817,0.888889,0.0734,8.00,10.0,CS(=O)(=O)CCNCc1ccc(-c2ccc3ncnc(Nc4ccc(OCc5cccc(F)
2818,0.586101,0.0842,5.27,5310.0,Cc1cc(C(=O)NCCN2CCOCC2)[nH]c1/C=C1\C(=O)N(C)c2ncnc
2819,0.696401,0.0727,6.27,540.0,CS(=O)(=O)CCNc1nc(-c2ccc3ncnc(Nc4ccc(OCc5cccc(C(F)
2820,0.696401,0.0764,6.27,540.0,CS(=O)(=O)CCNc1nc(-c2ccc3ncnc(Nc4ccc(OCc5cccc(C(F)
2821,0.654006,0.0771,5.89,1300.0,CCCCC(O)CN(C)[C@H]1C[C@@H]2O[C@](C)([C@H]1OC)n1c3c
2822,0.927421,0.0729,8.35,4.5,Cc1cc(C(=O)N2CCOCC2)[nH]c1/C=C1\C(=O)Nc2ncnc(Nc3cc
2823,0.888889,0.0819,8.00,10.0,CS(=O)(=O)CCNCc1ccc(-c2ccc3ncnc(Nc4ccc(OCc5cccc(F)
2824,0.971636,0.0824,8.74,1.8,Cc1cc(C(=O)N2CCOCC2)[nH]c1/C=C1\C(=O)Nc2ncnc(Nc3cc
2825,0.606215,0.0898,5.46,3500.0,CO[C@H]1[C@@H](N(C)C(=O)CNC(=O)OC(C)(C)C)C[C@@H]2O
2826,0.696401,0.0737,6.27,540.0,CS(=O)(=O)CCNc1nc(-c2ccc3ncnc(Nc4ccc(OCc5cccc(C(F)
2827,0.995401,0.0744,8.96,1.1,Cc1cc(C(=O)NCCN2CCOCC2)[nH]c1/C=C1\C(=O)Nc2ncnc(Nc
2828,0.995401,0.0815,8.96,1.1,Cc1cc(C(=O)NCCN2CCOCC2)[nH]c1/C=C1\C(=O)Nc2ncnc(Nc
2829,1.000000,0.0853,9.35,0.5,CCN(CC)CC(O)CNC(=O)c1cc(C)c(/C=C2\C(=O)Nc3ncnc(Nc4
2830,0.696401,0.0807,6.27,540.0,CS(=O)(=O)CCNc1nc(-c2ccc3ncnc(Nc4ccc(OCc5cccc(C(F)
2831,0.552789,0.0867,4.98,10590.0,COc1cc2ncc(C#N)c(Nc3ccc(F)c(Cl)c3)c2cc1NC(=O)/C=C/
2832,0.654006,0.0717,5.89,1300.0,CCCCC(O)CN(C)[C@H]1C[C@@H]2O[C@](C)([C@H]1OC)n1c3c
2833,0.654006,0.0748,5.89,1300.0,CCCCC(O)CN(C)[C@H]1C[C@@H]2O[C@](C)([C@H]1OC)n1c3c
2834,0.888889,0.0733,8.00,10.0,CS(=O)(=O)CCNCc1ccc(-c2ccc3ncnc(Nc4ccc(OCc5cccc(F)
2835,0.606215,0.0802,5.46,3500.0,CO[C@H]1[C@@H](N(C)C(=O)CNC(=O)OC(C)(C)C)C[C@@H]2O
2836,0.654006,0.0814,5.89,1300.0,CCCCC(O)CN(C)[C@H]1C[C@@H]2O[C@](C)([C@H]1OC)n1c3c
2837,0.606215,0.0899,5.46,3500.0,CO[C@H]1[C@@H](N(C)C(=O)CNC(=O)OC(C)(C)C)C[C@@H]2O
2838,0.654006,0.0843,5.89,1300.0,CCCCC(O)CN(C)[C@H]1C[C@@H]2O[C@](C)([C@H]1OC)n1c3c
2839,0.696401,0.0811,6.27,540.0,CS(=O)(=O)CCNc1nc(-c2ccc3ncnc(Nc4ccc(OCc5cccc(C(F)
2840,0.552789,0.0845,4.98,10590.0,COc1cc2ncc(C#N)c(Nc3ccc(F)c(Cl)c3)c2cc1NC(=O)/C=C/
2841,0.788546,0.0785,7.10,80.0,C=CC(=O)Nc1cc2c(Nc3ccc(F)c(Cl)c3)c(C#N)cnc2cc1OCCC
2842,0.654006,0.0856,5.89,1300.0,CCCCC(O)CN(C)[C@H]1C[C@@H]2O[C@](C)([C@H]1OC)n1c3c
2843,0.586101,0.0810,5.27,5310.0,Cc1cc(C(=O)NCCN2CCOCC2)[nH]c1/C=C1\C(=O)N(C)c2ncnc
2844,0.606215,0.0777,5.46,3500.0,CO[C@H]1[C@@H](N(C)C(=O)CNC(=O)OC(C)(C)C)C[C@@H]2O
2845,0.453333,0.0869,4.08,83176.4,COc1cc(/C=C(\C#N)C(N)=O)cc(CSc2nc3cc(Cl)ccc3s2)c1O
2846,0.590573,0.0794,5.32,4840.0,CCN(CC)C(C)/C=C/C(=O)Nc1cc2c(Nc3ccc(F)c(Cl)c3)c(C#
2847,0.654006,0.0826,5.89,1300.0,CCCCC(O)CN(C)[C@H]1C[C@@H]2O[C@](C)([C@H]1OC)n1c3c
2848,0.590573,0.0777,5.32,4840.0,CCN(CC)C(C)/C=C/C(=O)Nc1cc2c(Nc3ccc(F)c(Cl)c3)c(C#
2849,0.606215,0.0736,5.46,3500.0,CO[C@H]1[C@@H](N(C)C(=O)CNC(=O)OC(C)(C)C)C[C@@H]2O
2850,0.995401,0.0703,8.96,1.1,Cc1cc(C(=O)NCCN2CCOCC2)[nH]c1/C=C1\C(=O)Nc2ncnc(Nc
2851,0.971636,0.0794,8.74,1.8,Cc1cc(C(=O)N2CCOCC2)[nH]c1/C=C1\C(=O)Nc2ncnc(Nc3cc
2852,0.593027,0.0828,5.34,4600.0,CO[C@H]1[C@@H](N(C)C(=O)c2cccc(Cl)c2)C[C@@H]2O[C@@
2853,1.000000,0.0742,9.35,0.5,CCN(CC)CC(O)CNC(=O)c1cc(C)c(/C=C2\C(=O)Nc3ncnc(Nc4
2854,0.995401,0.0778,8.96,1.1,Cc1cc(C(=O)NCCN2CCOCC2)[nH]c1/C=C1\C(=O)Nc2ncnc(Nc
2855,0.606215,0.0862,5.46,3500.0,CO[C@H]1[C@@H](N(C)C(=O)CNC(=O)OC(C)(C)C)C[C@@H]2O
2856,0.725575,0.0820,6.53,295.0,COc1cccc(-c2cn(C3CCN(CCN(C)CCO)CC3)c3ncnc(N)c23)c1
2857,0.590573,0.0700,5.32,4840.0,CCN(CC)C(C)/C=C/C(=O)Nc1cc2c(Nc3ccc(F)c(Cl)c3)c(C#
2858,0.888889,0.0735,8.00,10.0,CS(=O)(=O)CCNCc1ccc(-c2ccc3ncnc(Nc4ccc(OCc5cccc(F)
2859,0.552789,0.0823,4.98,10590.0,COc1cc2ncc(C#N)c(Nc3ccc(F)c(Cl)c3)c2cc1NC(=O)/C=C/
2860,0.606215,0.0867,5.46,3500.0,CO[C@H]1[C@@H](N(C)C(=O)CNC(=O)OC(C)(C)C)C[C@@H]2O
2861,0.540824,0.0808,4.87,13570.0,COc1cc2ncc(C#N)c(Nc3ccc(F)c(Cl)c3)c2cc1NC(=O)/C=C/
2862,0.606215,0.0757,5.46,3500.0,CO[C@H]1[C@@H](N(C)C(=O)CNC(=O)OC(C)(C)C)C[C@@H]2O
2863,0.590973,0.0949,5.32,4800.0,CO[C@H]1[C@@H](N(C)C(=O)c2cccc([N+](=O)[O-])c2)C[C
2864,0.696401,0.0794,6.27,540.0,CS(=O)(=O)CCNc1nc(-c2ccc3ncnc(Nc4ccc(OCc5cccc(C(F)
2865,0.606215,0.0793,5.46,3500.0,CO[C@H]1[C@@H](N(C)C(=O)CNC(=O)OC(C)(C)C)C[C@@H]2O
2866,0.723182,0.0752,6.51,310.0,COCCNCCN1CCC(n2cc(-c3cccc(OC)c3)c3c(N)ncnc32)CC1
2867,0.590573,0.0706,5.32,4840.0,CCN(CC)C(C)/C=C/C(=O)Nc1cc2c(Nc3ccc(F)c(Cl)c3)c(C#
2868,0.654006,0.0893,5.89,1300.0,CCCCC(O)CN(C)[C@H]1C[C@@H]2O[C@](C)([C@H]1OC)n1c3c
2869,0.606215,0.0758,5.46,3500.0,CO[C@H]1[C@@H](N(C)C(=O)CNC(=O)OC(C)(C)C)C[C@@H]2O
2870,0.606215,0.0847,5.46,3500.0,CO[C@H]1[C@@H](N(C)C(=O)CNC(=O)OC(C)(C)C)C[C@@H]2O
2871,0.696401,0.0734,6.27,540.0,CS(=O)(=O)CCNc1nc(-c2ccc3ncnc(Nc4ccc(OCc5cccc(C(F)
2872,0.696401,0.0754,6.27,540.0,CS(=O)(=O)CCNc1nc(-c2ccc3ncnc(Nc4ccc(OCc5cccc(C(F)
2873,0.654006,0.0810,5.89,1300.0,CCCCC(O)CN(C)[C@H]1C[C@@H]2O[C@](C)([C@H]1OC)n1c3c
2874,0.720165,0.0776,6.48,330.0,COc1cccc(-c2cn(C3CC(C(=O)NCCO)C3)c3ncnc(N)c23)c1
2875,0.606215,0.0786,5.46,3500.0,CO[C@H]1[C@@H](N(C)C(=O)CNC(=O)OC(C)(C)C)C[C@@H]2O
2876,0.888889,0.0809,8.00,10.0,CS(=O)(=O)CCNc1nc(-c2ccc3ncnc(Nc4ccc(OCc5cccc(F)c5
2877,0.927421,0.0779,8.35,4.5,Cc1cc(C(=O)N2CCOCC2)[nH]c1/C=C1\C(=O)Nc2ncnc(Nc3cc
2878,1.000000,0.0766,9.35,0.5,CCN(CC)CC(O)CNC(=O)c1cc(C)c(/C=C2\C(=O)Nc3ncnc(Nc4
2879,0.654006,0.0845,5.89,1300.0,CCCCC(O)CN(C)[C@H]1C[C@@H]2O[C@](C)([C@H]1OC)n1c3c
2880,0.696401,0.0778,6.27,540.0,CS(=O)(=O)CCNc1nc(-c2ccc3ncnc(Nc4ccc(OCc5cccc(C(F)
2881,0.654006,0.0794,5.89,1300.0,CCCCC(O)CN(C)[C@H]1C[C@@H]2O[C@](C)([C@H]1OC)n1c3c
2882,0.696401,0.0756,6.27,540.0,CS(=O)(=O)CCNc1nc(-c2ccc3ncnc(Nc4ccc(OCc5cccc(C(F)
2883,0.888889,0.0734,8.00,10.0,CS(=O)(=O)CCNc1nc(-c2ccc3ncnc(Nc4ccc(OCc5cccc(F)c5
2884,0.654006,0.0752,5.89,1300.0,CCCCC(O)CN(C)[C@H]1C[C@@H]2O[C@](C)([C@H]1OC)n1c3c
2885,0.995401,0.0738,8.96,1.1,Cc1cc(C(=O)NCCN2CCOCC2)[nH]c1/C=C1\C(=O)Nc2ncnc(Nc
2886,0.590573,0.0815,5.32,4840.0,CCN(CC)C(C)/C=C/C(=O)Nc1cc2c(Nc3ccc(F)c(Cl)c3)c(C#
2887,0.971636,0.0773,8.74,1.8,Cc1cc(C(=O)N2CCOCC2)[nH]c1/C=C1\C(=O)Nc2ncnc(Nc3cc
2888,0.888889,0.0830,8.00,10.0,CS(=O)(=O)CCNc1nc(-c2ccc3ncnc(Nc4ccc(OCc5cccc(F)c5
2889,0.696401,0.0766,6.27,540.0,CS(=O)(=O)CCNc1nc(-c2ccc3ncnc(Nc4ccc(OCc5cccc(C(F)
2890,0.995401,0.0800,8.96,1.1,Cc1cc(C(=O)NCCN2CCOCC2)[nH]c1/C=C1\C(=O)Nc2ncnc(Nc
2891,0.654006,0.0885,5.89,1300.0,CCCCC(O)CN(C)[C@H]1C[C@@H]2O[C@](C)([C@H]1OC)n1c3c
2892,0.654006,0.0823,5.89,1300.0,CCCCC(O)CN(C)[C@H]1C[C@@H]2O[C@](C)([C@H]1OC)n1c3c
2893,0.444444,0.0789,4.00,100000.0,COC(=O)CN1Cc2c(c3c4ccccc4n4c3c3c2c2ccccc2n3[C@]2(C
2894,0.606215,0.0980,5.46,3500.0,CO[C@H]1[C@@H](N(C)C(=O)CNC(=O)OC(C)(C)C)C[C@@H]2O
2895,0.606215,0.0781,5.46,3500.0,CO[C@H]1[C@@H](N(C)C(=O)CNC(=O)OC(C)(C)C)C[C@@H]2O
2896,0.794305,0.0769,7.15,71.0,CS(=O)(=O)CCNc1nc(-c2ccc3ncnc(Nc4ccc5c(cnn5Cc5cccc
2897,0.606215,0.0772,5.46,3500.0,CO[C@H]1[C@@H](N(C)C(=O)CNC(=O)OC(C)(C)C)C[C@@H]2O
2898,0.654006,0.0748,5.89,1300.0,CCCCC(O)CN(C)[C@H]1C[C@@H]2O[C@](C)([C@H]1OC)n1c3c
2899,0.606215,0.0797,5.46,3500.0,CO[C@H]1[C@@H](N(C)C(=O)CNC(=O)OC(C)(C)C)C[C@@H]2O
2900,0.654006,0.0812,5.89,1300.0,CCCCC(O)CN(C)[C@H]1C[C@@H]2O[C@](C)([C@H]1OC)n1c3c
2901,0.654006,0.0885,5.89,1300.0,CCCCC(O)CN(C)[C@H]1C[C@@H]2O[C@](C)([C@H]1OC)n1c3c
2902,0.701089,0.0758,6.31,490.0,COc1cccc(-c2cn(C3CC(CNCCO)C3)c3ncnc(N)c23)c1
2903,0.606215,0.0792,5.46,3500.0,CO[C@H]1[C@@H](N(C)C(=O)CNC(=O)OC(C)(C)C)C[C@@H]2O
2904,0.606215,0.0923,5.46,3500.0,CO[C@H]1[C@@H](N(C)C(=O)CNC(=O)OC(C)(C)C)C[C@@H]2O
2905,0.590973,0.0783,5.32,4800.0,CO[C@H]1[C@@H](N(C)C(=O)c2cccc([N+](=O)[O-])c2)C[C
2906,0.606215,0.0804,5.46,3500.0,CO[C@H]1[C@@H](N(C)C(=O)CNC(=O)OC(C)(C)C)C[C@@H]2O
2907,0.654006,0.0876,5.89,1300.0,CCCCC(O)CN(C)[C@H]1C[C@@H]2O[C@](C)([C@H]1OC)n1c3c
2908,1.000000,0.0762,9.35,0.5,CCN(CC)CC(O)CNC(=O)c1cc(C)c(/C=C2\C(=O)Nc3ncnc(Nc4
2909,0.586101,0.0754,5.27,5310.0,Cc1cc(C(=O)NCCN2CCOCC2)[nH]c1/C=C1\C(=O)N(C)c2ncnc
2910,0.590573,0.0816,5.32,4840.0,CCN(CC)C(C)/C=C/C(=O)Nc1cc2c(Nc3ccc(F)c(Cl)c3)c(C#
2911,0.654006,0.0816,5.89,1300.0,CCCCC(O)CN(C)[C@H]1C[C@@H]2O[C@](C)([C@H]1OC)n1c3c
2912,0.654006,0.0848,5.89,1300.0,CCCCC(O)CN(C)[C@H]1C[C@@H]2O[C@](C)([C@H]1OC)n1c3c
2913,0.995401,0.0768,8.96,1.1,Cc1cc(C(=O)NCCN2CCOCC2)[nH]c1/C=C1\C(=O)Nc2ncnc(Nc
2914,0.696401,0.0773,6.27,540.0,CS(=O)(=O)CCNc1nc(-c2ccc3ncnc(Nc4ccc(OCc5cccc(C(F)
2915,0.540824,0.0839,4.87,13570.0,COc1cc2ncc(C#N)c(Nc3ccc(F)c(Cl)c3)c2cc1NC(=O)/C=C/
2916,0.606215,0.0884,5.46,3500.0,CO[C@H]1[C@@H](N(C)C(=O)CNC(=O)OC(C)(C)C)C[C@@H]2O
2917,0.654006,0.0879,5.89,1300.0,CCCCC(O)CN(C)[C@H]1C[C@@H]2O[C@](C)([C@H]1OC)n1c3c
2918,0.654006,0.0826,5.89,1300.0,CCCCC(O)CN(C)[C@H]1C[C@@H]2O[C@](C)([C@H]1OC)n1c3c
2919,0.590973,0.0820,5.32,4800.0,CO[C@H]1[C@@H](N(C)C(=O)c2cccc([N+](=O)[O-])c2)C[C
2920,0.654006,0.0719,5.89,1300.0,CCCCC(O)CN(C)[C@H]1C[C@@H]2O[C@](C)([C@H]1OC)n1c3c
2921,1.000000,0.0769,9.35,0.5,CCN(CC)CC(O)CNC(=O)c1cc(C)c(/C=C2\C(=O)Nc3ncnc(Nc4
2922,0.606215,0.0804,5.46,3500.0,CO[C@H]1[C@@H](N(C)C(=O)CNC(=O)OC(C)(C)C)C[C@@H]2O
2923,0.654006,0.0814,5.89,1300.0,CCCCC(O)CN(C)[C@H]1C[C@@H]2O[C@](C)([C@H]1OC)n1c3c
2924,0.654006,0.0767,5.89,1300.0,CCCCC(O)CN(C)[C@H]1C[C@@H]2O[C@](C)([C@H]1OC)n1c3c
2925,0.696401,0.0754,6.27,540.0,CS(=O)(=O)CCNc1nc(-c2ccc3ncnc(Nc4ccc(OCc5cccc(C(F)
2926,0.606215,0.0795,5.46,3500.0,CO[C@H]1[C@@H](N(C)C(=O)CNC(=O)OC(C)(C)C)C[C@@H]2O
2927,0.995401,0.0816,8.96,1.1,Cc1cc(C(=O)NCCN2CCOCC2)[nH]c1/C=C1\C(=O)Nc2ncnc(Nc
2928,0.586101,0.0758,5.27,5310.0,Cc1cc(C(=O)NCCN2CCOCC2)[nH]c1/C=C1\C(=O)N(C)c2ncnc
2929,0.888889,0.0870,8.00,10.0,CS(=O)(=O)CCNc1nc(-c2ccc3ncnc(Nc4ccc(OCc5cccc(F)c5
2930,0.606215,0.0794,5.46,3500.0,CO[C@H]1[C@@H](N(C)C(=O)CNC(=O)OC(C)(C)C)C[C@@H]2O
2931,0.590973,0.0822,5.32,4800.0,CO[C@H]1[C@@H](N(C)C(=O)c2cccc([N+](=O)[O-])c2)C[C
2932,0.590573,0.0811,5.32,4840.0,CCN(CC)C(C)/C=C/C(=O)Nc1cc2c(Nc3ccc(F)c(Cl)c3)c(C#
2933,0.606215,0.0794,5.46,3500.0,CO[C@H]1[C@@H](N(C)C(=O)CNC(=O)OC(C)(C)C)C[C@@H]2O
2934,0.696401,0.0766,6.27,540.0,CS(=O)(=O)CCNc1nc(-c2ccc3ncnc(Nc4ccc(OCc5cccc(C(F)
2935,0.696401,0.0815,6.27,540.0,CS(=O)(=O)CCNc1nc(-c2ccc3ncnc(Nc4ccc(OCc5cccc(C(F)
2936,0.606215,0.0732,5.46,3500.0,CO[C@H]1[C@@H](N(C)C(=O)CNC(=O)OC(C)(C)C)C[C@@H]2O
2937,0.675658,0.0786,6.08,830.0,COC(=O)CN1CCC(n2cc(-c3cccc(OC)c3)c3c(N)ncnc32)C1
2938,0.565250,0.0818,5.09,8180.0,CO[C@H]1[C@@H](N(C)C(=O)c2cccnc2)C[C@@H]2O[C@@]1(C
2939,0.654006,0.0857,5.89,1300.0,CCCCC(O)CN(C)[C@H]1C[C@@H]2O[C@](C)([C@H]1OC)n1c3c
2940,0.927421,0.0776,8.35,4.5,Cc1cc(C(=O)N2CCOCC2)[nH]c1/C=C1\C(=O)Nc2ncnc(Nc3cc
2941,0.444444,0.0789,4.00,100000.0,COC(=O)CN1Cc2c(c3c4ccccc4n4c3c3c2c2ccccc2n3[C@]2(C
2942,0.654006,0.0807,5.89,1300.0,CCCCC(O)CN(C)[C@H]1C[C@@H]2O[C@](C)([C@H]1OC)n1c3c
2943,0.606215,0.0822,5.46,3500.0,CO[C@H]1[C@@H](N(C)C(=O)CNC(=O)OC(C)(C)C)C[C@@H]2O
2944,0.995401,0.0808,8.96,1.1,Cc1cc(C(=O)NCCN2CCOCC2)[nH]c1/C=C1\C(=O)Nc2ncnc(Nc
2945,0.444444,0.0812,4.00,100000.0,COC(=O)CN1Cc2c(c3c4ccccc4n4c3c3c2c2ccccc2n3[C@]2(C
2946,0.606215,0.0826,5.46,3500.0,CO[C@H]1[C@@H](N(C)C(=O)CNC(=O)OC(C)(C)C)C[C@@H]2O
2947,0.696401,0.0765,6.27,540.0,CS(=O)(=O)CCNc1nc(-c2ccc3ncnc(Nc4ccc(OCc5cccc(C(F)
2948,0.654006,0.0850,5.89,1300.0,CCCCC(O)CN(C)[C@H]1C[C@@H]2O[C@](C)([C@H]1OC)n1c3c
2949,0.675658,0.0757,6.08,830.0,COC(=O)CN1CCC(n2cc(-c3cccc(OC)c3)c3c(N)ncnc32)C1
2950,0.888889,0.0829,8.00,10.0,CS(=O)(=O)CCNc1nc(-c2ccc3ncnc(Nc4ccc(OCc5cccc(F)c5
2951,0.561287,0.0793,5.05,8880.0,COc1cccc(-c2ccc3c(c2)NC(=O)/C3=C\c2[nH]c3c(c2CCC(=
2952,0.606215,0.0773,5.46,3500.0,CO[C@H]1[C@@H](N(C)C(=O)CNC(=O)OC(C)(C)C)C[C@@H]2O
2953,0.654006,0.0860,5.89,1300.0,CCCCC(O)CN(C)[C@H]1C[C@@H]2O[C@](C)([C@H]1OC)n1c3c
2954,0.565250,0.0701,5.09,8180.0,CO[C@H]1[C@@H](N(C)C(=O)c2cccnc2)C[C@@H]2O[C@@]1(C
2955,0.606215,0.0881,5.46,3500.0,CO[C@H]1[C@@H](N(C)C(=O)CNC(=O)OC(C)(C)C)C[C@@H]2O
2956,0.606215,0.0778,5.46,3500.0,CO[C@H]1[C@@H](N(C)C(=O)CNC(=O)OC(C)(C)C)C[C@@H]2O
2957,0.606215,0.0901,5.46,3500.0,CO[C@H]1[C@@H](N(C)C(=O)CNC(=O)OC(C)(C)C)C[C@@H]2O
2958,0.606215,0.0846,5.46,3500.0,CO[C@H]1[C@@H](N(C)C(=O)CNC(=O)OC(C)(C)C)C[C@@H]2O
2959,0.654006,0.0865,5.89,1300.0,CCCCC(O)CN(C)[C@H]1C[C@@H]2O[C@](C)([C@H]1OC)n1c3c
2960,0.995401,0.0763,8.96,1.1,Cc1cc(C(=O)NCCN2CCOCC2)[nH]c1/C=C1\C(=O)Nc2ncnc(Nc
2961,0.670169,0.0736,6.03,930.0,COCCN(C)CCN1CCC(n2cc(-c3cccc(OC)c3)c3c(N)ncnc32)CC
2962,0.606215,0.1019,5.46,3500.0,CO[C@H]1[C@@H](N(C)C(=O)CNC(=O)OC(C)(C)C)C[C@@H]2O
2963,0.696401,0.0739,6.27,540.0,CS(=O)(=O)CCNc1nc(-c2ccc3ncnc(Nc4ccc(OCc5cccc(C(F)
2964,0.876229,0.0802,7.89,13.0,CCN1CCN(C(=O)c2cc(C)c(/C=C3\C(=O)Nc4ncnc(Nc5ccc(F)
2965,0.453333,0.0782,4.08,83176.4,COc1cc(/C=C(\C#N)C(N)=O)cc(CSc2nc3cc(Cl)ccc3s2)c1O
2966,0.606215,0.0886,5.46,3500.0,CO[C@H]1[C@@H](N(C)C(=O)CNC(=O)OC(C)(C)C)C[C@@H]2O
2967,0.927421,0.0809,8.35,4.5,Cc1cc(C(=O)N2CCOCC2)[nH]c1/C=C1\C(=O)Nc2ncnc(Nc3cc
2968,0.606215,0.0791,5.46,3500.0,CO[C@H]1[C@@H](N(C)C(=O)CNC(=O)OC(C)(C)C)C[C@@H]2O
2969,0.552789,0.0779,4.98,10590.0,COc1cc2ncc(C#N)c(Nc3ccc(F)c(Cl)c3)c2cc1NC(=O)/C=C/
2970,0.444444,0.0779,4.00,100000.0,COC(=O)CN1Cc2c(c3c4ccccc4n4c3c3c2c2ccccc2n3[C@]2(C
2971,0.876229,0.0772,7.89,13.0,CCN1CCN(C(=O)c2cc(C)c(/C=C3\C(=O)Nc4ncnc(Nc5ccc(F)
2972,0.927421,0.0772,8.35,4.5,Cc1cc(C(=O)N2CCOCC2)[nH]c1/C=C1\C(=O)Nc2ncnc(Nc3cc
2973,0.586101,0.0774,5.27,5310.0,Cc1cc(C(=O)NCCN2CCOCC2)[nH]c1/C=C1\C(=O)N(C)c2ncnc
2974,0.590973,0.0833,5.32,4800.0,CO[C@H]1[C@@H](N(C)C(=O)c2cccc([N+](=O)[O-])c2)C[C
2975,0.680549,0.0787,6.12,750.0,COc1cccc(-c2cn(C3CCN(CC(=O)N(C)C)CC3)c3ncnc(N)c23)
2976,0.696401,0.0821,6.27,540.0,CS(=O)(=O)CCNc1nc(-c2ccc3ncnc(Nc4ccc(OCc5cccc(C(F)
2977,0.606215,0.0846,5.46,3500.0,CO[C@H]1[C@@H](N(C)C(=O)CNC(=O)OC(C)(C)C)C[C@@H]2O
2978,0.606215,0.0895,5.46,3500.0,CO[C@H]1[C@@H](N(C)C(=O)CNC(=O)OC(C)(C)C)C[C@@H]2O
2979,0.794305,0.0821,7.15,71.0,CS(=O)(=O)CCNc1nc(-c2ccc3ncnc(Nc4ccc5c(cnn5Cc5cccc
2980,1.000000,0.0768,9.35,0.5,CCN(CC)CC(O)CNC(=O)c1cc(C)c(/C=C2\C(=O)Nc3ncnc(Nc4
2981,0.552789,0.0759,4.98,10590.0,COc1cc2ncc(C#N)c(Nc3ccc(F)c(Cl)c3)c2cc1NC(=O)/C=C/
2982,0.654006,0.0838,5.89,1300.0,CCCCC(O)CN(C)[C@H]1C[C@@H]2O[C@](C)([C@H]1OC)n1c3c
2983,0.654006,0.0814,5.89,1300.0,CCCCC(O)CN(C)[C@H]1C[C@@H]2O[C@](C)([C@H]1OC)n1c3c
2984,0.654006,0.0835,5.89,1300.0,CCCCC(O)CN(C)[C@H]1C[C@@H]2O[C@](C)([C@H]1OC)n1c3c
2985,0.606215,0.0886,5.46,3500.0,CO[C@H]1[C@@H](N(C)C(=O)CNC(=O)OC(C)(C)C)C[C@@H]2O
2986,0.453333,0.0756,4.08,83176.4,COc1cc(/C=C(\C#N)C(N)=O)cc(CSc2nc3cc(Cl)ccc3s2)c1O
2987,0.744330,0.0807,6.70,200.0,CCN(CC)CCNC(=O)c1c(C)[nH]c(/C=C2\C(=O)Nc3ncnc(Nc4c
2988,0.696401,0.0779,6.27,540.0,CS(=O)(=O)CCNc1nc(-c2ccc3ncnc(Nc4ccc(OCc5cccc(C(F)
2989,0.590973,0.0835,5.32,4800.0,CO[C@H]1[C@@H](N(C)C(=O)c2cccc([N+](=O)[O-])c2)C[C
2990,0.590973,0.0822,5.32,4800.0,CO[C@H]1[C@@H](N(C)C(=O)c2cccc([N+](=O)[O-])c2)C[C
2991,0.654006,0.0763,5.89,1300.0,CCCCC(O)CN(C)[C@H]1C[C@@H]2O[C@](C)([C@H]1OC)n1c3c
2992,0.593027,0.0779,5.34,4600.0,CO[C@H]1[C@@H](N(C)C(=O)c2cccc(Cl)c2)C[C@@H]2O[C@@
2993,0.654006,0.0852,5.89,1300.0,CCCCC(O)CN(C)[C@H]1C[C@@H]2O[C@](C)([C@H]1OC)n1c3c
2994,0.696401,0.0771,6.27,540.0,CS(=O)(=O)CCNc1nc(-c2ccc3ncnc(Nc4ccc(OCc5cccc(C(F)
2995,0.888889,0.0704,8.00,10.0,CS(=O)(=O)CCNc1nc(-c2ccc3ncnc(Nc4ccc(OCc5cccc(F)c5
2996,0.552789,0.0778,4.98,10590.0,COc1cc2ncc(C#N)c(Nc3ccc(F)c(Cl)c3)c2cc1NC(=O)/C=C/
2997,0.586101,0.0761,5.27,5310.0,Cc1cc(C(=O)NCCN2CCOCC2)[nH]c1/C=C1\C(=O)N(C)c2ncnc
2998,0.927421,0.0831,8.35,4.5,Cc1cc(C(=O)N2CCOCC2)[nH]c1/C=C1\C(=O)Nc2ncnc(Nc3cc
2999,0.606215,0.0746,5.46,3500.0,CO[C@H]1[C@@H](N(C)C(=O)CNC(=O)OC(C)(C)C)C[C@@H]2O
3000,0.552789,0.0925,4.98,10590.0,COc1cc2ncc(C#N)c(Nc3ccc(F)c(Cl)c3)c2cc1NC(=O)/C=C/
